0.6052631578947368	0	19	2010	2013	3	19
0.0	1	19	2010	2013	3	18
0.0	2	19	2010	2013	3	17
0.13157894736842105	3	19	2010	2013	3	16
0.02631578947368421	4	19	2010	2013	3	15
0.0	5	19	2010	2013	3	14
0.0	6	19	2010	2013	3	13
0.0	7	19	2010	2013	3	12
0.013157894736842105	8	19	2010	2013	3	11
0.0	9	19	2010	2013	3	10
0.0	10	19	2010	2013	3	9
0.0	11	19	2010	2013	3	8
0.0	12	19	2010	2013	3	7
0.0	13	19	2010	2013	3	6
0.0	14	19	2010	2013	3	5
0.0	15	19	2010	2013	3	4
0.0	16	19	2010	2013	3	3
0.0	17	19	2010	2013	3	2
0.0	18	19	2010	2013	3	1
0.0	19	19	2010	2013	3	0
0.0	20	19	2010	2013	3	-1
0.05263157894736842	21	19	2010	2013	3	-2
0.02631578947368421	22	19	2010	2013	3	-3
0.06578947368421052	23	19	2010	2013	3	-4
0.05263157894736842	24	19	2010	2013	3	-5
0.0	25	19	2010	2013	3	-6
0.013157894736842105	26	19	2010	2013	3	-7
0.0	27	19	2010	2013	3	-8
0.013157894736842105	28	19	2010	2013	3	-9
0.0	29	19	2010	2013	3	-10
0.6764705882352942	0	19	2011	2013	2	19
0.0	1	19	2011	2013	2	18
0.0	2	19	2011	2013	2	17
0.0	3	19	2011	2013	2	16
0.0	4	19	2011	2013	2	15
0.0	5	19	2011	2013	2	14
0.0	6	19	2011	2013	2	13
0.029411764705882353	7	19	2011	2013	2	12
0.029411764705882353	8	19	2011	2013	2	11
0.0	9	19	2011	2013	2	10
0.0	10	19	2011	2013	2	9
0.0	11	19	2011	2013	2	8
0.0	12	19	2011	2013	2	7
0.0	13	19	2011	2013	2	6
0.029411764705882353	14	19	2011	2013	2	5
0.029411764705882353	15	19	2011	2013	2	4
0.11764705882352941	16	19	2011	2013	2	3
0.0	17	19	2011	2013	2	2
0.0	18	19	2011	2013	2	1
0.0	19	19	2011	2013	2	0
0.0	20	19	2011	2013	2	-1
0.029411764705882353	21	19	2011	2013	2	-2
0.0	22	19	2011	2013	2	-3
0.029411764705882353	23	19	2011	2013	2	-4
0.0	24	19	2011	2013	2	-5
0.0	25	19	2011	2013	2	-6
0.0	26	19	2011	2013	2	-7
0.029411764705882353	27	19	2011	2013	2	-8
0.0	28	19	2011	2013	2	-9
0.0	29	19	2011	2013	2	-10
0.8947368421052632	0	19	2012	2013	1	19
0.0	1	19	2012	2013	1	18
0.0	2	19	2012	2013	1	17
0.0	3	19	2012	2013	1	16
0.05263157894736842	4	19	2012	2013	1	15
0.0	5	19	2012	2013	1	14
0.0	6	19	2012	2013	1	13
0.0	7	19	2012	2013	1	12
0.0	8	19	2012	2013	1	11
0.0	9	19	2012	2013	1	10
0.0	10	19	2012	2013	1	9
0.0	11	19	2012	2013	1	8
0.0	12	19	2012	2013	1	7
0.0	13	19	2012	2013	1	6
0.0	14	19	2012	2013	1	5
0.0	15	19	2012	2013	1	4
0.05263157894736842	16	19	2012	2013	1	3
0.0	17	19	2012	2013	1	2
0.0	18	19	2012	2013	1	1
0.0	19	19	2012	2013	1	0
0.0	20	19	2012	2013	1	-1
0.0	21	19	2012	2013	1	-2
0.0	22	19	2012	2013	1	-3
0.0	23	19	2012	2013	1	-4
0.0	24	19	2012	2013	1	-5
0.0	25	19	2012	2013	1	-6
0.0	26	19	2012	2013	1	-7
0.0	27	19	2012	2013	1	-8
0.0	28	19	2012	2013	1	-9
0.0	29	19	2012	2013	1	-10
0.0	0	19	2013	2013	0	19
0.0	1	19	2013	2013	0	18
0.0	2	19	2013	2013	0	17
0.0	3	19	2013	2013	0	16
0.0	4	19	2013	2013	0	15
0.0	5	19	2013	2013	0	14
0.0	6	19	2013	2013	0	13
0.0	7	19	2013	2013	0	12
0.0	8	19	2013	2013	0	11
0.0	9	19	2013	2013	0	10
0.0	10	19	2013	2013	0	9
0.0	11	19	2013	2013	0	8
0.0	12	19	2013	2013	0	7
0.0	13	19	2013	2013	0	6
0.0	14	19	2013	2013	0	5
0.0	15	19	2013	2013	0	4
0.0	16	19	2013	2013	0	3
0.0	17	19	2013	2013	0	2
0.0	18	19	2013	2013	0	1
0.0	19	19	2013	2013	0	0
0.0	20	19	2013	2013	0	-1
1.0	21	19	2013	2013	0	-2
0.0	22	19	2013	2013	0	-3
0.0	23	19	2013	2013	0	-4
0.0	24	19	2013	2013	0	-5
0.0	25	19	2013	2013	0	-6
0.0	26	19	2013	2013	0	-7
0.0	27	19	2013	2013	0	-8
0.0	28	19	2013	2013	0	-9
0.0	29	19	2013	2013	0	-10
1.0	0	19	2014	2013	-1	19
0.0	1	19	2014	2013	-1	18
0.0	2	19	2014	2013	-1	17
0.0	3	19	2014	2013	-1	16
0.0	4	19	2014	2013	-1	15
0.0	5	19	2014	2013	-1	14
0.0	6	19	2014	2013	-1	13
0.0	7	19	2014	2013	-1	12
0.0	8	19	2014	2013	-1	11
0.0	9	19	2014	2013	-1	10
0.0	10	19	2014	2013	-1	9
0.0	11	19	2014	2013	-1	8
0.0	12	19	2014	2013	-1	7
0.0	13	19	2014	2013	-1	6
0.0	14	19	2014	2013	-1	5
0.0	15	19	2014	2013	-1	4
0.0	16	19	2014	2013	-1	3
0.0	17	19	2014	2013	-1	2
0.0	18	19	2014	2013	-1	1
0.0	19	19	2014	2013	-1	0
0.0	20	19	2014	2013	-1	-1
0.0	21	19	2014	2013	-1	-2
0.0	22	19	2014	2013	-1	-3
0.0	23	19	2014	2013	-1	-4
0.0	24	19	2014	2013	-1	-5
0.0	25	19	2014	2013	-1	-6
0.0	26	19	2014	2013	-1	-7
0.0	27	19	2014	2013	-1	-8
0.0	28	19	2014	2013	-1	-9
0.0	29	19	2014	2013	-1	-10
0.1	0	19	2015	2013	-2	19
0.0	1	19	2015	2013	-2	18
0.0	2	19	2015	2013	-2	17
0.0	3	19	2015	2013	-2	16
0.0	4	19	2015	2013	-2	15
0.0	5	19	2015	2013	-2	14
0.0	6	19	2015	2013	-2	13
0.0	7	19	2015	2013	-2	12
0.0	8	19	2015	2013	-2	11
0.55	9	19	2015	2013	-2	10
0.1	10	19	2015	2013	-2	9
0.0	11	19	2015	2013	-2	8
0.0	12	19	2015	2013	-2	7
0.0	13	19	2015	2013	-2	6
0.1	14	19	2015	2013	-2	5
0.0	15	19	2015	2013	-2	4
0.0	16	19	2015	2013	-2	3
0.0	17	19	2015	2013	-2	2
0.0	18	19	2015	2013	-2	1
0.0	19	19	2015	2013	-2	0
0.05	20	19	2015	2013	-2	-1
0.1	21	19	2015	2013	-2	-2
0.0	22	19	2015	2013	-2	-3
0.0	23	19	2015	2013	-2	-4
0.0	24	19	2015	2013	-2	-5
0.0	25	19	2015	2013	-2	-6
0.0	26	19	2015	2013	-2	-7
0.0	27	19	2015	2013	-2	-8
0.0	28	19	2015	2013	-2	-9
0.0	29	19	2015	2013	-2	-10
0.5263157894736842	0	19	2016	2013	-3	19
0.0	1	19	2016	2013	-3	18
0.0	2	19	2016	2013	-3	17
0.0	3	19	2016	2013	-3	16
0.0	4	19	2016	2013	-3	15
0.0	5	19	2016	2013	-3	14
0.0	6	19	2016	2013	-3	13
0.0	7	19	2016	2013	-3	12
0.0	8	19	2016	2013	-3	11
0.2631578947368421	9	19	2016	2013	-3	10
0.0	10	19	2016	2013	-3	9
0.05263157894736842	11	19	2016	2013	-3	8
0.0	12	19	2016	2013	-3	7
0.0	13	19	2016	2013	-3	6
0.0	14	19	2016	2013	-3	5
0.10526315789473684	15	19	2016	2013	-3	4
0.0	16	19	2016	2013	-3	3
0.0	17	19	2016	2013	-3	2
0.0	18	19	2016	2013	-3	1
0.0	19	19	2016	2013	-3	0
0.0	20	19	2016	2013	-3	-1
0.0	21	19	2016	2013	-3	-2
0.0	22	19	2016	2013	-3	-3
0.05263157894736842	23	19	2016	2013	-3	-4
0.0	24	19	2016	2013	-3	-5
0.0	25	19	2016	2013	-3	-6
0.0	26	19	2016	2013	-3	-7
0.0	27	19	2016	2013	-3	-8
0.0	28	19	2016	2013	-3	-9
0.0	29	19	2016	2013	-3	-10
0.0	0	19	2017	2013	-4	19
0.0	1	19	2017	2013	-4	18
0.0	2	19	2017	2013	-4	17
0.0	3	19	2017	2013	-4	16
0.0	4	19	2017	2013	-4	15
0.0	5	19	2017	2013	-4	14
0.0	6	19	2017	2013	-4	13
0.0	7	19	2017	2013	-4	12
0.2	8	19	2017	2013	-4	11
0.4	9	19	2017	2013	-4	10
0.2	10	19	2017	2013	-4	9
0.0	11	19	2017	2013	-4	8
0.0	12	19	2017	2013	-4	7
0.0	13	19	2017	2013	-4	6
0.2	14	19	2017	2013	-4	5
0.0	15	19	2017	2013	-4	4
0.0	16	19	2017	2013	-4	3
0.0	17	19	2017	2013	-4	2
0.0	18	19	2017	2013	-4	1
0.0	19	19	2017	2013	-4	0
0.0	20	19	2017	2013	-4	-1
0.0	21	19	2017	2013	-4	-2
0.0	22	19	2017	2013	-4	-3
0.0	23	19	2017	2013	-4	-4
0.0	24	19	2017	2013	-4	-5
0.0	25	19	2017	2013	-4	-6
0.0	26	19	2017	2013	-4	-7
0.0	27	19	2017	2013	-4	-8
0.0	28	19	2017	2013	-4	-9
0.0	29	19	2017	2013	-4	-10
0.008403361344537815	0	19	2018	2013	-5	19
0.0	1	19	2018	2013	-5	18
0.0	2	19	2018	2013	-5	17
0.0	3	19	2018	2013	-5	16
0.0	4	19	2018	2013	-5	15
0.0	5	19	2018	2013	-5	14
0.0	6	19	2018	2013	-5	13
0.0	7	19	2018	2013	-5	12
0.0	8	19	2018	2013	-5	11
0.05042016806722689	9	19	2018	2013	-5	10
0.0	10	19	2018	2013	-5	9
0.008403361344537815	11	19	2018	2013	-5	8
0.0	12	19	2018	2013	-5	7
0.0	13	19	2018	2013	-5	6
0.046218487394957986	14	19	2018	2013	-5	5
0.037815126050420166	15	19	2018	2013	-5	4
0.3403361344537815	16	19	2018	2013	-5	3
0.008403361344537815	17	19	2018	2013	-5	2
0.025210084033613446	18	19	2018	2013	-5	1
0.03361344537815126	19	19	2018	2013	-5	0
0.02100840336134454	20	19	2018	2013	-5	-1
0.3067226890756303	21	19	2018	2013	-5	-2
0.025210084033613446	22	19	2018	2013	-5	-3
0.058823529411764705	23	19	2018	2013	-5	-4
0.004201680672268907	24	19	2018	2013	-5	-5
0.0	25	19	2018	2013	-5	-6
0.025210084033613446	26	19	2018	2013	-5	-7
0.0	27	19	2018	2013	-5	-8
0.0	28	19	2018	2013	-5	-9
0.0	29	19	2018	2013	-5	-10
0.007168458781362007	0	19	2019	2013	-6	19
0.0	1	19	2019	2013	-6	18
0.0	2	19	2019	2013	-6	17
0.0	3	19	2019	2013	-6	16
0.0	4	19	2019	2013	-6	15
0.0	5	19	2019	2013	-6	14
0.0	6	19	2019	2013	-6	13
0.0	7	19	2019	2013	-6	12
0.0	8	19	2019	2013	-6	11
0.0	9	19	2019	2013	-6	10
0.0	10	19	2019	2013	-6	9
0.0	11	19	2019	2013	-6	8
0.0	12	19	2019	2013	-6	7
0.0	13	19	2019	2013	-6	6
0.0035842293906810036	14	19	2019	2013	-6	5
0.0	15	19	2019	2013	-6	4
0.06810035842293907	16	19	2019	2013	-6	3
0.0035842293906810036	17	19	2019	2013	-6	2
0.0	18	19	2019	2013	-6	1
0.0035842293906810036	19	19	2019	2013	-6	0
0.035842293906810034	20	19	2019	2013	-6	-1
0.6487455197132617	21	19	2019	2013	-6	-2
0.08243727598566308	22	19	2019	2013	-6	-3
0.12186379928315412	23	19	2019	2013	-6	-4
0.0	24	19	2019	2013	-6	-5
0.0	25	19	2019	2013	-6	-6
0.021505376344086023	26	19	2019	2013	-6	-7
0.0035842293906810036	27	19	2019	2013	-6	-8
0.0	28	19	2019	2013	-6	-9
0.0	29	19	2019	2013	-6	-10
0.008830022075055188	0	19	2020	2013	-7	19
0.0	1	19	2020	2013	-7	18
0.0	2	19	2020	2013	-7	17
0.0	3	19	2020	2013	-7	16
0.0	4	19	2020	2013	-7	15
0.0	5	19	2020	2013	-7	14
0.0	6	19	2020	2013	-7	13
0.0	7	19	2020	2013	-7	12
0.0	8	19	2020	2013	-7	11
0.0	9	19	2020	2013	-7	10
0.0	10	19	2020	2013	-7	9
0.0	11	19	2020	2013	-7	8
0.0	12	19	2020	2013	-7	7
0.0	13	19	2020	2013	-7	6
0.002207505518763797	14	19	2020	2013	-7	5
0.002207505518763797	15	19	2020	2013	-7	4
0.002207505518763797	16	19	2020	2013	-7	3
0.004415011037527594	17	19	2020	2013	-7	2
0.0	18	19	2020	2013	-7	1
0.0	19	19	2020	2013	-7	0
0.024282560706401765	20	19	2020	2013	-7	-1
0.6843267108167771	21	19	2020	2013	-7	-2
0.02869757174392936	22	19	2020	2013	-7	-3
0.08830022075055188	23	19	2020	2013	-7	-4
0.05518763796909492	24	19	2020	2013	-7	-5
0.006622516556291391	25	19	2020	2013	-7	-6
0.013245033112582781	26	19	2020	2013	-7	-7
0.002207505518763797	27	19	2020	2013	-7	-8
0.0772626931567329	28	19	2020	2013	-7	-9
0.0	29	19	2020	2013	-7	-10
0.024602026049204053	0	19	2021	2013	-8	19
0.0	1	19	2021	2013	-8	18
0.0	2	19	2021	2013	-8	17
0.0	3	19	2021	2013	-8	16
0.0	4	19	2021	2013	-8	15
0.0	5	19	2021	2013	-8	14
0.0	6	19	2021	2013	-8	13
0.0	7	19	2021	2013	-8	12
0.0	8	19	2021	2013	-8	11
0.0	9	19	2021	2013	-8	10
0.0	10	19	2021	2013	-8	9
0.0	11	19	2021	2013	-8	8
0.0	12	19	2021	2013	-8	7
0.0	13	19	2021	2013	-8	6
0.0	14	19	2021	2013	-8	5
0.0	15	19	2021	2013	-8	4
0.0	16	19	2021	2013	-8	3
0.0	17	19	2021	2013	-8	2
0.0	18	19	2021	2013	-8	1
0.001447178002894356	19	19	2021	2013	-8	0
0.013024602026049204	20	19	2021	2013	-8	-1
0.7047756874095513	21	19	2021	2013	-8	-2
0.06801736613603473	22	19	2021	2013	-8	-3
0.0955137481910275	23	19	2021	2013	-8	-4
0.03183791606367583	24	19	2021	2013	-8	-5
0.010130246020260492	25	19	2021	2013	-8	-6
0.03762662807525326	26	19	2021	2013	-8	-7
0.001447178002894356	27	19	2021	2013	-8	-8
0.011577424023154847	28	19	2021	2013	-8	-9
0.0	29	19	2021	2013	-8	-10
0.0445906432748538	0	21	2010	2014	4	21
0.023391812865497075	1	21	2010	2014	4	20
0.009502923976608187	2	21	2010	2014	4	19
0.4203216374269006	3	21	2010	2014	4	18
0.1878654970760234	4	21	2010	2014	4	17
0.035818713450292396	5	21	2010	2014	4	16
0.015350877192982455	6	21	2010	2014	4	15
0.07456140350877193	7	21	2010	2014	4	14
0.1600877192982456	8	21	2010	2014	4	13
0.005116959064327485	9	21	2010	2014	4	12
0.003654970760233918	10	21	2010	2014	4	11
0.0007309941520467836	11	21	2010	2014	4	10
0.0	12	21	2010	2014	4	9
0.0	13	21	2010	2014	4	8
0.007309941520467836	14	21	2010	2014	4	7
0.0007309941520467836	15	21	2010	2014	4	6
0.0	16	21	2010	2014	4	5
0.0	17	21	2010	2014	4	4
0.0	18	21	2010	2014	4	3
0.0014619883040935672	19	21	2010	2014	4	2
0.0	20	21	2010	2014	4	1
0.0	21	21	2010	2014	4	0
0.0014619883040935672	22	21	2010	2014	4	-1
0.003654970760233918	23	21	2010	2014	4	-2
0.0029239766081871343	24	21	2010	2014	4	-3
0.0	25	21	2010	2014	4	-4
0.0007309941520467836	26	21	2010	2014	4	-5
0.0	27	21	2010	2014	4	-6
0.0007309941520467836	28	21	2010	2014	4	-7
0.0	29	21	2010	2014	4	-8
0.031098153547133137	0	21	2011	2014	3	21
0.0009718172983479105	1	21	2011	2014	3	20
0.001943634596695821	2	21	2011	2014	3	19
0.10689990281827016	3	21	2011	2014	3	18
0.20796890184645286	4	21	2011	2014	3	17
0.06316812439261418	5	21	2011	2014	3	16
0.026239067055393587	6	21	2011	2014	3	15
0.2293488824101069	7	21	2011	2014	3	14
0.304178814382896	8	21	2011	2014	3	13
0.010689990281827016	9	21	2011	2014	3	12
0.003887269193391642	10	21	2011	2014	3	11
0.0009718172983479105	11	21	2011	2014	3	10
0.0	12	21	2011	2014	3	9
0.0	13	21	2011	2014	3	8
0.0009718172983479105	14	21	2011	2014	3	7
0.001943634596695821	15	21	2011	2014	3	6
0.0058309037900874635	16	21	2011	2014	3	5
0.0	17	21	2011	2014	3	4
0.0	18	21	2011	2014	3	3
0.001943634596695821	19	21	2011	2014	3	2
0.0	20	21	2011	2014	3	1
0.0	21	21	2011	2014	3	0
0.0	22	21	2011	2014	3	-1
0.0009718172983479105	23	21	2011	2014	3	-2
0.0	24	21	2011	2014	3	-3
0.0	25	21	2011	2014	3	-4
0.0	26	21	2011	2014	3	-5
0.0009718172983479105	27	21	2011	2014	3	-6
0.0	28	21	2011	2014	3	-7
0.0	29	21	2011	2014	3	-8
0.012571428571428572	0	21	2012	2014	2	21
0.002857142857142857	1	21	2012	2014	2	20
0.001142857142857143	2	21	2012	2014	2	19
0.04857142857142857	3	21	2012	2014	2	18
0.16914285714285715	4	21	2012	2014	2	17
0.036	5	21	2012	2014	2	16
0.013714285714285714	6	21	2012	2014	2	15
0.268	7	21	2012	2014	2	14
0.4074285714285714	8	21	2012	2014	2	13
0.014285714285714285	9	21	2012	2014	2	12
0.018857142857142857	10	21	2012	2014	2	11
0.002285714285714286	11	21	2012	2014	2	10
0.0005714285714285715	12	21	2012	2014	2	9
0.0	13	21	2012	2014	2	8
0.002285714285714286	14	21	2012	2014	2	7
0.0017142857142857142	15	21	2012	2014	2	6
0.0005714285714285715	16	21	2012	2014	2	5
0.0	17	21	2012	2014	2	4
0.0	18	21	2012	2014	2	3
0.0	19	21	2012	2014	2	2
0.0	20	21	2012	2014	2	1
0.0	21	21	2012	2014	2	0
0.0	22	21	2012	2014	2	-1
0.0	23	21	2012	2014	2	-2
0.0	24	21	2012	2014	2	-3
0.0	25	21	2012	2014	2	-4
0.0	26	21	2012	2014	2	-5
0.0	27	21	2012	2014	2	-6
0.0	28	21	2012	2014	2	-7
0.0	29	21	2012	2014	2	-8
0.0037735849056603774	0	21	2013	2014	1	21
0.0015094339622641509	1	21	2013	2014	1	20
0.0007547169811320754	2	21	2013	2014	1	19
0.017358490566037735	3	21	2013	2014	1	18
0.07245283018867925	4	21	2013	2014	1	17
0.0369811320754717	5	21	2013	2014	1	16
0.018113207547169812	6	21	2013	2014	1	15
0.21735849056603773	7	21	2013	2014	1	14
0.4762264150943396	8	21	2013	2014	1	13
0.06264150943396227	9	21	2013	2014	1	12
0.05811320754716981	10	21	2013	2014	1	11
0.009811320754716982	11	21	2013	2014	1	10
0.0007547169811320754	12	21	2013	2014	1	9
0.005283018867924529	13	21	2013	2014	1	8
0.009811320754716982	14	21	2013	2014	1	7
0.006792452830188679	15	21	2013	2014	1	6
0.0015094339622641509	16	21	2013	2014	1	5
0.0	17	21	2013	2014	1	4
0.0	18	21	2013	2014	1	3
0.0	19	21	2013	2014	1	2
0.0	20	21	2013	2014	1	1
0.0007547169811320754	21	21	2013	2014	1	0
0.0	22	21	2013	2014	1	-1
0.0	23	21	2013	2014	1	-2
0.0	24	21	2013	2014	1	-3
0.0	25	21	2013	2014	1	-4
0.0	26	21	2013	2014	1	-5
0.0	27	21	2013	2014	1	-6
0.0	28	21	2013	2014	1	-7
0.0	29	21	2013	2014	1	-8
0.013245033112582781	0	21	2014	2014	0	21
0.0	1	21	2014	2014	0	20
0.0	2	21	2014	2014	0	19
0.007568590350047304	3	21	2014	2014	0	18
0.01892147587511826	4	21	2014	2014	0	17
0.01608325449385052	5	21	2014	2014	0	16
0.00946073793755913	6	21	2014	2014	0	15
0.0586565752128666	7	21	2014	2014	0	14
0.3935666982024598	8	21	2014	2014	0	13
0.2582781456953642	9	21	2014	2014	0	12
0.10879848628192999	10	21	2014	2014	0	11
0.017029328287606435	11	21	2014	2014	0	10
0.004730368968779565	12	21	2014	2014	0	9
0.008514664143803218	13	21	2014	2014	0	8
0.06811731315042574	14	21	2014	2014	0	7
0.015137180700094607	15	21	2014	2014	0	6
0.001892147587511826	16	21	2014	2014	0	5
0.0	17	21	2014	2014	0	4
0.0	18	21	2014	2014	0	3
0.0	19	21	2014	2014	0	2
0.0	20	21	2014	2014	0	1
0.0	21	21	2014	2014	0	0
0.0	22	21	2014	2014	0	-1
0.0	23	21	2014	2014	0	-2
0.0	24	21	2014	2014	0	-3
0.0	25	21	2014	2014	0	-4
0.0	26	21	2014	2014	0	-5
0.0	27	21	2014	2014	0	-6
0.0	28	21	2014	2014	0	-7
0.0	29	21	2014	2014	0	-8
0.0042780748663101605	0	21	2015	2014	-1	21
0.0010695187165775401	1	21	2015	2014	-1	20
0.0	2	21	2015	2014	-1	19
0.0021390374331550803	3	21	2015	2014	-1	18
0.013903743315508022	4	21	2015	2014	-1	17
0.012834224598930482	5	21	2015	2014	-1	16
0.0032085561497326204	6	21	2015	2014	-1	15
0.029946524064171122	7	21	2015	2014	-1	14
0.21176470588235294	8	21	2015	2014	-1	13
0.3176470588235294	9	21	2015	2014	-1	12
0.1304812834224599	10	21	2015	2014	-1	11
0.06631016042780749	11	21	2015	2014	-1	10
0.0042780748663101605	12	21	2015	2014	-1	9
0.0053475935828877	13	21	2015	2014	-1	8
0.11871657754010695	14	21	2015	2014	-1	7
0.05026737967914439	15	21	2015	2014	-1	6
0.02459893048128342	16	21	2015	2014	-1	5
0.0021390374331550803	17	21	2015	2014	-1	4
0.0	18	21	2015	2014	-1	3
0.0010695187165775401	19	21	2015	2014	-1	2
0.0	20	21	2015	2014	-1	1
0.0	21	21	2015	2014	-1	0
0.0	22	21	2015	2014	-1	-1
0.0	23	21	2015	2014	-1	-2
0.0	24	21	2015	2014	-1	-3
0.0	25	21	2015	2014	-1	-4
0.0	26	21	2015	2014	-1	-5
0.0	27	21	2015	2014	-1	-6
0.0	28	21	2015	2014	-1	-7
0.0	29	21	2015	2014	-1	-8
0.03468208092485549	0	21	2016	2014	-2	21
0.0	1	21	2016	2014	-2	20
0.0	2	21	2016	2014	-2	19
0.002890173410404624	3	21	2016	2014	-2	18
0.008670520231213872	4	21	2016	2014	-2	17
0.005780346820809248	5	21	2016	2014	-2	16
0.0	6	21	2016	2014	-2	15
0.023121387283236993	7	21	2016	2014	-2	14
0.07803468208092486	8	21	2016	2014	-2	13
0.27167630057803466	9	21	2016	2014	-2	12
0.06647398843930635	10	21	2016	2014	-2	11
0.06358381502890173	11	21	2016	2014	-2	10
0.002890173410404624	12	21	2016	2014	-2	9
0.008670520231213872	13	21	2016	2014	-2	8
0.24277456647398843	14	21	2016	2014	-2	7
0.12427745664739884	15	21	2016	2014	-2	6
0.057803468208092484	16	21	2016	2014	-2	5
0.0	17	21	2016	2014	-2	4
0.0	18	21	2016	2014	-2	3
0.005780346820809248	19	21	2016	2014	-2	2
0.0	20	21	2016	2014	-2	1
0.0	21	21	2016	2014	-2	0
0.0	22	21	2016	2014	-2	-1
0.002890173410404624	23	21	2016	2014	-2	-2
0.0	24	21	2016	2014	-2	-3
0.0	25	21	2016	2014	-2	-4
0.0	26	21	2016	2014	-2	-5
0.0	27	21	2016	2014	-2	-6
0.0	28	21	2016	2014	-2	-7
0.0	29	21	2016	2014	-2	-8
0.014925373134328358	0	21	2017	2014	-3	21
0.0	1	21	2017	2014	-3	20
0.0	2	21	2017	2014	-3	19
0.0029850746268656717	3	21	2017	2014	-3	18
0.0	4	21	2017	2014	-3	17
0.0	5	21	2017	2014	-3	16
0.0	6	21	2017	2014	-3	15
0.014925373134328358	7	21	2017	2014	-3	14
0.04477611940298507	8	21	2017	2014	-3	13
0.16119402985074627	9	21	2017	2014	-3	12
0.06865671641791045	10	21	2017	2014	-3	11
0.04477611940298507	11	21	2017	2014	-3	10
0.0	12	21	2017	2014	-3	9
0.0029850746268656717	13	21	2017	2014	-3	8
0.2626865671641791	14	21	2017	2014	-3	7
0.15223880597014924	15	21	2017	2014	-3	6
0.2298507462686567	16	21	2017	2014	-3	5
0.0	17	21	2017	2014	-3	4
0.0	18	21	2017	2014	-3	3
0.0	19	21	2017	2014	-3	2
0.0	20	21	2017	2014	-3	1
0.0	21	21	2017	2014	-3	0
0.0	22	21	2017	2014	-3	-1
0.0	23	21	2017	2014	-3	-2
0.0	24	21	2017	2014	-3	-3
0.0	25	21	2017	2014	-3	-4
0.0	26	21	2017	2014	-3	-5
0.0	27	21	2017	2014	-3	-6
0.0	28	21	2017	2014	-3	-7
0.0	29	21	2017	2014	-3	-8
0.0	0	21	2018	2014	-4	21
0.0	1	21	2018	2014	-4	20
0.0	2	21	2018	2014	-4	19
0.0	3	21	2018	2014	-4	18
0.0010277492291880781	4	21	2018	2014	-4	17
0.0	5	21	2018	2014	-4	16
0.0	6	21	2018	2014	-4	15
0.006166495375128468	7	21	2018	2014	-4	14
0.011305241521068859	8	21	2018	2014	-4	13
0.11921891058581706	9	21	2018	2014	-4	12
0.044193216855087356	10	21	2018	2014	-4	11
0.009249743062692703	11	21	2018	2014	-4	10
0.0020554984583761563	12	21	2018	2014	-4	9
0.0010277492291880781	13	21	2018	2014	-4	8
0.18705035971223022	14	21	2018	2014	-4	7
0.22918807810894143	15	21	2018	2014	-4	6
0.2446043165467626	16	21	2018	2014	-4	5
0.017471736896197326	17	21	2018	2014	-4	4
0.011305241521068859	18	21	2018	2014	-4	3
0.06269270298047276	19	21	2018	2014	-4	2
0.0	20	21	2018	2014	-4	1
0.025693730729701953	21	21	2018	2014	-4	0
0.006166495375128468	22	21	2018	2014	-4	-1
0.014388489208633094	23	21	2018	2014	-4	-2
0.0010277492291880781	24	21	2018	2014	-4	-3
0.0	25	21	2018	2014	-4	-4
0.006166495375128468	26	21	2018	2014	-4	-5
0.0	27	21	2018	2014	-4	-6
0.0	28	21	2018	2014	-4	-7
0.0	29	21	2018	2014	-4	-8
0.002881844380403458	0	21	2019	2014	-5	21
0.0	1	21	2019	2014	-5	20
0.0	2	21	2019	2014	-5	19
0.0	3	21	2019	2014	-5	18
0.0	4	21	2019	2014	-5	17
0.0	5	21	2019	2014	-5	16
0.0	6	21	2019	2014	-5	15
0.0009606147934678194	7	21	2019	2014	-5	14
0.0067243035542747355	8	21	2019	2014	-5	13
0.07684918347742556	9	21	2019	2014	-5	12
0.026897214217098942	10	21	2019	2014	-5	11
0.002881844380403458	11	21	2019	2014	-5	10
0.0067243035542747355	12	21	2019	2014	-5	9
0.002881844380403458	13	21	2019	2014	-5	8
0.1037463976945245	14	21	2019	2014	-5	7
0.14985590778097982	15	21	2019	2014	-5	6
0.31988472622478387	16	21	2019	2014	-5	5
0.03554274735830932	17	21	2019	2014	-5	4
0.01633045148895293	18	21	2019	2014	-5	3
0.11527377521613832	19	21	2019	2014	-5	2
0.004803073967339097	20	21	2019	2014	-5	1
0.06532180595581172	21	21	2019	2014	-5	0
0.022094140249759846	22	21	2019	2014	-5	-1
0.03266090297790586	23	21	2019	2014	-5	-2
0.0009606147934678194	24	21	2019	2014	-5	-3
0.0	25	21	2019	2014	-5	-4
0.005763688760806916	26	21	2019	2014	-5	-5
0.0009606147934678194	27	21	2019	2014	-5	-6
0.0	28	21	2019	2014	-5	-7
0.0	29	21	2019	2014	-5	-8
0.003278688524590164	0	21	2020	2014	-6	21
0.0	1	21	2020	2014	-6	20
0.0	2	21	2020	2014	-6	19
0.0	3	21	2020	2014	-6	18
0.0	4	21	2020	2014	-6	17
0.0	5	21	2020	2014	-6	16
0.0	6	21	2020	2014	-6	15
0.0	7	21	2020	2014	-6	14
0.009836065573770493	8	21	2020	2014	-6	13
0.02622950819672131	9	21	2020	2014	-6	12
0.0	10	21	2020	2014	-6	11
0.0	11	21	2020	2014	-6	10
0.0	12	21	2020	2014	-6	9
0.0	13	21	2020	2014	-6	8
0.02622950819672131	14	21	2020	2014	-6	7
0.1737704918032787	15	21	2020	2014	-6	6
0.09508196721311475	16	21	2020	2014	-6	5
0.02622950819672131	17	21	2020	2014	-6	4
0.01639344262295082	18	21	2020	2014	-6	3
0.11475409836065574	19	21	2020	2014	-6	2
0.0	20	21	2020	2014	-6	1
0.10491803278688525	21	21	2020	2014	-6	0
0.04262295081967213	22	21	2020	2014	-6	-1
0.13114754098360656	23	21	2020	2014	-6	-2
0.08196721311475409	24	21	2020	2014	-6	-3
0.009836065573770493	25	21	2020	2014	-6	-4
0.019672131147540985	26	21	2020	2014	-6	-5
0.003278688524590164	27	21	2020	2014	-6	-6
0.11475409836065574	28	21	2020	2014	-6	-7
0.0	29	21	2020	2014	-6	-8
0.01662049861495845	0	21	2021	2014	-7	21
0.0	1	21	2021	2014	-7	20
0.0	2	21	2021	2014	-7	19
0.0	3	21	2021	2014	-7	18
0.0	4	21	2021	2014	-7	17
0.0	5	21	2021	2014	-7	16
0.0	6	21	2021	2014	-7	15
0.0	7	21	2021	2014	-7	14
0.00554016620498615	8	21	2021	2014	-7	13
0.00554016620498615	9	21	2021	2014	-7	12
0.002770083102493075	10	21	2021	2014	-7	11
0.00554016620498615	11	21	2021	2014	-7	10
0.0	12	21	2021	2014	-7	9
0.0	13	21	2021	2014	-7	8
0.027700831024930747	14	21	2021	2014	-7	7
0.013850415512465374	15	21	2021	2014	-7	6
0.055401662049861494	16	21	2021	2014	-7	5
0.00554016620498615	17	21	2021	2014	-7	4
0.01662049861495845	18	21	2021	2014	-7	3
0.13850415512465375	19	21	2021	2014	-7	2
0.002770083102493075	20	21	2021	2014	-7	1
0.21052631578947367	21	21	2021	2014	-7	0
0.1329639889196676	22	21	2021	2014	-7	-1
0.18282548476454294	23	21	2021	2014	-7	-2
0.060941828254847646	24	21	2021	2014	-7	-3
0.019390581717451522	25	21	2021	2014	-7	-4
0.07202216066481995	26	21	2021	2014	-7	-5
0.002770083102493075	27	21	2021	2014	-7	-6
0.0221606648199446	28	21	2021	2014	-7	-7
0.0	29	21	2021	2014	-7	-8
0.0336179295624333	0	22	2010	2015	5	22
0.02774813233724653	1	22	2010	2015	5	21
0.017609391675560297	2	22	2010	2015	5	20
0.4663820704375667	3	22	2010	2015	5	19
0.19477054429028814	4	22	2010	2015	5	18
0.03415154749199573	5	22	2010	2015	5	17
0.0144076840981857	6	22	2010	2015	5	16
0.0672358591248666	7	22	2010	2015	5	15
0.12113127001067236	8	22	2010	2015	5	14
0.0048025613660619	9	22	2010	2015	5	13
0.0026680896478121665	10	22	2010	2015	5	12
0.0005336179295624333	11	22	2010	2015	5	11
0.0	12	22	2010	2015	5	10
0.0	13	22	2010	2015	5	9
0.006937033084311633	14	22	2010	2015	5	8
0.0005336179295624333	15	22	2010	2015	5	7
0.0	16	22	2010	2015	5	6
0.0	17	22	2010	2015	5	5
0.0	18	22	2010	2015	5	4
0.0010672358591248667	19	22	2010	2015	5	3
0.0	20	22	2010	2015	5	2
0.0	21	22	2010	2015	5	1
0.0005336179295624333	22	22	2010	2015	5	0
0.0026680896478121665	23	22	2010	2015	5	-1
0.0021344717182497333	24	22	2010	2015	5	-2
0.0	25	22	2010	2015	5	-3
0.0005336179295624333	26	22	2010	2015	5	-4
0.0	27	22	2010	2015	5	-5
0.0005336179295624333	28	22	2010	2015	5	-6
0.0	29	22	2010	2015	5	-7
0.03125	0	22	2011	2015	4	22
0.0009765625	1	22	2011	2015	4	21
0.001953125	2	22	2011	2015	4	20
0.1064453125	3	22	2011	2015	4	19
0.20703125	4	22	2011	2015	4	18
0.0634765625	5	22	2011	2015	4	17
0.0263671875	6	22	2011	2015	4	16
0.228515625	7	22	2011	2015	4	15
0.3056640625	8	22	2011	2015	4	14
0.0107421875	9	22	2011	2015	4	13
0.00390625	10	22	2011	2015	4	12
0.0009765625	11	22	2011	2015	4	11
0.0	12	22	2011	2015	4	10
0.0	13	22	2011	2015	4	9
0.0009765625	14	22	2011	2015	4	8
0.001953125	15	22	2011	2015	4	7
0.005859375	16	22	2011	2015	4	6
0.0	17	22	2011	2015	4	5
0.0	18	22	2011	2015	4	4
0.001953125	19	22	2011	2015	4	3
0.0	20	22	2011	2015	4	2
0.0	21	22	2011	2015	4	1
0.0	22	22	2011	2015	4	0
0.0009765625	23	22	2011	2015	4	-1
0.0	24	22	2011	2015	4	-2
0.0	25	22	2011	2015	4	-3
0.0	26	22	2011	2015	4	-4
0.0009765625	27	22	2011	2015	4	-5
0.0	28	22	2011	2015	4	-6
0.0	29	22	2011	2015	4	-7
0.01282798833819242	0	22	2012	2015	3	22
0.0029154518950437317	1	22	2012	2015	3	21
0.0011661807580174927	2	22	2012	2015	3	20
0.0478134110787172	3	22	2012	2015	3	19
0.16909620991253643	4	22	2012	2015	3	18
0.037900874635568516	5	22	2012	2015	3	17
0.013994169096209912	6	22	2012	2015	3	16
0.26763848396501455	7	22	2012	2015	3	15
0.40932944606413996	8	22	2012	2015	3	14
0.014577259475218658	9	22	2012	2015	3	13
0.018075801749271137	10	22	2012	2015	3	12
0.0011661807580174927	11	22	2012	2015	3	11
0.0005830903790087463	12	22	2012	2015	3	10
0.0	13	22	2012	2015	3	9
0.001749271137026239	14	22	2012	2015	3	8
0.0005830903790087463	15	22	2012	2015	3	7
0.0005830903790087463	16	22	2012	2015	3	6
0.0	17	22	2012	2015	3	5
0.0	18	22	2012	2015	3	4
0.0	19	22	2012	2015	3	3
0.0	20	22	2012	2015	3	2
0.0	21	22	2012	2015	3	1
0.0	22	22	2012	2015	3	0
0.0	23	22	2012	2015	3	-1
0.0	24	22	2012	2015	3	-2
0.0	25	22	2012	2015	3	-3
0.0	26	22	2012	2015	3	-4
0.0	27	22	2012	2015	3	-5
0.0	28	22	2012	2015	3	-6
0.0	29	22	2012	2015	3	-7
0.0037678975131876413	0	22	2013	2015	2	22
0.0015071590052750565	1	22	2013	2015	2	21
0.0007535795026375283	2	22	2013	2015	2	20
0.01733232856066315	3	22	2013	2015	2	19
0.07234363225320271	4	22	2013	2015	2	18
0.037678975131876416	5	22	2013	2015	2	17
0.01808590806330068	6	22	2013	2015	2	16
0.21778447626224567	7	22	2013	2015	2	15
0.4770158251695554	8	22	2013	2015	2	14
0.06254709871891484	9	22	2013	2015	2	13
0.058025621703089676	10	22	2013	2015	2	12
0.009796533534287867	11	22	2013	2015	2	11
0.0007535795026375283	12	22	2013	2015	2	10
0.0052750565184626974	13	22	2013	2015	2	9
0.009796533534287867	14	22	2013	2015	2	8
0.006028636021100226	15	22	2013	2015	2	7
0.0007535795026375283	16	22	2013	2015	2	6
0.0	17	22	2013	2015	2	5
0.0	18	22	2013	2015	2	4
0.0	19	22	2013	2015	2	3
0.0	20	22	2013	2015	2	2
0.0007535795026375283	21	22	2013	2015	2	1
0.0	22	22	2013	2015	2	0
0.0	23	22	2013	2015	2	-1
0.0	24	22	2013	2015	2	-2
0.0	25	22	2013	2015	2	-3
0.0	26	22	2013	2015	2	-4
0.0	27	22	2013	2015	2	-5
0.0	28	22	2013	2015	2	-6
0.0	29	22	2013	2015	2	-7
0.013245033112582781	0	22	2014	2015	1	22
0.0	1	22	2014	2015	1	21
0.0	2	22	2014	2015	1	20
0.007568590350047304	3	22	2014	2015	1	19
0.01892147587511826	4	22	2014	2015	1	18
0.01608325449385052	5	22	2014	2015	1	17
0.00946073793755913	6	22	2014	2015	1	16
0.0586565752128666	7	22	2014	2015	1	15
0.3935666982024598	8	22	2014	2015	1	14
0.25733207190160834	9	22	2014	2015	1	13
0.1097445600756859	10	22	2014	2015	1	12
0.017029328287606435	11	22	2014	2015	1	11
0.004730368968779565	12	22	2014	2015	1	10
0.008514664143803218	13	22	2014	2015	1	9
0.06811731315042574	14	22	2014	2015	1	8
0.015137180700094607	15	22	2014	2015	1	7
0.001892147587511826	16	22	2014	2015	1	6
0.0	17	22	2014	2015	1	5
0.0	18	22	2014	2015	1	4
0.0	19	22	2014	2015	1	3
0.0	20	22	2014	2015	1	2
0.0	21	22	2014	2015	1	1
0.0	22	22	2014	2015	1	0
0.0	23	22	2014	2015	1	-1
0.0	24	22	2014	2015	1	-2
0.0	25	22	2014	2015	1	-3
0.0	26	22	2014	2015	1	-4
0.0	27	22	2014	2015	1	-5
0.0	28	22	2014	2015	1	-6
0.0	29	22	2014	2015	1	-7
0.00425531914893617	0	22	2015	2015	0	22
0.0010638297872340426	1	22	2015	2015	0	21
0.0	2	22	2015	2015	0	20
0.002127659574468085	3	22	2015	2015	0	19
0.013829787234042552	4	22	2015	2015	0	18
0.013829787234042552	5	22	2015	2015	0	17
0.002127659574468085	6	22	2015	2015	0	16
0.029787234042553193	7	22	2015	2015	0	15
0.21063829787234042	8	22	2015	2015	0	14
0.32127659574468087	9	22	2015	2015	0	13
0.12978723404255318	10	22	2015	2015	0	12
0.06595744680851064	11	22	2015	2015	0	11
0.00425531914893617	12	22	2015	2015	0	10
0.005319148936170213	13	22	2015	2015	0	9
0.11914893617021277	14	22	2015	2015	0	8
0.04893617021276596	15	22	2015	2015	0	7
0.02446808510638298	16	22	2015	2015	0	6
0.002127659574468085	17	22	2015	2015	0	5
0.0	18	22	2015	2015	0	4
0.0010638297872340426	19	22	2015	2015	0	3
0.0	20	22	2015	2015	0	2
0.0	21	22	2015	2015	0	1
0.0	22	22	2015	2015	0	0
0.0	23	22	2015	2015	0	-1
0.0	24	22	2015	2015	0	-2
0.0	25	22	2015	2015	0	-3
0.0	26	22	2015	2015	0	-4
0.0	27	22	2015	2015	0	-5
0.0	28	22	2015	2015	0	-6
0.0	29	22	2015	2015	0	-7
0.034782608695652174	0	22	2016	2015	-1	22
0.0	1	22	2016	2015	-1	21
0.0	2	22	2016	2015	-1	20
0.002898550724637681	3	22	2016	2015	-1	19
0.008695652173913044	4	22	2016	2015	-1	18
0.005797101449275362	5	22	2016	2015	-1	17
0.0	6	22	2016	2015	-1	16
0.02318840579710145	7	22	2016	2015	-1	15
0.07536231884057971	8	22	2016	2015	-1	14
0.27246376811594203	9	22	2016	2015	-1	13
0.06666666666666667	10	22	2016	2015	-1	12
0.06376811594202898	11	22	2016	2015	-1	11
0.002898550724637681	12	22	2016	2015	-1	10
0.008695652173913044	13	22	2016	2015	-1	9
0.24347826086956523	14	22	2016	2015	-1	8
0.1246376811594203	15	22	2016	2015	-1	7
0.057971014492753624	16	22	2016	2015	-1	6
0.0	17	22	2016	2015	-1	5
0.0	18	22	2016	2015	-1	4
0.005797101449275362	19	22	2016	2015	-1	3
0.0	20	22	2016	2015	-1	2
0.0	21	22	2016	2015	-1	1
0.0	22	22	2016	2015	-1	0
0.002898550724637681	23	22	2016	2015	-1	-1
0.0	24	22	2016	2015	-1	-2
0.0	25	22	2016	2015	-1	-3
0.0	26	22	2016	2015	-1	-4
0.0	27	22	2016	2015	-1	-5
0.0	28	22	2016	2015	-1	-6
0.0	29	22	2016	2015	-1	-7
0.014749262536873156	0	22	2017	2015	-2	22
0.0	1	22	2017	2015	-2	21
0.0	2	22	2017	2015	-2	20
0.0029498525073746312	3	22	2017	2015	-2	19
0.0	4	22	2017	2015	-2	18
0.0	5	22	2017	2015	-2	17
0.0	6	22	2017	2015	-2	16
0.014749262536873156	7	22	2017	2015	-2	15
0.04424778761061947	8	22	2017	2015	-2	14
0.1592920353982301	9	22	2017	2015	-2	13
0.06784660766961652	10	22	2017	2015	-2	12
0.0471976401179941	11	22	2017	2015	-2	11
0.0	12	22	2017	2015	-2	10
0.0029498525073746312	13	22	2017	2015	-2	9
0.25958702064896755	14	22	2017	2015	-2	8
0.1592920353982301	15	22	2017	2015	-2	7
0.22713864306784662	16	22	2017	2015	-2	6
0.0	17	22	2017	2015	-2	5
0.0	18	22	2017	2015	-2	4
0.0	19	22	2017	2015	-2	3
0.0	20	22	2017	2015	-2	2
0.0	21	22	2017	2015	-2	1
0.0	22	22	2017	2015	-2	0
0.0	23	22	2017	2015	-2	-1
0.0	24	22	2017	2015	-2	-2
0.0	25	22	2017	2015	-2	-3
0.0	26	22	2017	2015	-2	-4
0.0	27	22	2017	2015	-2	-5
0.0	28	22	2017	2015	-2	-6
0.0	29	22	2017	2015	-2	-7
0.0	0	22	2018	2015	-3	22
0.0	1	22	2018	2015	-3	21
0.0	2	22	2018	2015	-3	20
0.0	3	22	2018	2015	-3	19
0.0010193679918450561	4	22	2018	2015	-3	18
0.0	5	22	2018	2015	-3	17
0.0	6	22	2018	2015	-3	16
0.0061162079510703364	7	22	2018	2015	-3	15
0.012232415902140673	8	22	2018	2015	-3	14
0.12028542303771661	9	22	2018	2015	-3	13
0.04383282364933741	10	22	2018	2015	-3	12
0.011213047910295617	11	22	2018	2015	-3	11
0.0020387359836901123	12	22	2018	2015	-3	10
0.0010193679918450561	13	22	2018	2015	-3	9
0.1875637104994903	14	22	2018	2015	-3	8
0.22935779816513763	15	22	2018	2015	-3	7
0.24668705402650357	16	22	2018	2015	-3	6
0.017329255861365953	17	22	2018	2015	-3	5
0.011213047910295617	18	22	2018	2015	-3	4
0.06116207951070336	19	22	2018	2015	-3	3
0.0	20	22	2018	2015	-3	2
0.0254841997961264	21	22	2018	2015	-3	1
0.0030581039755351682	22	22	2018	2015	-3	0
0.013251783893985729	23	22	2018	2015	-3	-1
0.0010193679918450561	24	22	2018	2015	-3	-2
0.0	25	22	2018	2015	-3	-3
0.0061162079510703364	26	22	2018	2015	-3	-4
0.0	27	22	2018	2015	-3	-5
0.0	28	22	2018	2015	-3	-6
0.0	29	22	2018	2015	-3	-7
0.002909796314258002	0	22	2019	2015	-4	22
0.0	1	22	2019	2015	-4	21
0.0	2	22	2019	2015	-4	20
0.0	3	22	2019	2015	-4	19
0.0	4	22	2019	2015	-4	18
0.0	5	22	2019	2015	-4	17
0.0	6	22	2019	2015	-4	16
0.0009699321047526673	7	22	2019	2015	-4	15
0.006789524733268671	8	22	2019	2015	-4	14
0.07759456838021339	9	22	2019	2015	-4	13
0.027158098933074686	10	22	2019	2015	-4	12
0.002909796314258002	11	22	2019	2015	-4	11
0.006789524733268671	12	22	2019	2015	-4	10
0.002909796314258002	13	22	2019	2015	-4	9
0.1066925315227934	14	22	2019	2015	-4	8
0.15033947623666344	15	22	2019	2015	-4	7
0.32104752667313285	16	22	2019	2015	-4	6
0.03588748787584869	17	22	2019	2015	-4	5
0.016488845780795344	18	22	2019	2015	-4	4
0.11736178467507274	19	22	2019	2015	-4	3
0.004849660523763337	20	22	2019	2015	-4	2
0.06692531522793405	21	22	2019	2015	-4	1
0.011639185257032008	22	22	2019	2015	-4	0
0.03297769156159069	23	22	2019	2015	-4	-1
0.0009699321047526673	24	22	2019	2015	-4	-2
0.0	25	22	2019	2015	-4	-3
0.005819592628516004	26	22	2019	2015	-4	-4
0.0009699321047526673	27	22	2019	2015	-4	-5
0.0	28	22	2019	2015	-4	-6
0.0	29	22	2019	2015	-4	-7
0.0034129692832764505	0	22	2020	2015	-5	22
0.0	1	22	2020	2015	-5	21
0.0	2	22	2020	2015	-5	20
0.0	3	22	2020	2015	-5	19
0.0	4	22	2020	2015	-5	18
0.0	5	22	2020	2015	-5	17
0.0	6	22	2020	2015	-5	16
0.0	7	22	2020	2015	-5	15
0.010238907849829351	8	22	2020	2015	-5	14
0.027303754266211604	9	22	2020	2015	-5	13
0.0	10	22	2020	2015	-5	12
0.0	11	22	2020	2015	-5	11
0.0	12	22	2020	2015	-5	10
0.0	13	22	2020	2015	-5	9
0.027303754266211604	14	22	2020	2015	-5	8
0.18088737201365188	15	22	2020	2015	-5	7
0.09897610921501707	16	22	2020	2015	-5	6
0.027303754266211604	17	22	2020	2015	-5	5
0.017064846416382253	18	22	2020	2015	-5	4
0.11945392491467577	19	22	2020	2015	-5	3
0.0	20	22	2020	2015	-5	2
0.10921501706484642	21	22	2020	2015	-5	1
0.0034129692832764505	22	22	2020	2015	-5	0
0.13651877133105803	23	22	2020	2015	-5	-1
0.08532423208191127	24	22	2020	2015	-5	-2
0.010238907849829351	25	22	2020	2015	-5	-3
0.020477815699658702	26	22	2020	2015	-5	-4
0.0034129692832764505	27	22	2020	2015	-5	-5
0.11945392491467577	28	22	2020	2015	-5	-6
0.0	29	22	2020	2015	-5	-7
0.01904761904761905	0	22	2021	2015	-6	22
0.0	1	22	2021	2015	-6	21
0.0	2	22	2021	2015	-6	20
0.0	3	22	2021	2015	-6	19
0.0	4	22	2021	2015	-6	18
0.0	5	22	2021	2015	-6	17
0.0	6	22	2021	2015	-6	16
0.0	7	22	2021	2015	-6	15
0.006349206349206349	8	22	2021	2015	-6	14
0.006349206349206349	9	22	2021	2015	-6	13
0.0031746031746031746	10	22	2021	2015	-6	12
0.006349206349206349	11	22	2021	2015	-6	11
0.0	12	22	2021	2015	-6	10
0.0	13	22	2021	2015	-6	9
0.031746031746031744	14	22	2021	2015	-6	8
0.015873015873015872	15	22	2021	2015	-6	7
0.05396825396825397	16	22	2021	2015	-6	6
0.006349206349206349	17	22	2021	2015	-6	5
0.01904761904761905	18	22	2021	2015	-6	4
0.15873015873015872	19	22	2021	2015	-6	3
0.0031746031746031746	20	22	2021	2015	-6	2
0.24126984126984127	21	22	2021	2015	-6	1
0.015873015873015872	22	22	2021	2015	-6	0
0.20952380952380953	23	22	2021	2015	-6	-1
0.06984126984126984	24	22	2021	2015	-6	-2
0.022222222222222223	25	22	2021	2015	-6	-3
0.08253968253968254	26	22	2021	2015	-6	-4
0.0031746031746031746	27	22	2021	2015	-6	-5
0.025396825396825397	28	22	2021	2015	-6	-6
0.0	29	22	2021	2015	-6	-7
0.049479166666666664	0	23	2010	2015	5	23
0.019097222222222224	1	23	2010	2015	5	22
0.0026041666666666665	2	23	2010	2015	5	21
0.4079861111111111	3	23	2010	2015	5	20
0.18663194444444445	4	23	2010	2015	5	19
0.036458333333333336	5	23	2010	2015	5	18
0.013888888888888888	6	23	2010	2015	5	17
0.07118055555555555	7	23	2010	2015	5	16
0.18663194444444445	8	23	2010	2015	5	15
0.006076388888888889	9	23	2010	2015	5	14
0.003472222222222222	10	23	2010	2015	5	13
0.0008680555555555555	11	23	2010	2015	5	12
0.0	12	23	2010	2015	5	11
0.0	13	23	2010	2015	5	10
0.0078125	14	23	2010	2015	5	9
0.0008680555555555555	15	23	2010	2015	5	8
0.0	16	23	2010	2015	5	7
0.0	17	23	2010	2015	5	6
0.0	18	23	2010	2015	5	5
0.001736111111111111	19	23	2010	2015	5	4
0.0	20	23	2010	2015	5	3
0.0	21	23	2010	2015	5	2
0.0	22	23	2010	2015	5	1
0.0	23	23	2010	2015	5	0
0.003472222222222222	24	23	2010	2015	5	-1
0.0	25	23	2010	2015	5	-2
0.0008680555555555555	26	23	2010	2015	5	-3
0.0	27	23	2010	2015	5	-4
0.0008680555555555555	28	23	2010	2015	5	-5
0.0	29	23	2010	2015	5	-6
0.0311284046692607	0	23	2011	2015	4	23
0.0009727626459143969	1	23	2011	2015	4	22
0.0029182879377431907	2	23	2011	2015	4	21
0.10797665369649806	3	23	2011	2015	4	20
0.20817120622568094	4	23	2011	2015	4	19
0.0632295719844358	5	23	2011	2015	4	18
0.026264591439688716	6	23	2011	2015	4	17
0.22762645914396887	7	23	2011	2015	4	16
0.3035019455252918	8	23	2011	2015	4	15
0.010700389105058366	9	23	2011	2015	4	14
0.0038910505836575876	10	23	2011	2015	4	13
0.0009727626459143969	11	23	2011	2015	4	12
0.0	12	23	2011	2015	4	11
0.0	13	23	2011	2015	4	10
0.0009727626459143969	14	23	2011	2015	4	9
0.0019455252918287938	15	23	2011	2015	4	8
0.005836575875486381	16	23	2011	2015	4	7
0.0	17	23	2011	2015	4	6
0.0	18	23	2011	2015	4	5
0.0019455252918287938	19	23	2011	2015	4	4
0.0	20	23	2011	2015	4	3
0.0	21	23	2011	2015	4	2
0.0	22	23	2011	2015	4	1
0.0009727626459143969	23	23	2011	2015	4	0
0.0	24	23	2011	2015	4	-1
0.0	25	23	2011	2015	4	-2
0.0	26	23	2011	2015	4	-3
0.0009727626459143969	27	23	2011	2015	4	-4
0.0	28	23	2011	2015	4	-5
0.0	29	23	2011	2015	4	-6
0.013341419041843541	0	23	2012	2015	3	23
0.0018192844147968466	1	23	2012	2015	3	22
0.001212856276531231	2	23	2012	2015	3	21
0.04790782292298363	3	23	2012	2015	3	20
0.16979987871437235	4	23	2012	2015	3	19
0.03699211643420255	5	23	2012	2015	3	18
0.013947847180109158	6	23	2012	2015	3	17
0.26379624014554276	7	23	2012	2015	3	16
0.41479684657368104	8	23	2012	2015	3	15
0.014554275318374773	9	23	2012	2015	3	14
0.01758641600970285	10	23	2012	2015	3	13
0.001212856276531231	11	23	2012	2015	3	12
0.0006064281382656155	12	23	2012	2015	3	11
0.0	13	23	2012	2015	3	10
0.001212856276531231	14	23	2012	2015	3	9
0.0006064281382656155	15	23	2012	2015	3	8
0.0006064281382656155	16	23	2012	2015	3	7
0.0	17	23	2012	2015	3	6
0.0	18	23	2012	2015	3	5
0.0	19	23	2012	2015	3	4
0.0	20	23	2012	2015	3	3
0.0	21	23	2012	2015	3	2
0.0	22	23	2012	2015	3	1
0.0	23	23	2012	2015	3	0
0.0	24	23	2012	2015	3	-1
0.0	25	23	2012	2015	3	-2
0.0	26	23	2012	2015	3	-3
0.0	27	23	2012	2015	3	-4
0.0	28	23	2012	2015	3	-5
0.0	29	23	2012	2015	3	-6
0.003762227238525207	0	23	2013	2015	2	23
0.0015048908954100827	1	23	2013	2015	2	22
0.0007524454477050414	2	23	2013	2015	2	21
0.01730624529721595	3	23	2013	2015	2	20
0.07148231753197894	4	23	2013	2015	2	19
0.03762227238525207	5	23	2013	2015	2	18
0.01805869074492099	6	23	2013	2015	2	17
0.21745673438675697	7	23	2013	2015	2	16
0.4778028592927013	8	23	2013	2015	2	15
0.062452972159518436	9	23	2013	2015	2	14
0.057938299473288185	10	23	2013	2015	2	13
0.009781790820165538	11	23	2013	2015	2	12
0.0007524454477050414	12	23	2013	2015	2	11
0.005267118133935289	13	23	2013	2015	2	10
0.009781790820165538	14	23	2013	2015	2	9
0.006772009029345372	15	23	2013	2015	2	8
0.0007524454477050414	16	23	2013	2015	2	7
0.0	17	23	2013	2015	2	6
0.0	18	23	2013	2015	2	5
0.0	19	23	2013	2015	2	4
0.0	20	23	2013	2015	2	3
0.0007524454477050414	21	23	2013	2015	2	2
0.0	22	23	2013	2015	2	1
0.0	23	23	2013	2015	2	0
0.0	24	23	2013	2015	2	-1
0.0	25	23	2013	2015	2	-2
0.0	26	23	2013	2015	2	-3
0.0	27	23	2013	2015	2	-4
0.0	28	23	2013	2015	2	-5
0.0	29	23	2013	2015	2	-6
0.013257575757575758	0	23	2014	2015	1	23
0.0	1	23	2014	2015	1	22
0.0	2	23	2014	2015	1	21
0.007575757575757576	3	23	2014	2015	1	20
0.01893939393939394	4	23	2014	2015	1	19
0.016098484848484848	5	23	2014	2015	1	18
0.00946969696969697	6	23	2014	2015	1	17
0.058712121212121215	7	23	2014	2015	1	16
0.39299242424242425	8	23	2014	2015	1	15
0.2585227272727273	9	23	2014	2015	1	14
0.10890151515151515	10	23	2014	2015	1	13
0.017045454545454544	11	23	2014	2015	1	12
0.004734848484848485	12	23	2014	2015	1	11
0.008522727272727272	13	23	2014	2015	1	10
0.06818181818181818	14	23	2014	2015	1	9
0.015151515151515152	15	23	2014	2015	1	8
0.001893939393939394	16	23	2014	2015	1	7
0.0	17	23	2014	2015	1	6
0.0	18	23	2014	2015	1	5
0.0	19	23	2014	2015	1	4
0.0	20	23	2014	2015	1	3
0.0	21	23	2014	2015	1	2
0.0	22	23	2014	2015	1	1
0.0	23	23	2014	2015	1	0
0.0	24	23	2014	2015	1	-1
0.0	25	23	2014	2015	1	-2
0.0	26	23	2014	2015	1	-3
0.0	27	23	2014	2015	1	-4
0.0	28	23	2014	2015	1	-5
0.0	29	23	2014	2015	1	-6
0.004324324324324324	0	23	2015	2015	0	23
0.001081081081081081	1	23	2015	2015	0	22
0.0	2	23	2015	2015	0	21
0.002162162162162162	3	23	2015	2015	0	20
0.014054054054054054	4	23	2015	2015	0	19
0.012972972972972972	5	23	2015	2015	0	18
0.003243243243243243	6	23	2015	2015	0	17
0.03027027027027027	7	23	2015	2015	0	16
0.21405405405405406	8	23	2015	2015	0	15
0.31675675675675674	9	23	2015	2015	0	14
0.12972972972972974	10	23	2015	2015	0	13
0.06702702702702702	11	23	2015	2015	0	12
0.003243243243243243	12	23	2015	2015	0	11
0.005405405405405406	13	23	2015	2015	0	10
0.11783783783783784	14	23	2015	2015	0	9
0.04972972972972973	15	23	2015	2015	0	8
0.024864864864864864	16	23	2015	2015	0	7
0.002162162162162162	17	23	2015	2015	0	6
0.0	18	23	2015	2015	0	5
0.001081081081081081	19	23	2015	2015	0	4
0.0	20	23	2015	2015	0	3
0.0	21	23	2015	2015	0	2
0.0	22	23	2015	2015	0	1
0.0	23	23	2015	2015	0	0
0.0	24	23	2015	2015	0	-1
0.0	25	23	2015	2015	0	-2
0.0	26	23	2015	2015	0	-3
0.0	27	23	2015	2015	0	-4
0.0	28	23	2015	2015	0	-5
0.0	29	23	2015	2015	0	-6
0	0	23	2016	2015	-1	23
0	1	23	2016	2015	-1	22
0	2	23	2016	2015	-1	21
0	3	23	2016	2015	-1	20
0	4	23	2016	2015	-1	19
0	5	23	2016	2015	-1	18
0	6	23	2016	2015	-1	17
0	7	23	2016	2015	-1	16
0	8	23	2016	2015	-1	15
0	9	23	2016	2015	-1	14
0	10	23	2016	2015	-1	13
0	11	23	2016	2015	-1	12
0	12	23	2016	2015	-1	11
0	13	23	2016	2015	-1	10
0	14	23	2016	2015	-1	9
0	15	23	2016	2015	-1	8
0	16	23	2016	2015	-1	7
0	17	23	2016	2015	-1	6
0	18	23	2016	2015	-1	5
0	19	23	2016	2015	-1	4
0	20	23	2016	2015	-1	3
0	21	23	2016	2015	-1	2
0	22	23	2016	2015	-1	1
0	23	23	2016	2015	-1	0
0	24	23	2016	2015	-1	-1
0	25	23	2016	2015	-1	-2
0	26	23	2016	2015	-1	-3
0	27	23	2016	2015	-1	-4
0	28	23	2016	2015	-1	-5
0	29	23	2016	2015	-1	-6
0.012422360248447204	0	23	2017	2015	-2	23
0.0	1	23	2017	2015	-2	22
0.0	2	23	2017	2015	-2	21
0.006211180124223602	3	23	2017	2015	-2	20
0.0	4	23	2017	2015	-2	19
0.0	5	23	2017	2015	-2	18
0.0	6	23	2017	2015	-2	17
0.0	7	23	2017	2015	-2	16
0.06832298136645963	8	23	2017	2015	-2	15
0.2111801242236025	9	23	2017	2015	-2	14
0.06832298136645963	10	23	2017	2015	-2	13
0.09937888198757763	11	23	2017	2015	-2	12
0.0	12	23	2017	2015	-2	11
0.012422360248447204	13	23	2017	2015	-2	10
0.20496894409937888	14	23	2017	2015	-2	9
0.19254658385093168	15	23	2017	2015	-2	8
0.12422360248447205	16	23	2017	2015	-2	7
0.0	17	23	2017	2015	-2	6
0.0	18	23	2017	2015	-2	5
0.0	19	23	2017	2015	-2	4
0.0	20	23	2017	2015	-2	3
0.0	21	23	2017	2015	-2	2
0.0	22	23	2017	2015	-2	1
0.0	23	23	2017	2015	-2	0
0.0	24	23	2017	2015	-2	-1
0.0	25	23	2017	2015	-2	-2
0.0	26	23	2017	2015	-2	-3
0.0	27	23	2017	2015	-2	-4
0.0	28	23	2017	2015	-2	-5
0.0	29	23	2017	2015	-2	-6
0.0	0	23	2018	2015	-3	23
0.0	1	23	2018	2015	-3	22
0.0	2	23	2018	2015	-3	21
0.0010504201680672268	3	23	2018	2015	-3	20
0.0010504201680672268	4	23	2018	2015	-3	19
0.0	5	23	2018	2015	-3	18
0.0	6	23	2018	2015	-3	17
0.0063025210084033615	7	23	2018	2015	-3	16
0.011554621848739496	8	23	2018	2015	-3	15
0.12184873949579832	9	23	2018	2015	-3	14
0.045168067226890755	10	23	2018	2015	-3	13
0.008403361344537815	11	23	2018	2015	-3	12
0.0021008403361344537	12	23	2018	2015	-3	11
0.0010504201680672268	13	23	2018	2015	-3	10
0.1880252100840336	14	23	2018	2015	-3	9
0.2342436974789916	15	23	2018	2015	-3	8
0.2426470588235294	16	23	2018	2015	-3	7
0.017857142857142856	17	23	2018	2015	-3	6
0.01050420168067227	18	23	2018	2015	-3	5
0.06197478991596639	19	23	2018	2015	-3	4
0.0	20	23	2018	2015	-3	3
0.026260504201680673	21	23	2018	2015	-3	2
0.0031512605042016808	22	23	2018	2015	-3	1
0.009453781512605041	23	23	2018	2015	-3	0
0.0010504201680672268	24	23	2018	2015	-3	-1
0.0	25	23	2018	2015	-3	-2
0.0063025210084033615	26	23	2018	2015	-3	-3
0.0	27	23	2018	2015	-3	-4
0.0	28	23	2018	2015	-3	-5
0.0	29	23	2018	2015	-3	-6
0.0	0	23	2019	2015	-4	23
0.0	1	23	2019	2015	-4	22
0.0	2	23	2019	2015	-4	21
0.0	3	23	2019	2015	-4	20
0.0	4	23	2019	2015	-4	19
0.0	5	23	2019	2015	-4	18
0.0	6	23	2019	2015	-4	17
0.008849557522123894	7	23	2019	2015	-4	16
0.0	8	23	2019	2015	-4	15
0.05309734513274336	9	23	2019	2015	-4	14
0.04424778761061947	10	23	2019	2015	-4	13
0.0	11	23	2019	2015	-4	12
0.0	12	23	2019	2015	-4	11
0.017699115044247787	13	23	2019	2015	-4	10
0.1592920353982301	14	23	2019	2015	-4	9
0.12389380530973451	15	23	2019	2015	-4	8
0.30973451327433627	16	23	2019	2015	-4	7
0.017699115044247787	17	23	2019	2015	-4	6
0.008849557522123894	18	23	2019	2015	-4	5
0.1592920353982301	19	23	2019	2015	-4	4
0.0	20	23	2019	2015	-4	3
0.05309734513274336	21	23	2019	2015	-4	2
0.008849557522123894	22	23	2019	2015	-4	1
0.017699115044247787	23	23	2019	2015	-4	0
0.0	24	23	2019	2015	-4	-1
0.0	25	23	2019	2015	-4	-2
0.017699115044247787	26	23	2019	2015	-4	-3
0.0	27	23	2019	2015	-4	-4
0.0	28	23	2019	2015	-4	-5
0.0	29	23	2019	2015	-4	-6
0.00392156862745098	0	23	2020	2015	-5	23
0.0	1	23	2020	2015	-5	22
0.0	2	23	2020	2015	-5	21
0.0	3	23	2020	2015	-5	20
0.0	4	23	2020	2015	-5	19
0.0	5	23	2020	2015	-5	18
0.0	6	23	2020	2015	-5	17
0.0	7	23	2020	2015	-5	16
0.011764705882352941	8	23	2020	2015	-5	15
0.03137254901960784	9	23	2020	2015	-5	14
0.0	10	23	2020	2015	-5	13
0.0	11	23	2020	2015	-5	12
0.0	12	23	2020	2015	-5	11
0.0	13	23	2020	2015	-5	10
0.027450980392156862	14	23	2020	2015	-5	9
0.20392156862745098	15	23	2020	2015	-5	8
0.11372549019607843	16	23	2020	2015	-5	7
0.03137254901960784	17	23	2020	2015	-5	6
0.0196078431372549	18	23	2020	2015	-5	5
0.13725490196078433	19	23	2020	2015	-5	4
0.0	20	23	2020	2015	-5	3
0.12549019607843137	21	23	2020	2015	-5	2
0.00392156862745098	22	23	2020	2015	-5	1
0.01568627450980392	23	23	2020	2015	-5	0
0.09803921568627451	24	23	2020	2015	-5	-1
0.011764705882352941	25	23	2020	2015	-5	-2
0.023529411764705882	26	23	2020	2015	-5	-3
0.00392156862745098	27	23	2020	2015	-5	-4
0.13725490196078433	28	23	2020	2015	-5	-5
0.0	29	23	2020	2015	-5	-6
0.004098360655737705	0	23	2021	2015	-6	23
0.0	1	23	2021	2015	-6	22
0.0	2	23	2021	2015	-6	21
0.0	3	23	2021	2015	-6	20
0.0	4	23	2021	2015	-6	19
0.0	5	23	2021	2015	-6	18
0.0	6	23	2021	2015	-6	17
0.0	7	23	2021	2015	-6	16
0.00819672131147541	8	23	2021	2015	-6	15
0.00819672131147541	9	23	2021	2015	-6	14
0.004098360655737705	10	23	2021	2015	-6	13
0.00819672131147541	11	23	2021	2015	-6	12
0.0	12	23	2021	2015	-6	11
0.0	13	23	2021	2015	-6	10
0.040983606557377046	14	23	2021	2015	-6	9
0.01639344262295082	15	23	2021	2015	-6	8
0.06967213114754098	16	23	2021	2015	-6	7
0.00819672131147541	17	23	2021	2015	-6	6
0.02459016393442623	18	23	2021	2015	-6	5
0.20081967213114754	19	23	2021	2015	-6	4
0.004098360655737705	20	23	2021	2015	-6	3
0.3073770491803279	21	23	2021	2015	-6	2
0.020491803278688523	22	23	2021	2015	-6	1
0.012295081967213115	23	23	2021	2015	-6	0
0.09016393442622951	24	23	2021	2015	-6	-1
0.028688524590163935	25	23	2021	2015	-6	-2
0.10655737704918032	26	23	2021	2015	-6	-3
0.004098360655737705	27	23	2021	2015	-6	-4
0.03278688524590164	28	23	2021	2015	-6	-5
0.0	29	23	2021	2015	-6	-6
0.05039096437880104	0	24	2010	2016	6	24
0.01998262380538662	1	24	2010	2016	6	23
0.0026064291920069507	2	24	2010	2016	6	22
0.40834057341442226	3	24	2010	2016	6	21
0.18679409209383144	4	24	2010	2016	6	20
0.036490008688097306	5	24	2010	2016	6	19
0.013900955690703735	6	24	2010	2016	6	18
0.07124239791485665	7	24	2010	2016	6	17
0.18766290182450043	8	24	2010	2016	6	16
0.006081668114682885	9	24	2010	2016	6	15
0.0034752389226759338	10	24	2010	2016	6	14
0.0008688097306689834	11	24	2010	2016	6	13
0.0	12	24	2010	2016	6	12
0.0	13	24	2010	2016	6	11
0.007819287576020852	14	24	2010	2016	6	10
0.0008688097306689834	15	24	2010	2016	6	9
0.0	16	24	2010	2016	6	8
0.0	17	24	2010	2016	6	7
0.0	18	24	2010	2016	6	6
0.0017376194613379669	19	24	2010	2016	6	5
0.0	20	24	2010	2016	6	4
0.0	21	24	2010	2016	6	3
0.0	22	24	2010	2016	6	2
0.0	23	24	2010	2016	6	1
0.0	24	24	2010	2016	6	0
0.0	25	24	2010	2016	6	-1
0.0008688097306689834	26	24	2010	2016	6	-2
0.0	27	24	2010	2016	6	-3
0.0008688097306689834	28	24	2010	2016	6	-4
0.0	29	24	2010	2016	6	-5
0.03152709359605911	0	24	2011	2016	5	24
0.0009852216748768472	1	24	2011	2016	5	23
0.002955665024630542	2	24	2011	2016	5	22
0.10935960591133005	3	24	2011	2016	5	21
0.20788177339901479	4	24	2011	2016	5	20
0.06403940886699508	5	24	2011	2016	5	19
0.026600985221674877	6	24	2011	2016	5	18
0.22660098522167488	7	24	2011	2016	5	17
0.3044334975369458	8	24	2011	2016	5	16
0.009852216748768473	9	24	2011	2016	5	15
0.002955665024630542	10	24	2011	2016	5	14
0.0009852216748768472	11	24	2011	2016	5	13
0.0	12	24	2011	2016	5	12
0.0	13	24	2011	2016	5	11
0.0009852216748768472	14	24	2011	2016	5	10
0.0019704433497536944	15	24	2011	2016	5	9
0.0049261083743842365	16	24	2011	2016	5	8
0.0	17	24	2011	2016	5	7
0.0	18	24	2011	2016	5	6
0.0019704433497536944	19	24	2011	2016	5	5
0.0	20	24	2011	2016	5	4
0.0	21	24	2011	2016	5	3
0.0	22	24	2011	2016	5	2
0.0009852216748768472	23	24	2011	2016	5	1
0.0	24	24	2011	2016	5	0
0.0	25	24	2011	2016	5	-1
0.0	26	24	2011	2016	5	-2
0.0009852216748768472	27	24	2011	2016	5	-3
0.0	28	24	2011	2016	5	-4
0.0	29	24	2011	2016	5	-5
0.013390139987827145	0	24	2012	2016	4	24
0.0018259281801582471	1	24	2012	2016	4	23
0.0012172854534388314	2	24	2012	2016	4	22
0.04686548995739501	3	24	2012	2016	4	21
0.16981132075471697	4	24	2012	2016	4	20
0.03712720632988436	5	24	2012	2016	4	19
0.01399878271454656	6	24	2012	2016	4	18
0.263542300669507	7	24	2012	2016	4	17
0.4157029823493609	8	24	2012	2016	4	16
0.014607425441265977	9	24	2012	2016	4	15
0.017650639074863056	10	24	2012	2016	4	14
0.0012172854534388314	11	24	2012	2016	4	13
0.0006086427267194157	12	24	2012	2016	4	12
0.0	13	24	2012	2016	4	11
0.0012172854534388314	14	24	2012	2016	4	10
0.0006086427267194157	15	24	2012	2016	4	9
0.0006086427267194157	16	24	2012	2016	4	8
0.0	17	24	2012	2016	4	7
0.0	18	24	2012	2016	4	6
0.0	19	24	2012	2016	4	5
0.0	20	24	2012	2016	4	4
0.0	21	24	2012	2016	4	3
0.0	22	24	2012	2016	4	2
0.0	23	24	2012	2016	4	1
0.0	24	24	2012	2016	4	0
0.0	25	24	2012	2016	4	-1
0.0	26	24	2012	2016	4	-2
0.0	27	24	2012	2016	4	-3
0.0	28	24	2012	2016	4	-4
0.0	29	24	2012	2016	4	-5
0.003785011355034065	0	24	2013	2016	3	24
0.001514004542013626	1	24	2013	2016	3	23
0.000757002271006813	2	24	2013	2016	3	22
0.0174110522331567	3	24	2013	2016	3	21
0.07115821347464042	4	24	2013	2016	3	20
0.03785011355034065	5	24	2013	2016	3	19
0.018168054504163512	6	24	2013	2016	3	18
0.21877365632096896	7	24	2013	2016	3	17
0.4753974261922786	8	24	2013	2016	3	16
0.06207418622255867	9	24	2013	2016	3	15
0.059046177138531414	10	24	2013	2016	3	14
0.00984102952308857	11	24	2013	2016	3	13
0.000757002271006813	12	24	2013	2016	3	12
0.005299015897047691	13	24	2013	2016	3	11
0.00984102952308857	14	24	2013	2016	3	10
0.006813020439061317	15	24	2013	2016	3	9
0.000757002271006813	16	24	2013	2016	3	8
0.0	17	24	2013	2016	3	7
0.0	18	24	2013	2016	3	6
0.0	19	24	2013	2016	3	5
0.0	20	24	2013	2016	3	4
0.000757002271006813	21	24	2013	2016	3	3
0.0	22	24	2013	2016	3	2
0.0	23	24	2013	2016	3	1
0.0	24	24	2013	2016	3	0
0.0	25	24	2013	2016	3	-1
0.0	26	24	2013	2016	3	-2
0.0	27	24	2013	2016	3	-3
0.0	28	24	2013	2016	3	-4
0.0	29	24	2013	2016	3	-5
0.013474494706448507	0	24	2014	2016	2	24
0.0	1	24	2014	2016	2	23
0.0	2	24	2014	2016	2	22
0.007699711260827719	3	24	2014	2016	2	21
0.019249278152069296	4	24	2014	2016	2	20
0.016361886429258902	5	24	2014	2016	2	19
0.009624639076034648	6	24	2014	2016	2	18
0.05774783445620789	7	24	2014	2016	2	17
0.39268527430221367	8	24	2014	2016	2	16
0.2569778633301251	9	24	2014	2016	2	15
0.109720885466795	10	24	2014	2016	2	14
0.016361886429258902	11	24	2014	2016	2	13
0.004812319538017324	12	24	2014	2016	2	12
0.008662175168431183	13	24	2014	2016	2	11
0.06929740134744947	14	24	2014	2016	2	10
0.015399422521655439	15	24	2014	2016	2	9
0.0019249278152069298	16	24	2014	2016	2	8
0.0	17	24	2014	2016	2	7
0.0	18	24	2014	2016	2	6
0.0	19	24	2014	2016	2	5
0.0	20	24	2014	2016	2	4
0.0	21	24	2014	2016	2	3
0.0	22	24	2014	2016	2	2
0.0	23	24	2014	2016	2	1
0.0	24	24	2014	2016	2	0
0.0	25	24	2014	2016	2	-1
0.0	26	24	2014	2016	2	-2
0.0	27	24	2014	2016	2	-3
0.0	28	24	2014	2016	2	-4
0.0	29	24	2014	2016	2	-5
0.004362050163576881	0	24	2015	2016	1	24
0.0010905125408942203	1	24	2015	2016	1	23
0.0	2	24	2015	2016	1	22
0.0021810250817884407	3	24	2015	2016	1	21
0.014176663031624863	4	24	2015	2016	1	20
0.013086150490730643	5	24	2015	2016	1	19
0.003271537622682661	6	24	2015	2016	1	18
0.030534351145038167	7	24	2015	2016	1	17
0.21264994547437296	8	24	2015	2016	1	16
0.3173391494002181	9	24	2015	2016	1	15
0.128680479825518	10	24	2015	2016	1	14
0.06761177753544166	11	24	2015	2016	1	13
0.003271537622682661	12	24	2015	2016	1	12
0.0054525627044711015	13	24	2015	2016	1	11
0.11886586695747	14	24	2015	2016	1	10
0.05016357688113413	15	24	2015	2016	1	9
0.023991275899672846	16	24	2015	2016	1	8
0.0021810250817884407	17	24	2015	2016	1	7
0.0	18	24	2015	2016	1	6
0.0010905125408942203	19	24	2015	2016	1	5
0.0	20	24	2015	2016	1	4
0.0	21	24	2015	2016	1	3
0.0	22	24	2015	2016	1	2
0.0	23	24	2015	2016	1	1
0.0	24	24	2015	2016	1	0
0.0	25	24	2015	2016	1	-1
0.0	26	24	2015	2016	1	-2
0.0	27	24	2015	2016	1	-3
0.0	28	24	2015	2016	1	-4
0.0	29	24	2015	2016	1	-5
0.03170028818443804	0	24	2016	2016	0	24
0.0	1	24	2016	2016	0	23
0.0	2	24	2016	2016	0	22
0.002881844380403458	3	24	2016	2016	0	21
0.008645533141210375	4	24	2016	2016	0	20
0.005763688760806916	5	24	2016	2016	0	19
0.0	6	24	2016	2016	0	18
0.020172910662824207	7	24	2016	2016	0	17
0.07780979827089338	8	24	2016	2016	0	16
0.2564841498559078	9	24	2016	2016	0	15
0.06628242074927954	10	24	2016	2016	0	14
0.06628242074927954	11	24	2016	2016	0	13
0.002881844380403458	12	24	2016	2016	0	12
0.008645533141210375	13	24	2016	2016	0	11
0.2564841498559078	14	24	2016	2016	0	10
0.1239193083573487	15	24	2016	2016	0	9
0.06340057636887608	16	24	2016	2016	0	8
0.0	17	24	2016	2016	0	7
0.0	18	24	2016	2016	0	6
0.005763688760806916	19	24	2016	2016	0	5
0.0	20	24	2016	2016	0	4
0.0	21	24	2016	2016	0	3
0.0	22	24	2016	2016	0	2
0.002881844380403458	23	24	2016	2016	0	1
0.0	24	24	2016	2016	0	0
0.0	25	24	2016	2016	0	-1
0.0	26	24	2016	2016	0	-2
0.0	27	24	2016	2016	0	-3
0.0	28	24	2016	2016	0	-4
0.0	29	24	2016	2016	0	-5
0.014577259475218658	0	24	2017	2016	-1	24
0.0	1	24	2017	2016	-1	23
0.0	2	24	2017	2016	-1	22
0.0029154518950437317	3	24	2017	2016	-1	21
0.0	4	24	2017	2016	-1	20
0.0	5	24	2017	2016	-1	19
0.0	6	24	2017	2016	-1	18
0.014577259475218658	7	24	2017	2016	-1	17
0.04081632653061224	8	24	2017	2016	-1	16
0.16326530612244897	9	24	2017	2016	-1	15
0.06997084548104957	10	24	2017	2016	-1	14
0.04664723032069971	11	24	2017	2016	-1	13
0.0	12	24	2017	2016	-1	12
0.0029154518950437317	13	24	2017	2016	-1	11
0.2536443148688047	14	24	2017	2016	-1	10
0.1661807580174927	15	24	2017	2016	-1	9
0.22448979591836735	16	24	2017	2016	-1	8
0.0	17	24	2017	2016	-1	7
0.0	18	24	2017	2016	-1	6
0.0	19	24	2017	2016	-1	5
0.0	20	24	2017	2016	-1	4
0.0	21	24	2017	2016	-1	3
0.0	22	24	2017	2016	-1	2
0.0	23	24	2017	2016	-1	1
0.0	24	24	2017	2016	-1	0
0.0	25	24	2017	2016	-1	-1
0.0	26	24	2017	2016	-1	-2
0.0	27	24	2017	2016	-1	-3
0.0	28	24	2017	2016	-1	-4
0.0	29	24	2017	2016	-1	-5
0.0	0	24	2018	2016	-2	24
0.0	1	24	2018	2016	-2	23
0.0	2	24	2018	2016	-2	22
0.0010672358591248667	3	24	2018	2016	-2	21
0.0010672358591248667	4	24	2018	2016	-2	20
0.0	5	24	2018	2016	-2	19
0.0	6	24	2018	2016	-2	18
0.0064034151547491995	7	24	2018	2016	-2	17
0.011739594450373533	8	24	2018	2016	-2	16
0.12273212379935966	9	24	2018	2016	-2	15
0.04589114194236926	10	24	2018	2016	-2	14
0.008537886872998933	11	24	2018	2016	-2	13
0.0021344717182497333	12	24	2018	2016	-2	12
0.0010672358591248667	13	24	2018	2016	-2	11
0.18676627534685167	14	24	2018	2016	-2	10
0.23372465314834578	15	24	2018	2016	-2	9
0.24332977588046958	16	24	2018	2016	-2	8
0.017075773745997867	17	24	2018	2016	-2	7
0.010672358591248666	18	24	2018	2016	-2	6
0.060832443970117396	19	24	2018	2016	-2	5
0.0	20	24	2018	2016	-2	4
0.026680896478121666	21	24	2018	2016	-2	3
0.0032017075773745998	22	24	2018	2016	-2	2
0.0096051227321238	23	24	2018	2016	-2	1
0.0010672358591248667	24	24	2018	2016	-2	0
0.0	25	24	2018	2016	-2	-1
0.0064034151547491995	26	24	2018	2016	-2	-2
0.0	27	24	2018	2016	-2	-3
0.0	28	24	2018	2016	-2	-4
0.0	29	24	2018	2016	-2	-5
0.003006012024048096	0	24	2019	2016	-3	24
0.0	1	24	2019	2016	-3	23
0.0	2	24	2019	2016	-3	22
0.0	3	24	2019	2016	-3	21
0.0	4	24	2019	2016	-3	20
0.0	5	24	2019	2016	-3	19
0.0	6	24	2019	2016	-3	18
0.001002004008016032	7	24	2019	2016	-3	17
0.0070140280561122245	8	24	2019	2016	-3	16
0.0781563126252505	9	24	2019	2016	-3	15
0.028056112224448898	10	24	2019	2016	-3	14
0.003006012024048096	11	24	2019	2016	-3	13
0.0070140280561122245	12	24	2019	2016	-3	12
0.003006012024048096	13	24	2019	2016	-3	11
0.10721442885771543	14	24	2019	2016	-3	10
0.15430861723446893	15	24	2019	2016	-3	9
0.3246492985971944	16	24	2019	2016	-3	8
0.036072144288577156	17	24	2019	2016	-3	7
0.017034068136272545	18	24	2019	2016	-3	6
0.11823647294589178	19	24	2019	2016	-3	5
0.00501002004008016	20	24	2019	2016	-3	4
0.06913827655310621	21	24	2019	2016	-3	3
0.012024048096192385	22	24	2019	2016	-3	2
0.018036072144288578	23	24	2019	2016	-3	1
0.001002004008016032	24	24	2019	2016	-3	0
0.0	25	24	2019	2016	-3	-1
0.006012024048096192	26	24	2019	2016	-3	-2
0.001002004008016032	27	24	2019	2016	-3	-3
0.0	28	24	2019	2016	-3	-4
0.0	29	24	2019	2016	-3	-5
0.004347826086956522	0	24	2020	2016	-4	24
0.0	1	24	2020	2016	-4	23
0.0	2	24	2020	2016	-4	22
0.0	3	24	2020	2016	-4	21
0.0	4	24	2020	2016	-4	20
0.0	5	24	2020	2016	-4	19
0.0	6	24	2020	2016	-4	18
0.0	7	24	2020	2016	-4	17
0.013043478260869565	8	24	2020	2016	-4	16
0.034782608695652174	9	24	2020	2016	-4	15
0.0	10	24	2020	2016	-4	14
0.0	11	24	2020	2016	-4	13
0.0	12	24	2020	2016	-4	12
0.0	13	24	2020	2016	-4	11
0.030434782608695653	14	24	2020	2016	-4	10
0.22608695652173913	15	24	2020	2016	-4	9
0.12608695652173912	16	24	2020	2016	-4	8
0.034782608695652174	17	24	2020	2016	-4	7
0.021739130434782608	18	24	2020	2016	-4	6
0.15217391304347827	19	24	2020	2016	-4	5
0.0	20	24	2020	2016	-4	4
0.1391304347826087	21	24	2020	2016	-4	3
0.004347826086956522	22	24	2020	2016	-4	2
0.017391304347826087	23	24	2020	2016	-4	1
0.0	24	24	2020	2016	-4	0
0.013043478260869565	25	24	2020	2016	-4	-1
0.02608695652173913	26	24	2020	2016	-4	-2
0.004347826086956522	27	24	2020	2016	-4	-3
0.15217391304347827	28	24	2020	2016	-4	-4
0.0	29	24	2020	2016	-4	-5
0.004464285714285714	0	24	2021	2016	-5	24
0.0	1	24	2021	2016	-5	23
0.0	2	24	2021	2016	-5	22
0.0	3	24	2021	2016	-5	21
0.0	4	24	2021	2016	-5	20
0.0	5	24	2021	2016	-5	19
0.0	6	24	2021	2016	-5	18
0.0	7	24	2021	2016	-5	17
0.008928571428571428	8	24	2021	2016	-5	16
0.008928571428571428	9	24	2021	2016	-5	15
0.004464285714285714	10	24	2021	2016	-5	14
0.008928571428571428	11	24	2021	2016	-5	13
0.0	12	24	2021	2016	-5	12
0.0	13	24	2021	2016	-5	11
0.044642857142857144	14	24	2021	2016	-5	10
0.022321428571428572	15	24	2021	2016	-5	9
0.07589285714285714	16	24	2021	2016	-5	8
0.008928571428571428	17	24	2021	2016	-5	7
0.026785714285714284	18	24	2021	2016	-5	6
0.20982142857142858	19	24	2021	2016	-5	5
0.004464285714285714	20	24	2021	2016	-5	4
0.32589285714285715	21	24	2021	2016	-5	3
0.022321428571428572	22	24	2021	2016	-5	2
0.013392857142857142	23	24	2021	2016	-5	1
0.026785714285714284	24	24	2021	2016	-5	0
0.03125	25	24	2021	2016	-5	-1
0.11160714285714286	26	24	2021	2016	-5	-2
0.004464285714285714	27	24	2021	2016	-5	-3
0.03571428571428571	28	24	2021	2016	-5	-4
0.0	29	24	2021	2016	-5	-5
0.05039096437880104	0	25	2010	2016	6	25
0.019113814074717638	1	25	2010	2016	6	24
0.0026064291920069507	2	25	2010	2016	6	23
0.4092093831450912	3	25	2010	2016	6	22
0.18679409209383144	4	25	2010	2016	6	21
0.036490008688097306	5	25	2010	2016	6	20
0.013900955690703735	6	25	2010	2016	6	19
0.07124239791485665	7	25	2010	2016	6	18
0.18766290182450043	8	25	2010	2016	6	17
0.006081668114682885	9	25	2010	2016	6	16
0.0034752389226759338	10	25	2010	2016	6	15
0.0008688097306689834	11	25	2010	2016	6	14
0.0	12	25	2010	2016	6	13
0.0	13	25	2010	2016	6	12
0.007819287576020852	14	25	2010	2016	6	11
0.0008688097306689834	15	25	2010	2016	6	10
0.0	16	25	2010	2016	6	9
0.0	17	25	2010	2016	6	8
0.0	18	25	2010	2016	6	7
0.0017376194613379669	19	25	2010	2016	6	6
0.0	20	25	2010	2016	6	5
0.0	21	25	2010	2016	6	4
0.0	22	25	2010	2016	6	3
0.0	23	25	2010	2016	6	2
0.0	24	25	2010	2016	6	1
0.0	25	25	2010	2016	6	0
0.0008688097306689834	26	25	2010	2016	6	-1
0.0	27	25	2010	2016	6	-2
0.0008688097306689834	28	25	2010	2016	6	-3
0.0	29	25	2010	2016	6	-4
0.03152709359605911	0	25	2011	2016	5	25
0.0009852216748768472	1	25	2011	2016	5	24
0.002955665024630542	2	25	2011	2016	5	23
0.10935960591133005	3	25	2011	2016	5	22
0.20788177339901479	4	25	2011	2016	5	21
0.06403940886699508	5	25	2011	2016	5	20
0.02561576354679803	6	25	2011	2016	5	19
0.22660098522167488	7	25	2011	2016	5	18
0.3044334975369458	8	25	2011	2016	5	17
0.01083743842364532	9	25	2011	2016	5	16
0.002955665024630542	10	25	2011	2016	5	15
0.0009852216748768472	11	25	2011	2016	5	14
0.0	12	25	2011	2016	5	13
0.0	13	25	2011	2016	5	12
0.0009852216748768472	14	25	2011	2016	5	11
0.0019704433497536944	15	25	2011	2016	5	10
0.0049261083743842365	16	25	2011	2016	5	9
0.0	17	25	2011	2016	5	8
0.0	18	25	2011	2016	5	7
0.0019704433497536944	19	25	2011	2016	5	6
0.0	20	25	2011	2016	5	5
0.0	21	25	2011	2016	5	4
0.0	22	25	2011	2016	5	3
0.0009852216748768472	23	25	2011	2016	5	2
0.0	24	25	2011	2016	5	1
0.0	25	25	2011	2016	5	0
0.0	26	25	2011	2016	5	-1
0.0009852216748768472	27	25	2011	2016	5	-2
0.0	28	25	2011	2016	5	-3
0.0	29	25	2011	2016	5	-4
0.013390139987827145	0	25	2012	2016	4	25
0.0018259281801582471	1	25	2012	2016	4	24
0.0012172854534388314	2	25	2012	2016	4	23
0.04747413268411443	3	25	2012	2016	4	22
0.16981132075471697	4	25	2012	2016	4	21
0.03712720632988436	5	25	2012	2016	4	20
0.01399878271454656	6	25	2012	2016	4	19
0.263542300669507	7	25	2012	2016	4	18
0.41509433962264153	8	25	2012	2016	4	17
0.014607425441265977	9	25	2012	2016	4	16
0.017650639074863056	10	25	2012	2016	4	15
0.0012172854534388314	11	25	2012	2016	4	14
0.0006086427267194157	12	25	2012	2016	4	13
0.0	13	25	2012	2016	4	12
0.0012172854534388314	14	25	2012	2016	4	11
0.0006086427267194157	15	25	2012	2016	4	10
0.0006086427267194157	16	25	2012	2016	4	9
0.0	17	25	2012	2016	4	8
0.0	18	25	2012	2016	4	7
0.0	19	25	2012	2016	4	6
0.0	20	25	2012	2016	4	5
0.0	21	25	2012	2016	4	4
0.0	22	25	2012	2016	4	3
0.0	23	25	2012	2016	4	2
0.0	24	25	2012	2016	4	1
0.0	25	25	2012	2016	4	0
0.0	26	25	2012	2016	4	-1
0.0	27	25	2012	2016	4	-2
0.0	28	25	2012	2016	4	-3
0.0	29	25	2012	2016	4	-4
0.003770739064856712	0	25	2013	2016	3	25
0.0015082956259426848	1	25	2013	2016	3	24
0.0007541478129713424	2	25	2013	2016	3	23
0.017345399698340876	3	25	2013	2016	3	22
0.07164404223227752	4	25	2013	2016	3	21
0.03770739064856712	5	25	2013	2016	3	20
0.01809954751131222	6	25	2013	2016	3	19
0.21794871794871795	7	25	2013	2016	3	18
0.4766214177978884	8	25	2013	2016	3	17
0.06259426847662142	9	25	2013	2016	3	16
0.058069381598793365	10	25	2013	2016	3	15
0.00980392156862745	11	25	2013	2016	3	14
0.0007541478129713424	12	25	2013	2016	3	13
0.005279034690799397	13	25	2013	2016	3	12
0.00980392156862745	14	25	2013	2016	3	11
0.006787330316742082	15	25	2013	2016	3	10
0.0007541478129713424	16	25	2013	2016	3	9
0.0	17	25	2013	2016	3	8
0.0	18	25	2013	2016	3	7
0.0	19	25	2013	2016	3	6
0.0	20	25	2013	2016	3	5
0.0007541478129713424	21	25	2013	2016	3	4
0.0	22	25	2013	2016	3	3
0.0	23	25	2013	2016	3	2
0.0	24	25	2013	2016	3	1
0.0	25	25	2013	2016	3	0
0.0	26	25	2013	2016	3	-1
0.0	27	25	2013	2016	3	-2
0.0	28	25	2013	2016	3	-3
0.0	29	25	2013	2016	3	-4
0.013270142180094787	0	25	2014	2016	2	25
0.0	1	25	2014	2016	2	24
0.0	2	25	2014	2016	2	23
0.007582938388625593	3	25	2014	2016	2	22
0.018957345971563982	4	25	2014	2016	2	21
0.016113744075829384	5	25	2014	2016	2	20
0.009478672985781991	6	25	2014	2016	2	19
0.05781990521327014	7	25	2014	2016	2	18
0.3933649289099526	8	25	2014	2016	2	17
0.25971563981042656	9	25	2014	2016	2	16
0.1080568720379147	10	25	2014	2016	2	15
0.017061611374407582	11	25	2014	2016	2	14
0.004739336492890996	12	25	2014	2016	2	13
0.008530805687203791	13	25	2014	2016	2	12
0.06824644549763033	14	25	2014	2016	2	11
0.015165876777251185	15	25	2014	2016	2	10
0.0018957345971563982	16	25	2014	2016	2	9
0.0	17	25	2014	2016	2	8
0.0	18	25	2014	2016	2	7
0.0	19	25	2014	2016	2	6
0.0	20	25	2014	2016	2	5
0.0	21	25	2014	2016	2	4
0.0	22	25	2014	2016	2	3
0.0	23	25	2014	2016	2	2
0.0	24	25	2014	2016	2	1
0.0	25	25	2014	2016	2	0
0.0	26	25	2014	2016	2	-1
0.0	27	25	2014	2016	2	-2
0.0	28	25	2014	2016	2	-3
0.0	29	25	2014	2016	2	-4
0.004366812227074236	0	25	2015	2016	1	25
0.001091703056768559	1	25	2015	2016	1	24
0.0	2	25	2015	2016	1	23
0.002183406113537118	3	25	2015	2016	1	22
0.014192139737991267	4	25	2015	2016	1	21
0.013100436681222707	5	25	2015	2016	1	20
0.0032751091703056767	6	25	2015	2016	1	19
0.02947598253275109	7	25	2015	2016	1	18
0.21397379912663755	8	25	2015	2016	1	17
0.3165938864628821	9	25	2015	2016	1	16
0.1277292576419214	10	25	2015	2016	1	15
0.06768558951965066	11	25	2015	2016	1	14
0.0032751091703056767	12	25	2015	2016	1	13
0.0054585152838427945	13	25	2015	2016	1	12
0.11899563318777293	14	25	2015	2016	1	11
0.05021834061135371	15	25	2015	2016	1	10
0.025109170305676855	16	25	2015	2016	1	9
0.002183406113537118	17	25	2015	2016	1	8
0.0	18	25	2015	2016	1	7
0.001091703056768559	19	25	2015	2016	1	6
0.0	20	25	2015	2016	1	5
0.0	21	25	2015	2016	1	4
0.0	22	25	2015	2016	1	3
0.0	23	25	2015	2016	1	2
0.0	24	25	2015	2016	1	1
0.0	25	25	2015	2016	1	0
0.0	26	25	2015	2016	1	-1
0.0	27	25	2015	2016	1	-2
0.0	28	25	2015	2016	1	-3
0.0	29	25	2015	2016	1	-4
0.03197674418604651	0	25	2016	2016	0	25
0.0	1	25	2016	2016	0	24
0.0	2	25	2016	2016	0	23
0.0029069767441860465	3	25	2016	2016	0	22
0.00872093023255814	4	25	2016	2016	0	21
0.005813953488372093	5	25	2016	2016	0	20
0.0	6	25	2016	2016	0	19
0.020348837209302327	7	25	2016	2016	0	18
0.08430232558139535	8	25	2016	2016	0	17
0.2558139534883721	9	25	2016	2016	0	16
0.0755813953488372	10	25	2016	2016	0	15
0.06395348837209303	11	25	2016	2016	0	14
0.0029069767441860465	12	25	2016	2016	0	13
0.00872093023255814	13	25	2016	2016	0	12
0.25290697674418605	14	25	2016	2016	0	11
0.11918604651162791	15	25	2016	2016	0	10
0.05813953488372093	16	25	2016	2016	0	9
0.0	17	25	2016	2016	0	8
0.0	18	25	2016	2016	0	7
0.005813953488372093	19	25	2016	2016	0	6
0.0	20	25	2016	2016	0	5
0.0	21	25	2016	2016	0	4
0.0	22	25	2016	2016	0	3
0.0029069767441860465	23	25	2016	2016	0	2
0.0	24	25	2016	2016	0	1
0.0	25	25	2016	2016	0	0
0.0	26	25	2016	2016	0	-1
0.0	27	25	2016	2016	0	-2
0.0	28	25	2016	2016	0	-3
0.0	29	25	2016	2016	0	-4
0.01466275659824047	0	25	2017	2016	-1	25
0.0	1	25	2017	2016	-1	24
0.0	2	25	2017	2016	-1	23
0.002932551319648094	3	25	2017	2016	-1	22
0.0	4	25	2017	2016	-1	21
0.0	5	25	2017	2016	-1	20
0.0	6	25	2017	2016	-1	19
0.01466275659824047	7	25	2017	2016	-1	18
0.04105571847507331	8	25	2017	2016	-1	17
0.15249266862170088	9	25	2017	2016	-1	16
0.06744868035190615	10	25	2017	2016	-1	15
0.05278592375366569	11	25	2017	2016	-1	14
0.0	12	25	2017	2016	-1	13
0.002932551319648094	13	25	2017	2016	-1	12
0.26099706744868034	14	25	2017	2016	-1	11
0.15835777126099707	15	25	2017	2016	-1	10
0.2316715542521994	16	25	2017	2016	-1	9
0.0	17	25	2017	2016	-1	8
0.0	18	25	2017	2016	-1	7
0.0	19	25	2017	2016	-1	6
0.0	20	25	2017	2016	-1	5
0.0	21	25	2017	2016	-1	4
0.0	22	25	2017	2016	-1	3
0.0	23	25	2017	2016	-1	2
0.0	24	25	2017	2016	-1	1
0.0	25	25	2017	2016	-1	0
0.0	26	25	2017	2016	-1	-1
0.0	27	25	2017	2016	-1	-2
0.0	28	25	2017	2016	-1	-3
0.0	29	25	2017	2016	-1	-4
0.0	0	25	2018	2016	-2	25
0.0	1	25	2018	2016	-2	24
0.0	2	25	2018	2016	-2	23
0.0010582010582010583	3	25	2018	2016	-2	22
0.0010582010582010583	4	25	2018	2016	-2	21
0.0	5	25	2018	2016	-2	20
0.0	6	25	2018	2016	-2	19
0.006349206349206349	7	25	2018	2016	-2	18
0.01164021164021164	8	25	2018	2016	-2	17
0.12169312169312169	9	25	2018	2016	-2	16
0.044444444444444446	10	25	2018	2016	-2	15
0.008465608465608466	11	25	2018	2016	-2	14
0.0021164021164021165	12	25	2018	2016	-2	13
0.0010582010582010583	13	25	2018	2016	-2	12
0.1873015873015873	14	25	2018	2016	-2	11
0.23597883597883598	15	25	2018	2016	-2	10
0.24338624338624337	16	25	2018	2016	-2	9
0.01798941798941799	17	25	2018	2016	-2	8
0.010582010582010581	18	25	2018	2016	-2	7
0.06031746031746032	19	25	2018	2016	-2	6
0.0	20	25	2018	2016	-2	5
0.026455026455026454	21	25	2018	2016	-2	4
0.0031746031746031746	22	25	2018	2016	-2	3
0.009523809523809525	23	25	2018	2016	-2	2
0.0010582010582010583	24	25	2018	2016	-2	1
0.0	25	25	2018	2016	-2	0
0.006349206349206349	26	25	2018	2016	-2	-1
0.0	27	25	2018	2016	-2	-2
0.0	28	25	2018	2016	-2	-3
0.0	29	25	2018	2016	-2	-4
0.002997002997002997	0	25	2019	2016	-3	25
0.0	1	25	2019	2016	-3	24
0.0	2	25	2019	2016	-3	23
0.0	3	25	2019	2016	-3	22
0.0	4	25	2019	2016	-3	21
0.0	5	25	2019	2016	-3	20
0.0	6	25	2019	2016	-3	19
0.000999000999000999	7	25	2019	2016	-3	18
0.006993006993006993	8	25	2019	2016	-3	17
0.07692307692307693	9	25	2019	2016	-3	16
0.027972027972027972	10	25	2019	2016	-3	15
0.004995004995004995	11	25	2019	2016	-3	14
0.006993006993006993	12	25	2019	2016	-3	13
0.002997002997002997	13	25	2019	2016	-3	12
0.1068931068931069	14	25	2019	2016	-3	11
0.15484515484515485	15	25	2019	2016	-3	10
0.3256743256743257	16	25	2019	2016	-3	9
0.03796203796203796	17	25	2019	2016	-3	8
0.016983016983016984	18	25	2019	2016	-3	7
0.11588411588411589	19	25	2019	2016	-3	6
0.004995004995004995	20	25	2019	2016	-3	5
0.06793206793206794	21	25	2019	2016	-3	4
0.011988011988011988	22	25	2019	2016	-3	3
0.017982017982017984	23	25	2019	2016	-3	2
0.000999000999000999	24	25	2019	2016	-3	1
0.0	25	25	2019	2016	-3	0
0.005994005994005994	26	25	2019	2016	-3	-1
0.000999000999000999	27	25	2019	2016	-3	-2
0.0	28	25	2019	2016	-3	-3
0.0	29	25	2019	2016	-3	-4
0.0044444444444444444	0	25	2020	2016	-4	25
0.0	1	25	2020	2016	-4	24
0.0	2	25	2020	2016	-4	23
0.0	3	25	2020	2016	-4	22
0.0	4	25	2020	2016	-4	21
0.0	5	25	2020	2016	-4	20
0.0	6	25	2020	2016	-4	19
0.0	7	25	2020	2016	-4	18
0.013333333333333334	8	25	2020	2016	-4	17
0.035555555555555556	9	25	2020	2016	-4	16
0.0	10	25	2020	2016	-4	15
0.0	11	25	2020	2016	-4	14
0.0	12	25	2020	2016	-4	13
0.0	13	25	2020	2016	-4	12
0.03111111111111111	14	25	2020	2016	-4	11
0.2311111111111111	15	25	2020	2016	-4	10
0.1288888888888889	16	25	2020	2016	-4	9
0.02666666666666667	17	25	2020	2016	-4	8
0.022222222222222223	18	25	2020	2016	-4	7
0.15555555555555556	19	25	2020	2016	-4	6
0.0	20	25	2020	2016	-4	5
0.14222222222222222	21	25	2020	2016	-4	4
0.0044444444444444444	22	25	2020	2016	-4	3
0.017777777777777778	23	25	2020	2016	-4	2
0.0	24	25	2020	2016	-4	1
0.0	25	25	2020	2016	-4	0
0.02666666666666667	26	25	2020	2016	-4	-1
0.0044444444444444444	27	25	2020	2016	-4	-2
0.15555555555555556	28	25	2020	2016	-4	-3
0.0	29	25	2020	2016	-4	-4
0.0045662100456621	0	25	2021	2016	-5	25
0.0	1	25	2021	2016	-5	24
0.0	2	25	2021	2016	-5	23
0.0	3	25	2021	2016	-5	22
0.0	4	25	2021	2016	-5	21
0.0	5	25	2021	2016	-5	20
0.0	6	25	2021	2016	-5	19
0.0	7	25	2021	2016	-5	18
0.0091324200913242	8	25	2021	2016	-5	17
0.0091324200913242	9	25	2021	2016	-5	16
0.0045662100456621	10	25	2021	2016	-5	15
0.0091324200913242	11	25	2021	2016	-5	14
0.0	12	25	2021	2016	-5	13
0.0	13	25	2021	2016	-5	12
0.045662100456621	14	25	2021	2016	-5	11
0.0228310502283105	15	25	2021	2016	-5	10
0.0776255707762557	16	25	2021	2016	-5	9
0.0091324200913242	17	25	2021	2016	-5	8
0.0273972602739726	18	25	2021	2016	-5	7
0.2191780821917808	19	25	2021	2016	-5	6
0.0045662100456621	20	25	2021	2016	-5	5
0.3333333333333333	21	25	2021	2016	-5	4
0.0228310502283105	22	25	2021	2016	-5	3
0.0136986301369863	23	25	2021	2016	-5	2
0.0273972602739726	24	25	2021	2016	-5	1
0.0	25	25	2021	2016	-5	0
0.1187214611872146	26	25	2021	2016	-5	-1
0.0045662100456621	27	25	2021	2016	-5	-2
0.0365296803652968	28	25	2021	2016	-5	-3
0.0	29	25	2021	2016	-5	-4
0.04965156794425087	0	26	2010	2017	7	26
0.01916376306620209	1	26	2010	2017	7	25
0.002613240418118467	2	26	2010	2017	7	24
0.4094076655052265	3	26	2010	2017	7	23
0.18728222996515678	4	26	2010	2017	7	22
0.036585365853658534	5	26	2010	2017	7	21
0.013937282229965157	6	26	2010	2017	7	20
0.07142857142857142	7	26	2010	2017	7	19
0.18815331010452963	8	26	2010	2017	7	18
0.006097560975609756	9	26	2010	2017	7	17
0.003484320557491289	10	26	2010	2017	7	16
0.0008710801393728223	11	26	2010	2017	7	15
0.0	12	26	2010	2017	7	14
0.0	13	26	2010	2017	7	13
0.0078397212543554	14	26	2010	2017	7	12
0.0008710801393728223	15	26	2010	2017	7	11
0.0	16	26	2010	2017	7	10
0.0	17	26	2010	2017	7	9
0.0	18	26	2010	2017	7	8
0.0017421602787456446	19	26	2010	2017	7	7
0.0	20	26	2010	2017	7	6
0.0	21	26	2010	2017	7	5
0.0	22	26	2010	2017	7	4
0.0	23	26	2010	2017	7	3
0.0	24	26	2010	2017	7	2
0.0	25	26	2010	2017	7	1
0.0	26	26	2010	2017	7	0
0.0	27	26	2010	2017	7	-1
0.0008710801393728223	28	26	2010	2017	7	-2
0.0	29	26	2010	2017	7	-3
0.031341821743388835	0	26	2011	2017	6	26
0.0009794319294809011	1	26	2011	2017	6	25
0.002938295788442703	2	26	2011	2017	6	24
0.10871694417238002	3	26	2011	2017	6	23
0.20763956904995104	4	26	2011	2017	6	22
0.06366307541625857	5	26	2011	2017	6	21
0.02644466209598433	6	26	2011	2017	6	20
0.22722820763956905	7	26	2011	2017	6	19
0.30264446620959845	8	26	2011	2017	6	18
0.010773751224289911	9	26	2011	2017	6	17
0.0039177277179236044	10	26	2011	2017	6	16
0.0009794319294809011	11	26	2011	2017	6	15
0.0	12	26	2011	2017	6	14
0.0	13	26	2011	2017	6	13
0.0009794319294809011	14	26	2011	2017	6	12
0.0019588638589618022	15	26	2011	2017	6	11
0.005876591576885406	16	26	2011	2017	6	10
0.0	17	26	2011	2017	6	9
0.0	18	26	2011	2017	6	8
0.0019588638589618022	19	26	2011	2017	6	7
0.0	20	26	2011	2017	6	6
0.0	21	26	2011	2017	6	5
0.0	22	26	2011	2017	6	4
0.0009794319294809011	23	26	2011	2017	6	3
0.0	24	26	2011	2017	6	2
0.0	25	26	2011	2017	6	1
0.0	26	26	2011	2017	6	0
0.0009794319294809011	27	26	2011	2017	6	-1
0.0	28	26	2011	2017	6	-2
0.0	29	26	2011	2017	6	-3
0.013341419041843541	0	26	2012	2017	5	26
0.0018192844147968466	1	26	2012	2017	5	25
0.001212856276531231	2	26	2012	2017	5	24
0.04790782292298363	3	26	2012	2017	5	23
0.16979987871437235	4	26	2012	2017	5	22
0.03699211643420255	5	26	2012	2017	5	21
0.013947847180109158	6	26	2012	2017	5	20
0.26379624014554276	7	26	2012	2017	5	19
0.41479684657368104	8	26	2012	2017	5	18
0.014554275318374773	9	26	2012	2017	5	17
0.01758641600970285	10	26	2012	2017	5	16
0.001212856276531231	11	26	2012	2017	5	15
0.0006064281382656155	12	26	2012	2017	5	14
0.0	13	26	2012	2017	5	13
0.001212856276531231	14	26	2012	2017	5	12
0.0006064281382656155	15	26	2012	2017	5	11
0.0006064281382656155	16	26	2012	2017	5	10
0.0	17	26	2012	2017	5	9
0.0	18	26	2012	2017	5	8
0.0	19	26	2012	2017	5	7
0.0	20	26	2012	2017	5	6
0.0	21	26	2012	2017	5	5
0.0	22	26	2012	2017	5	4
0.0	23	26	2012	2017	5	3
0.0	24	26	2012	2017	5	2
0.0	25	26	2012	2017	5	1
0.0	26	26	2012	2017	5	0
0.0	27	26	2012	2017	5	-1
0.0	28	26	2012	2017	5	-2
0.0	29	26	2012	2017	5	-3
0.0036576444769568397	0	26	2013	2017	4	26
0.001463057790782736	1	26	2013	2017	4	25
0.000731528895391368	2	26	2013	2017	4	24
0.01755669348939283	3	26	2013	2017	4	23
0.07168983174835405	4	26	2013	2017	4	22
0.036576444769568395	5	26	2013	2017	4	21
0.01755669348939283	6	26	2013	2017	4	20
0.21726408193123628	7	26	2013	2017	4	19
0.4776883686905633	8	26	2013	2017	4	18
0.06071689831748354	9	26	2013	2017	4	17
0.0592538405267008	10	26	2013	2017	4	16
0.009509875640087784	11	26	2013	2017	4	15
0.000731528895391368	12	26	2013	2017	4	14
0.005120702267739576	13	26	2013	2017	4	13
0.012435991221653255	14	26	2013	2017	4	12
0.006583760058522311	15	26	2013	2017	4	11
0.000731528895391368	16	26	2013	2017	4	10
0.0	17	26	2013	2017	4	9
0.0	18	26	2013	2017	4	8
0.0	19	26	2013	2017	4	7
0.0	20	26	2013	2017	4	6
0.000731528895391368	21	26	2013	2017	4	5
0.0	22	26	2013	2017	4	4
0.0	23	26	2013	2017	4	3
0.0	24	26	2013	2017	4	2
0.0	25	26	2013	2017	4	1
0.0	26	26	2013	2017	4	0
0.0	27	26	2013	2017	4	-1
0.0	28	26	2013	2017	4	-2
0.0	29	26	2013	2017	4	-3
0.013257575757575758	0	26	2014	2017	3	26
0.0	1	26	2014	2017	3	25
0.0	2	26	2014	2017	3	24
0.007575757575757576	3	26	2014	2017	3	23
0.01893939393939394	4	26	2014	2017	3	22
0.016098484848484848	5	26	2014	2017	3	21
0.00946969696969697	6	26	2014	2017	3	20
0.05776515151515151	7	26	2014	2017	3	19
0.3939393939393939	8	26	2014	2017	3	18
0.2585227272727273	9	26	2014	2017	3	17
0.10890151515151515	10	26	2014	2017	3	16
0.017045454545454544	11	26	2014	2017	3	15
0.004734848484848485	12	26	2014	2017	3	14
0.008522727272727272	13	26	2014	2017	3	13
0.06818181818181818	14	26	2014	2017	3	12
0.015151515151515152	15	26	2014	2017	3	11
0.001893939393939394	16	26	2014	2017	3	10
0.0	17	26	2014	2017	3	9
0.0	18	26	2014	2017	3	8
0.0	19	26	2014	2017	3	7
0.0	20	26	2014	2017	3	6
0.0	21	26	2014	2017	3	5
0.0	22	26	2014	2017	3	4
0.0	23	26	2014	2017	3	3
0.0	24	26	2014	2017	3	2
0.0	25	26	2014	2017	3	1
0.0	26	26	2014	2017	3	0
0.0	27	26	2014	2017	3	-1
0.0	28	26	2014	2017	3	-2
0.0	29	26	2014	2017	3	-3
0.00437636761487965	0	26	2015	2017	2	26
0.0010940919037199124	1	26	2015	2017	2	25
0.0	2	26	2015	2017	2	24
0.002188183807439825	3	26	2015	2017	2	23
0.014223194748358862	4	26	2015	2017	2	22
0.012035010940919038	5	26	2015	2017	2	21
0.0032822757111597373	6	26	2015	2017	2	20
0.028446389496717725	7	26	2015	2017	2	19
0.21444201312910285	8	26	2015	2017	2	18
0.31838074398249455	9	26	2015	2017	2	17
0.12800875273522977	10	26	2015	2017	2	16
0.06783369803063458	11	26	2015	2017	2	15
0.0032822757111597373	12	26	2015	2017	2	14
0.005470459518599562	13	26	2015	2017	2	13
0.11925601750547046	14	26	2015	2017	2	12
0.05032822757111598	15	26	2015	2017	2	11
0.024070021881838075	16	26	2015	2017	2	10
0.002188183807439825	17	26	2015	2017	2	9
0.0	18	26	2015	2017	2	8
0.0010940919037199124	19	26	2015	2017	2	7
0.0	20	26	2015	2017	2	6
0.0	21	26	2015	2017	2	5
0.0	22	26	2015	2017	2	4
0.0	23	26	2015	2017	2	3
0.0	24	26	2015	2017	2	2
0.0	25	26	2015	2017	2	1
0.0	26	26	2015	2017	2	0
0.0	27	26	2015	2017	2	-1
0.0	28	26	2015	2017	2	-2
0.0	29	26	2015	2017	2	-3
0.03278688524590164	0	26	2016	2017	1	26
0.0	1	26	2016	2017	1	25
0.0	2	26	2016	2017	1	24
0.00273224043715847	3	26	2016	2017	1	23
0.01092896174863388	4	26	2016	2017	1	22
0.00819672131147541	5	26	2016	2017	1	21
0.0	6	26	2016	2017	1	20
0.01912568306010929	7	26	2016	2017	1	19
0.08196721311475409	8	26	2016	2017	1	18
0.23770491803278687	9	26	2016	2017	1	17
0.07103825136612021	10	26	2016	2017	1	16
0.060109289617486336	11	26	2016	2017	1	15
0.00546448087431694	12	26	2016	2017	1	14
0.01092896174863388	13	26	2016	2017	1	13
0.24043715846994534	14	26	2016	2017	1	12
0.1366120218579235	15	26	2016	2017	1	11
0.06830601092896176	16	26	2016	2017	1	10
0.00546448087431694	17	26	2016	2017	1	9
0.0	18	26	2016	2017	1	8
0.00546448087431694	19	26	2016	2017	1	7
0.0	20	26	2016	2017	1	6
0.0	21	26	2016	2017	1	5
0.0	22	26	2016	2017	1	4
0.00273224043715847	23	26	2016	2017	1	3
0.0	24	26	2016	2017	1	2
0.0	25	26	2016	2017	1	1
0.0	26	26	2016	2017	1	0
0.0	27	26	2016	2017	1	-1
0.0	28	26	2016	2017	1	-2
0.0	29	26	2016	2017	1	-3
0.013966480446927373	0	26	2017	2017	0	26
0.0	1	26	2017	2017	0	25
0.0	2	26	2017	2017	0	24
0.002793296089385475	3	26	2017	2017	0	23
0.0	4	26	2017	2017	0	22
0.0	5	26	2017	2017	0	21
0.0	6	26	2017	2017	0	20
0.013966480446927373	7	26	2017	2017	0	19
0.03910614525139665	8	26	2017	2017	0	18
0.15363128491620112	9	26	2017	2017	0	17
0.06983240223463687	10	26	2017	2017	0	16
0.05027932960893855	11	26	2017	2017	0	15
0.0	12	26	2017	2017	0	14
0.002793296089385475	13	26	2017	2017	0	13
0.2541899441340782	14	26	2017	2017	0	12
0.16201117318435754	15	26	2017	2017	0	11
0.23743016759776536	16	26	2017	2017	0	10
0.0	17	26	2017	2017	0	9
0.0	18	26	2017	2017	0	8
0.0	19	26	2017	2017	0	7
0.0	20	26	2017	2017	0	6
0.0	21	26	2017	2017	0	5
0.0	22	26	2017	2017	0	4
0.0	23	26	2017	2017	0	3
0.0	24	26	2017	2017	0	2
0.0	25	26	2017	2017	0	1
0.0	26	26	2017	2017	0	0
0.0	27	26	2017	2017	0	-1
0.0	28	26	2017	2017	0	-2
0.0	29	26	2017	2017	0	-3
0.0	0	26	2018	2017	-1	26
0.0	1	26	2018	2017	-1	25
0.0	2	26	2018	2017	-1	24
0.0010672358591248667	3	26	2018	2017	-1	23
0.0010672358591248667	4	26	2018	2017	-1	22
0.0	5	26	2018	2017	-1	21
0.0	6	26	2018	2017	-1	20
0.0064034151547491995	7	26	2018	2017	-1	19
0.011739594450373533	8	26	2018	2017	-1	18
0.12166488794023479	9	26	2018	2017	-1	17
0.044823906083244394	10	26	2018	2017	-1	16
0.008537886872998933	11	26	2018	2017	-1	15
0.0021344717182497333	12	26	2018	2017	-1	14
0.0010672358591248667	13	26	2018	2017	-1	13
0.18996798292422626	14	26	2018	2017	-1	12
0.23372465314834578	15	26	2018	2017	-1	11
0.24332977588046958	16	26	2018	2017	-1	10
0.01814300960512273	17	26	2018	2017	-1	9
0.010672358591248666	18	26	2018	2017	-1	8
0.061899679829242264	19	26	2018	2017	-1	7
0.0	20	26	2018	2017	-1	6
0.026680896478121666	21	26	2018	2017	-1	5
0.0032017075773745998	22	26	2018	2017	-1	4
0.0096051227321238	23	26	2018	2017	-1	3
0.0010672358591248667	24	26	2018	2017	-1	2
0.0	25	26	2018	2017	-1	1
0.0032017075773745998	26	26	2018	2017	-1	0
0.0	27	26	2018	2017	-1	-1
0.0	28	26	2018	2017	-1	-2
0.0	29	26	2018	2017	-1	-3
0.0029354207436399216	0	26	2019	2017	-2	26
0.0	1	26	2019	2017	-2	25
0.0	2	26	2019	2017	-2	24
0.0	3	26	2019	2017	-2	23
0.0	4	26	2019	2017	-2	22
0.0009784735812133072	5	26	2019	2017	-2	21
0.0	6	26	2019	2017	-2	20
0.0009784735812133072	7	26	2019	2017	-2	19
0.007827788649706457	8	26	2019	2017	-2	18
0.08023483365949119	9	26	2019	2017	-2	17
0.0273972602739726	10	26	2019	2017	-2	16
0.004892367906066536	11	26	2019	2017	-2	15
0.00684931506849315	12	26	2019	2017	-2	14
0.0029354207436399216	13	26	2019	2017	-2	13
0.10567514677103718	14	26	2019	2017	-2	12
0.15362035225048923	15	26	2019	2017	-2	11
0.3268101761252446	16	26	2019	2017	-2	10
0.03718199608610567	17	26	2019	2017	-2	9
0.016634050880626222	18	26	2019	2017	-2	8
0.11839530332681017	19	26	2019	2017	-2	7
0.004892367906066536	20	26	2019	2017	-2	6
0.06653620352250489	21	26	2019	2017	-2	5
0.011741682974559686	22	26	2019	2017	-2	4
0.018590998043052837	23	26	2019	2017	-2	3
0.0009784735812133072	24	26	2019	2017	-2	2
0.0	25	26	2019	2017	-2	1
0.0029354207436399216	26	26	2019	2017	-2	0
0.0009784735812133072	27	26	2019	2017	-2	-1
0.0	28	26	2019	2017	-2	-2
0.0	29	26	2019	2017	-2	-3
0.0045662100456621	0	26	2020	2017	-3	26
0.0	1	26	2020	2017	-3	25
0.0	2	26	2020	2017	-3	24
0.0	3	26	2020	2017	-3	23
0.0	4	26	2020	2017	-3	22
0.0	5	26	2020	2017	-3	21
0.0	6	26	2020	2017	-3	20
0.0	7	26	2020	2017	-3	19
0.0136986301369863	8	26	2020	2017	-3	18
0.0319634703196347	9	26	2020	2017	-3	17
0.0	10	26	2020	2017	-3	16
0.0	11	26	2020	2017	-3	15
0.0	12	26	2020	2017	-3	14
0.0	13	26	2020	2017	-3	13
0.0319634703196347	14	26	2020	2017	-3	12
0.2374429223744292	15	26	2020	2017	-3	11
0.1324200913242009	16	26	2020	2017	-3	10
0.0273972602739726	17	26	2020	2017	-3	9
0.0228310502283105	18	26	2020	2017	-3	8
0.1598173515981735	19	26	2020	2017	-3	7
0.0	20	26	2020	2017	-3	6
0.1506849315068493	21	26	2020	2017	-3	5
0.0045662100456621	22	26	2020	2017	-3	4
0.0182648401826484	23	26	2020	2017	-3	3
0.0	24	26	2020	2017	-3	2
0.0	25	26	2020	2017	-3	1
0.0	26	26	2020	2017	-3	0
0.0045662100456621	27	26	2020	2017	-3	-1
0.1598173515981735	28	26	2020	2017	-3	-2
0.0	29	26	2020	2017	-3	-3
0.0	0	26	2021	2017	-4	26
0.0	1	26	2021	2017	-4	25
0.0	2	26	2021	2017	-4	24
0.0	3	26	2021	2017	-4	23
0.0	4	26	2021	2017	-4	22
0.0	5	26	2021	2017	-4	21
0.0	6	26	2021	2017	-4	20
0.0	7	26	2021	2017	-4	19
0.009569377990430622	8	26	2021	2017	-4	18
0.009569377990430622	9	26	2021	2017	-4	17
0.004784688995215311	10	26	2021	2017	-4	16
0.009569377990430622	11	26	2021	2017	-4	15
0.0	12	26	2021	2017	-4	14
0.0	13	26	2021	2017	-4	13
0.04784688995215311	14	26	2021	2017	-4	12
0.023923444976076555	15	26	2021	2017	-4	11
0.08133971291866028	16	26	2021	2017	-4	10
0.009569377990430622	17	26	2021	2017	-4	9
0.028708133971291867	18	26	2021	2017	-4	8
0.22966507177033493	19	26	2021	2017	-4	7
0.004784688995215311	20	26	2021	2017	-4	6
0.3588516746411483	21	26	2021	2017	-4	5
0.023923444976076555	22	26	2021	2017	-4	4
0.014354066985645933	23	26	2021	2017	-4	3
0.028708133971291867	24	26	2021	2017	-4	2
0.0	25	26	2021	2017	-4	1
0.07177033492822966	26	26	2021	2017	-4	0
0.004784688995215311	27	26	2021	2017	-4	-1
0.03827751196172249	28	26	2021	2017	-4	-2
0.0	29	26	2021	2017	-4	-3
0.05620608899297424	0	27	2010	2017	7	27
0.02224824355971897	1	27	2010	2017	7	26
0.01288056206088993	2	27	2010	2017	7	25
0.4297423887587822	3	27	2010	2017	7	24
0.2822014051522248	4	27	2010	2017	7	23
0.026932084309133488	5	27	2010	2017	7	22
0.01288056206088993	6	27	2010	2017	7	21
0.07962529274004684	7	27	2010	2017	7	20
0.06323185011709602	8	27	2010	2017	7	19
0.00351288056206089	9	27	2010	2017	7	18
0.00117096018735363	10	27	2010	2017	7	17
0.0	11	27	2010	2017	7	16
0.0	12	27	2010	2017	7	15
0.0	13	27	2010	2017	7	14
0.00468384074941452	14	27	2010	2017	7	13
0.0	15	27	2010	2017	7	12
0.00351288056206089	16	27	2010	2017	7	11
0.0	17	27	2010	2017	7	10
0.0	18	27	2010	2017	7	9
0.00117096018735363	19	27	2010	2017	7	8
0.0	20	27	2010	2017	7	7
0.0	21	27	2010	2017	7	6
0.0	22	27	2010	2017	7	5
0.0	23	27	2010	2017	7	4
0.0	24	27	2010	2017	7	3
0.0	25	27	2010	2017	7	2
0.0	26	27	2010	2017	7	1
0.0	27	27	2010	2017	7	0
0.0	28	27	2010	2017	7	-1
0.0	29	27	2010	2017	7	-2
0.005025125628140704	0	27	2011	2017	6	27
0.006700167504187605	1	27	2011	2017	6	26
0.008375209380234505	2	27	2011	2017	6	25
0.11725293132328309	3	27	2011	2017	6	24
0.21943048576214405	4	27	2011	2017	6	23
0.035175879396984924	5	27	2011	2017	6	22
0.021775544388609715	6	27	2011	2017	6	21
0.4371859296482412	7	27	2011	2017	6	20
0.1390284757118928	8	27	2011	2017	6	19
0.005025125628140704	9	27	2011	2017	6	18
0.0033500837520938024	10	27	2011	2017	6	17
0.0016750418760469012	11	27	2011	2017	6	16
0.0	12	27	2011	2017	6	15
0.0	13	27	2011	2017	6	14
0.0	14	27	2011	2017	6	13
0.0	15	27	2011	2017	6	12
0.0	16	27	2011	2017	6	11
0.0	17	27	2011	2017	6	10
0.0	18	27	2011	2017	6	9
0.0	19	27	2011	2017	6	8
0.0	20	27	2011	2017	6	7
0.0	21	27	2011	2017	6	6
0.0	22	27	2011	2017	6	5
0.0	23	27	2011	2017	6	4
0.0	24	27	2011	2017	6	3
0.0	25	27	2011	2017	6	2
0.0	26	27	2011	2017	6	1
0.0	27	27	2011	2017	6	0
0.0	28	27	2011	2017	6	-1
0.0	29	27	2011	2017	6	-2
0.012683578104138851	0	27	2012	2017	5	27
0.03337783711615487	1	27	2012	2017	5	26
0.0006675567423230974	2	27	2012	2017	5	25
0.04472630173564753	3	27	2012	2017	5	24
0.130173564753004	4	27	2012	2017	5	23
0.028037383177570093	5	27	2012	2017	5	22
0.01335113484646195	6	27	2012	2017	5	21
0.37316421895861146	7	27	2012	2017	5	20
0.33044058744993327	8	27	2012	2017	5	19
0.009345794392523364	9	27	2012	2017	5	18
0.017356475300400534	10	27	2012	2017	5	17
0.0013351134846461949	11	27	2012	2017	5	16
0.0006675567423230974	12	27	2012	2017	5	15
0.0	13	27	2012	2017	5	14
0.0033377837116154874	14	27	2012	2017	5	13
0.0006675567423230974	15	27	2012	2017	5	12
0.0006675567423230974	16	27	2012	2017	5	11
0.0	17	27	2012	2017	5	10
0.0	18	27	2012	2017	5	9
0.0	19	27	2012	2017	5	8
0.0	20	27	2012	2017	5	7
0.0	21	27	2012	2017	5	6
0.0	22	27	2012	2017	5	5
0.0	23	27	2012	2017	5	4
0.0	24	27	2012	2017	5	3
0.0	25	27	2012	2017	5	2
0.0	26	27	2012	2017	5	1
0.0	27	27	2012	2017	5	0
0.0	28	27	2012	2017	5	-1
0.0	29	27	2012	2017	5	-2
0.0	0	27	2013	2017	4	27
0.001594896331738437	1	27	2013	2017	4	26
0.0	2	27	2013	2017	4	25
0.012759170653907496	3	27	2013	2017	4	24
0.07496012759170653	4	27	2013	2017	4	23
0.011164274322169059	5	27	2013	2017	4	22
0.006379585326953748	6	27	2013	2017	4	21
0.23923444976076555	7	27	2013	2017	4	20
0.5550239234449761	8	27	2013	2017	4	19
0.025518341307814992	9	27	2013	2017	4	18
0.05263157894736842	10	27	2013	2017	4	17
0.011164274322169059	11	27	2013	2017	4	16
0.0	12	27	2013	2017	4	15
0.003189792663476874	13	27	2013	2017	4	14
0.006379585326953748	14	27	2013	2017	4	13
0.0	15	27	2013	2017	4	12
0.0	16	27	2013	2017	4	11
0.0	17	27	2013	2017	4	10
0.0	18	27	2013	2017	4	9
0.0	19	27	2013	2017	4	8
0.0	20	27	2013	2017	4	7
0.0	21	27	2013	2017	4	6
0.0	22	27	2013	2017	4	5
0.0	23	27	2013	2017	4	4
0.0	24	27	2013	2017	4	3
0.0	25	27	2013	2017	4	2
0.0	26	27	2013	2017	4	1
0.0	27	27	2013	2017	4	0
0.0	28	27	2013	2017	4	-1
0.0	29	27	2013	2017	4	-2
0.01129032258064516	0	27	2014	2017	3	27
0.0	1	27	2014	2017	3	26
0.0	2	27	2014	2017	3	25
0.007258064516129033	3	27	2014	2017	3	24
0.017741935483870968	4	27	2014	2017	3	23
0.016129032258064516	5	27	2014	2017	3	22
0.008064516129032258	6	27	2014	2017	3	21
0.05967741935483871	7	27	2014	2017	3	20
0.3951612903225806	8	27	2014	2017	3	19
0.2524193548387097	9	27	2014	2017	3	18
0.12096774193548387	10	27	2014	2017	3	17
0.018548387096774192	11	27	2014	2017	3	16
0.00564516129032258	12	27	2014	2017	3	15
0.0064516129032258064	13	27	2014	2017	3	14
0.06532258064516129	14	27	2014	2017	3	13
0.012903225806451613	15	27	2014	2017	3	12
0.0024193548387096775	16	27	2014	2017	3	11
0.0	17	27	2014	2017	3	10
0.0	18	27	2014	2017	3	9
0.0	19	27	2014	2017	3	8
0.0	20	27	2014	2017	3	7
0.0	21	27	2014	2017	3	6
0.0	22	27	2014	2017	3	5
0.0	23	27	2014	2017	3	4
0.0	24	27	2014	2017	3	3
0.0	25	27	2014	2017	3	2
0.0	26	27	2014	2017	3	1
0.0	27	27	2014	2017	3	0
0.0	28	27	2014	2017	3	-1
0.0	29	27	2014	2017	3	-2
0.004291845493562232	0	27	2015	2017	2	27
0.0	1	27	2015	2017	2	26
0.0	2	27	2015	2017	2	25
0.004291845493562232	3	27	2015	2017	2	24
0.008583690987124463	4	27	2015	2017	2	23
0.015021459227467811	5	27	2015	2017	2	22
0.0	6	27	2015	2017	2	21
0.015021459227467811	7	27	2015	2017	2	20
0.18025751072961374	8	27	2015	2017	2	19
0.27253218884120173	9	27	2015	2017	2	18
0.21888412017167383	10	27	2015	2017	2	17
0.05793991416309013	11	27	2015	2017	2	16
0.002145922746781116	12	27	2015	2017	2	15
0.0	13	27	2015	2017	2	14
0.1351931330472103	14	27	2015	2017	2	13
0.06437768240343347	15	27	2015	2017	2	12
0.02145922746781116	16	27	2015	2017	2	11
0.0	17	27	2015	2017	2	10
0.0	18	27	2015	2017	2	9
0.0	19	27	2015	2017	2	8
0.0	20	27	2015	2017	2	7
0.0	21	27	2015	2017	2	6
0.0	22	27	2015	2017	2	5
0.0	23	27	2015	2017	2	4
0.0	24	27	2015	2017	2	3
0.0	25	27	2015	2017	2	2
0.0	26	27	2015	2017	2	1
0.0	27	27	2015	2017	2	0
0.0	28	27	2015	2017	2	-1
0.0	29	27	2015	2017	2	-2
0.08196721311475409	0	27	2016	2017	1	27
0.0	1	27	2016	2017	1	26
0.0	2	27	2016	2017	1	25
0.00819672131147541	3	27	2016	2017	1	24
0.00819672131147541	4	27	2016	2017	1	23
0.00819672131147541	5	27	2016	2017	1	22
0.0	6	27	2016	2017	1	21
0.0	7	27	2016	2017	1	20
0.04918032786885246	8	27	2016	2017	1	19
0.13934426229508196	9	27	2016	2017	1	18
0.22131147540983606	10	27	2016	2017	1	17
0.06557377049180328	11	27	2016	2017	1	16
0.0	12	27	2016	2017	1	15
0.00819672131147541	13	27	2016	2017	1	14
0.19672131147540983	14	27	2016	2017	1	13
0.16393442622950818	15	27	2016	2017	1	12
0.03278688524590164	16	27	2016	2017	1	11
0.0	17	27	2016	2017	1	10
0.0	18	27	2016	2017	1	9
0.00819672131147541	19	27	2016	2017	1	8
0.0	20	27	2016	2017	1	7
0.0	21	27	2016	2017	1	6
0.0	22	27	2016	2017	1	5
0.00819672131147541	23	27	2016	2017	1	4
0.0	24	27	2016	2017	1	3
0.0	25	27	2016	2017	1	2
0.0	26	27	2016	2017	1	1
0.0	27	27	2016	2017	1	0
0.0	28	27	2016	2017	1	-1
0.0	29	27	2016	2017	1	-2
0.015873015873015872	0	27	2017	2017	0	27
0.0	1	27	2017	2017	0	26
0.0	2	27	2017	2017	0	25
0.007936507936507936	3	27	2017	2017	0	24
0.0	4	27	2017	2017	0	23
0.0	5	27	2017	2017	0	22
0.0	6	27	2017	2017	0	21
0.023809523809523808	7	27	2017	2017	0	20
0.05555555555555555	8	27	2017	2017	0	19
0.14285714285714285	9	27	2017	2017	0	18
0.07936507936507936	10	27	2017	2017	0	17
0.06349206349206349	11	27	2017	2017	0	16
0.0	12	27	2017	2017	0	15
0.0	13	27	2017	2017	0	14
0.24603174603174602	14	27	2017	2017	0	13
0.15079365079365079	15	27	2017	2017	0	12
0.21428571428571427	16	27	2017	2017	0	11
0.0	17	27	2017	2017	0	10
0.0	18	27	2017	2017	0	9
0.0	19	27	2017	2017	0	8
0.0	20	27	2017	2017	0	7
0.0	21	27	2017	2017	0	6
0.0	22	27	2017	2017	0	5
0.0	23	27	2017	2017	0	4
0.0	24	27	2017	2017	0	3
0.0	25	27	2017	2017	0	2
0.0	26	27	2017	2017	0	1
0.0	27	27	2017	2017	0	0
0.0	28	27	2017	2017	0	-1
0.0	29	27	2017	2017	0	-2
0.0	0	27	2018	2017	-1	27
0.0	1	27	2018	2017	-1	26
0.0	2	27	2018	2017	-1	25
0.006289308176100629	3	27	2018	2017	-1	24
0.0	4	27	2018	2017	-1	23
0.0	5	27	2018	2017	-1	22
0.0	6	27	2018	2017	-1	21
0.006289308176100629	7	27	2018	2017	-1	20
0.05660377358490566	8	27	2018	2017	-1	19
0.11949685534591195	9	27	2018	2017	-1	18
0.06289308176100629	10	27	2018	2017	-1	17
0.012578616352201259	11	27	2018	2017	-1	16
0.0	12	27	2018	2017	-1	15
0.0	13	27	2018	2017	-1	14
0.23270440251572327	14	27	2018	2017	-1	13
0.20125786163522014	15	27	2018	2017	-1	12
0.22641509433962265	16	27	2018	2017	-1	11
0.012578616352201259	17	27	2018	2017	-1	10
0.0	18	27	2018	2017	-1	9
0.031446540880503145	19	27	2018	2017	-1	8
0.0	20	27	2018	2017	-1	7
0.018867924528301886	21	27	2018	2017	-1	6
0.006289308176100629	22	27	2018	2017	-1	5
0.006289308176100629	23	27	2018	2017	-1	4
0.0	24	27	2018	2017	-1	3
0.0	25	27	2018	2017	-1	2
0.0	26	27	2018	2017	-1	1
0.0	27	27	2018	2017	-1	0
0.0	28	27	2018	2017	-1	-1
0.0	29	27	2018	2017	-1	-2
0.0	0	27	2019	2017	-2	27
0.0	1	27	2019	2017	-2	26
0.0	2	27	2019	2017	-2	25
0.0	3	27	2019	2017	-2	24
0.0	4	27	2019	2017	-2	23
0.0	5	27	2019	2017	-2	22
0.0	6	27	2019	2017	-2	21
0.0	7	27	2019	2017	-2	20
0.00398406374501992	8	27	2019	2017	-2	19
0.12350597609561753	9	27	2019	2017	-2	18
0.0199203187250996	10	27	2019	2017	-2	17
0.0	11	27	2019	2017	-2	16
0.00398406374501992	12	27	2019	2017	-2	15
0.0	13	27	2019	2017	-2	14
0.14741035856573706	14	27	2019	2017	-2	13
0.14342629482071714	15	27	2019	2017	-2	12
0.3187250996015936	16	27	2019	2017	-2	11
0.05179282868525897	17	27	2019	2017	-2	10
0.02390438247011952	18	27	2019	2017	-2	9
0.07171314741035857	19	27	2019	2017	-2	8
0.00398406374501992	20	27	2019	2017	-2	7
0.05179282868525897	21	27	2019	2017	-2	6
0.00796812749003984	22	27	2019	2017	-2	5
0.01593625498007968	23	27	2019	2017	-2	4
0.00398406374501992	24	27	2019	2017	-2	3
0.0	25	27	2019	2017	-2	2
0.00398406374501992	26	27	2019	2017	-2	1
0.00398406374501992	27	27	2019	2017	-2	0
0.0	28	27	2019	2017	-2	-1
0.0	29	27	2019	2017	-2	-2
0.0	0	27	2020	2017	-3	27
0.0	1	27	2020	2017	-3	26
0.0	2	27	2020	2017	-3	25
0.0	3	27	2020	2017	-3	24
0.0	4	27	2020	2017	-3	23
0.0	5	27	2020	2017	-3	22
0.0	6	27	2020	2017	-3	21
0.0	7	27	2020	2017	-3	20
0.010752688172043012	8	27	2020	2017	-3	19
0.043010752688172046	9	27	2020	2017	-3	18
0.0	10	27	2020	2017	-3	17
0.0	11	27	2020	2017	-3	16
0.0	12	27	2020	2017	-3	15
0.0	13	27	2020	2017	-3	14
0.021505376344086023	14	27	2020	2017	-3	13
0.1827956989247312	15	27	2020	2017	-3	12
0.0967741935483871	16	27	2020	2017	-3	11
0.0	17	27	2020	2017	-3	10
0.021505376344086023	18	27	2020	2017	-3	9
0.10752688172043011	19	27	2020	2017	-3	8
0.0	20	27	2020	2017	-3	7
0.0967741935483871	21	27	2020	2017	-3	6
0.021505376344086023	22	27	2020	2017	-3	5
0.010752688172043012	23	27	2020	2017	-3	4
0.010752688172043012	24	27	2020	2017	-3	3
0.0	25	27	2020	2017	-3	2
0.0	26	27	2020	2017	-3	1
0.0	27	27	2020	2017	-3	0
0.3763440860215054	28	27	2020	2017	-3	-1
0.0	29	27	2020	2017	-3	-2
0.03333333333333333	0	27	2021	2017	-4	27
0.0	1	27	2021	2017	-4	26
0.0	2	27	2021	2017	-4	25
0.0	3	27	2021	2017	-4	24
0.0	4	27	2021	2017	-4	23
0.0	5	27	2021	2017	-4	22
0.0	6	27	2021	2017	-4	21
0.0	7	27	2021	2017	-4	20
0.0	8	27	2021	2017	-4	19
0.06666666666666667	9	27	2021	2017	-4	18
0.0	10	27	2021	2017	-4	17
0.06666666666666667	11	27	2021	2017	-4	16
0.0	12	27	2021	2017	-4	15
0.0	13	27	2021	2017	-4	14
0.13333333333333333	14	27	2021	2017	-4	13
0.0	15	27	2021	2017	-4	12
0.03333333333333333	16	27	2021	2017	-4	11
0.0	17	27	2021	2017	-4	10
0.03333333333333333	18	27	2021	2017	-4	9
0.2	19	27	2021	2017	-4	8
0.0	20	27	2021	2017	-4	7
0.1	21	27	2021	2017	-4	6
0.03333333333333333	22	27	2021	2017	-4	5
0.0	23	27	2021	2017	-4	4
0.0	24	27	2021	2017	-4	3
0.0	25	27	2021	2017	-4	2
0.06666666666666667	26	27	2021	2017	-4	1
0.0	27	27	2021	2017	-4	0
0.23333333333333334	28	27	2021	2017	-4	-1
0.0	29	27	2021	2017	-4	-2
0.050434782608695654	0	28	2010	2018	8	28
0.019130434782608695	1	28	2010	2018	8	27
0.0026086956521739132	2	28	2010	2018	8	26
0.40956521739130436	3	28	2010	2018	8	25
0.18695652173913044	4	28	2010	2018	8	24
0.036521739130434785	5	28	2010	2018	8	23
0.01391304347826087	6	28	2010	2018	8	22
0.07130434782608695	7	28	2010	2018	8	21
0.18782608695652173	8	28	2010	2018	8	20
0.00608695652173913	9	28	2010	2018	8	19
0.0034782608695652175	10	28	2010	2018	8	18
0.0008695652173913044	11	28	2010	2018	8	17
0.0	12	28	2010	2018	8	16
0.0	13	28	2010	2018	8	15
0.00782608695652174	14	28	2010	2018	8	14
0.0008695652173913044	15	28	2010	2018	8	13
0.0	16	28	2010	2018	8	12
0.0	17	28	2010	2018	8	11
0.0	18	28	2010	2018	8	10
0.0017391304347826088	19	28	2010	2018	8	9
0.0	20	28	2010	2018	8	8
0.0	21	28	2010	2018	8	7
0.0	22	28	2010	2018	8	6
0.0	23	28	2010	2018	8	5
0.0	24	28	2010	2018	8	4
0.0	25	28	2010	2018	8	3
0.0	26	28	2010	2018	8	2
0.0	27	28	2010	2018	8	1
0.0008695652173913044	28	28	2010	2018	8	0
0.0	29	28	2010	2018	8	-1
0.031098153547133137	0	28	2011	2018	7	28
0.0009718172983479105	1	28	2011	2018	7	27
0.0029154518950437317	2	28	2011	2018	7	26
0.10787172011661808	3	28	2011	2018	7	25
0.20796890184645286	4	28	2011	2018	7	24
0.06316812439261418	5	28	2011	2018	7	23
0.026239067055393587	6	28	2011	2018	7	22
0.22740524781341107	7	28	2011	2018	7	21
0.304178814382896	8	28	2011	2018	7	20
0.010689990281827016	9	28	2011	2018	7	19
0.003887269193391642	10	28	2011	2018	7	18
0.0009718172983479105	11	28	2011	2018	7	17
0.0	12	28	2011	2018	7	16
0.0	13	28	2011	2018	7	15
0.0009718172983479105	14	28	2011	2018	7	14
0.001943634596695821	15	28	2011	2018	7	13
0.0058309037900874635	16	28	2011	2018	7	12
0.0	17	28	2011	2018	7	11
0.0	18	28	2011	2018	7	10
0.001943634596695821	19	28	2011	2018	7	9
0.0	20	28	2011	2018	7	8
0.0	21	28	2011	2018	7	7
0.0	22	28	2011	2018	7	6
0.0009718172983479105	23	28	2011	2018	7	5
0.0	24	28	2011	2018	7	4
0.0	25	28	2011	2018	7	3
0.0	26	28	2011	2018	7	2
0.0009718172983479105	27	28	2011	2018	7	1
0.0	28	28	2011	2018	7	0
0.0	29	28	2011	2018	7	-1
0.008267568583239383	0	28	2012	2018	6	28
0.021044720030063885	1	28	2012	2018	6	27
0.0011273957158962795	2	28	2012	2018	6	26
0.04472003006388576	3	28	2012	2018	6	25
0.14317925591882752	4	28	2012	2018	6	24
0.03269447576099211	5	28	2012	2018	6	23
0.013528748590755355	6	28	2012	2018	6	22
0.32656895903795563	7	28	2012	2018	6	21
0.3739195791055994	8	28	2012	2018	6	20
0.011649755730928222	9	28	2012	2018	6	19
0.0184141300263059	10	28	2012	2018	6	18
0.0011273957158962795	11	28	2012	2018	6	17
0.0003757985719654265	12	28	2012	2018	6	16
0.0	13	28	2012	2018	6	15
0.002254791431792559	14	28	2012	2018	6	14
0.000751597143930853	15	28	2012	2018	6	13
0.0003757985719654265	16	28	2012	2018	6	12
0.0	17	28	2012	2018	6	11
0.0	18	28	2012	2018	6	10
0.0	19	28	2012	2018	6	9
0.0	20	28	2012	2018	6	8
0.0	21	28	2012	2018	6	7
0.0	22	28	2012	2018	6	6
0.0	23	28	2012	2018	6	5
0.0	24	28	2012	2018	6	4
0.0	25	28	2012	2018	6	3
0.0	26	28	2012	2018	6	2
0.0	27	28	2012	2018	6	1
0.0	28	28	2012	2018	6	0
0.0	29	28	2012	2018	6	-1
0.003808073115003808	0	28	2013	2018	5	28
0.0015232292460015233	1	28	2013	2018	5	27
0.0007616146230007616	2	28	2013	2018	5	26
0.017517136329017517	3	28	2013	2018	5	25
0.07083015993907082	4	28	2013	2018	5	24
0.03808073115003808	5	28	2013	2018	5	23
0.017517136329017517	6	28	2013	2018	5	22
0.21934501142421933	7	28	2013	2018	5	21
0.4775323686214775	8	28	2013	2018	5	20
0.06169078446306169	9	28	2013	2018	5	19
0.057882711348057884	10	28	2013	2018	5	18
0.009900990099009901	11	28	2013	2018	5	17
0.0007616146230007616	12	28	2013	2018	5	16
0.005331302361005331	13	28	2013	2018	5	15
0.00913937547600914	14	28	2013	2018	5	14
0.006854531607006854	15	28	2013	2018	5	13
0.0007616146230007616	16	28	2013	2018	5	12
0.0	17	28	2013	2018	5	11
0.0	18	28	2013	2018	5	10
0.0	19	28	2013	2018	5	9
0.0	20	28	2013	2018	5	8
0.0007616146230007616	21	28	2013	2018	5	7
0.0	22	28	2013	2018	5	6
0.0	23	28	2013	2018	5	5
0.0	24	28	2013	2018	5	4
0.0	25	28	2013	2018	5	3
0.0	26	28	2013	2018	5	2
0.0	27	28	2013	2018	5	1
0.0	28	28	2013	2018	5	0
0.0	29	28	2013	2018	5	-1
0.010526315789473684	0	28	2014	2018	4	28
0.0	1	28	2014	2018	4	27
0.0	2	28	2014	2018	4	26
0.006766917293233083	3	28	2014	2018	4	25
0.016541353383458645	4	28	2014	2018	4	24
0.015037593984962405	5	28	2014	2018	4	23
0.007518796992481203	6	28	2014	2018	4	22
0.06015037593984962	7	28	2014	2018	4	21
0.4045112781954887	8	28	2014	2018	4	20
0.24586466165413534	9	28	2014	2018	4	19
0.11804511278195488	10	28	2014	2018	4	18
0.02030075187969925	11	28	2014	2018	4	17
0.006015037593984963	12	28	2014	2018	4	16
0.006766917293233083	13	28	2014	2018	4	15
0.06691729323308271	14	28	2014	2018	4	14
0.012781954887218045	15	28	2014	2018	4	13
0.002255639097744361	16	28	2014	2018	4	12
0.0	17	28	2014	2018	4	11
0.0	18	28	2014	2018	4	10
0.0	19	28	2014	2018	4	9
0.0	20	28	2014	2018	4	8
0.0	21	28	2014	2018	4	7
0.0	22	28	2014	2018	4	6
0.0	23	28	2014	2018	4	5
0.0	24	28	2014	2018	4	4
0.0	25	28	2014	2018	4	3
0.0	26	28	2014	2018	4	2
0.0	27	28	2014	2018	4	1
0.0	28	28	2014	2018	4	0
0.0	29	28	2014	2018	4	-1
0.003587443946188341	0	28	2015	2018	3	28
0.0008968609865470852	1	28	2015	2018	3	27
0.0	2	28	2015	2018	3	26
0.0026905829596412557	3	28	2015	2018	3	25
0.011659192825112108	4	28	2015	2018	3	24
0.011659192825112108	5	28	2015	2018	3	23
0.0026905829596412557	6	28	2015	2018	3	22
0.02780269058295964	7	28	2015	2018	3	21
0.19820627802690582	8	28	2015	2018	3	20
0.2860986547085202	9	28	2015	2018	3	19
0.17757847533632287	10	28	2015	2018	3	18
0.06098654708520179	11	28	2015	2018	3	17
0.003587443946188341	12	28	2015	2018	3	16
0.004484304932735426	13	28	2015	2018	3	15
0.12466367713004484	14	28	2015	2018	3	14
0.05829596412556054	15	28	2015	2018	3	13
0.02242152466367713	16	28	2015	2018	3	12
0.0017937219730941704	17	28	2015	2018	3	11
0.0	18	28	2015	2018	3	10
0.0008968609865470852	19	28	2015	2018	3	9
0.0	20	28	2015	2018	3	8
0.0	21	28	2015	2018	3	7
0.0	22	28	2015	2018	3	6
0.0	23	28	2015	2018	3	5
0.0	24	28	2015	2018	3	4
0.0	25	28	2015	2018	3	3
0.0	26	28	2015	2018	3	2
0.0	27	28	2015	2018	3	1
0.0	28	28	2015	2018	3	0
0.0	29	28	2015	2018	3	-1
0.035398230088495575	0	28	2016	2018	2	28
0.0	1	28	2016	2018	2	27
0.0	2	28	2016	2018	2	26
0.0029498525073746312	3	28	2016	2018	2	25
0.008849557522123894	4	28	2016	2018	2	24
0.0058997050147492625	5	28	2016	2018	2	23
0.0	6	28	2016	2018	2	22
0.02064896755162242	7	28	2016	2018	2	21
0.07964601769911504	8	28	2016	2018	2	20
0.26843657817109146	9	28	2016	2018	2	19
0.06784660766961652	10	28	2016	2018	2	18
0.061946902654867256	11	28	2016	2018	2	17
0.0029498525073746312	12	28	2016	2018	2	16
0.008849557522123894	13	28	2016	2018	2	15
0.24778761061946902	14	28	2016	2018	2	14
0.12094395280235988	15	28	2016	2018	2	13
0.058997050147492625	16	28	2016	2018	2	12
0.0	17	28	2016	2018	2	11
0.0	18	28	2016	2018	2	10
0.0058997050147492625	19	28	2016	2018	2	9
0.0	20	28	2016	2018	2	8
0.0	21	28	2016	2018	2	7
0.0	22	28	2016	2018	2	6
0.0029498525073746312	23	28	2016	2018	2	5
0.0	24	28	2016	2018	2	4
0.0	25	28	2016	2018	2	3
0.0	26	28	2016	2018	2	2
0.0	27	28	2016	2018	2	1
0.0	28	28	2016	2018	2	0
0.0	29	28	2016	2018	2	-1
0.014792899408284023	0	28	2017	2018	1	28
0.0	1	28	2017	2018	1	27
0.0	2	28	2017	2018	1	26
0.0029585798816568047	3	28	2017	2018	1	25
0.0	4	28	2017	2018	1	24
0.0	5	28	2017	2018	1	23
0.0	6	28	2017	2018	1	22
0.014792899408284023	7	28	2017	2018	1	21
0.04142011834319527	8	28	2017	2018	1	20
0.15680473372781065	9	28	2017	2018	1	19
0.06804733727810651	10	28	2017	2018	1	18
0.047337278106508875	11	28	2017	2018	1	17
0.0	12	28	2017	2018	1	16
0.0029585798816568047	13	28	2017	2018	1	15
0.2603550295857988	14	28	2017	2018	1	14
0.15976331360946747	15	28	2017	2018	1	13
0.23076923076923078	16	28	2017	2018	1	12
0.0	17	28	2017	2018	1	11
0.0	18	28	2017	2018	1	10
0.0	19	28	2017	2018	1	9
0.0	20	28	2017	2018	1	8
0.0	21	28	2017	2018	1	7
0.0	22	28	2017	2018	1	6
0.0	23	28	2017	2018	1	5
0.0	24	28	2017	2018	1	4
0.0	25	28	2017	2018	1	3
0.0	26	28	2017	2018	1	2
0.0	27	28	2017	2018	1	1
0.0	28	28	2017	2018	1	0
0.0	29	28	2017	2018	1	-1
0.0	0	28	2018	2018	0	28
0.0	1	28	2018	2018	0	27
0.0	2	28	2018	2018	0	26
0.0010298661174047373	3	28	2018	2018	0	25
0.0010298661174047373	4	28	2018	2018	0	24
0.0	5	28	2018	2018	0	23
0.0	6	28	2018	2018	0	22
0.006179196704428424	7	28	2018	2018	0	21
0.016477857878475798	8	28	2018	2018	0	20
0.121524201853759	9	28	2018	2018	0	19
0.046343975283213185	10	28	2018	2018	0	18
0.009268795056642637	11	28	2018	2018	0	17
0.0020597322348094747	12	28	2018	2018	0	16
0.0010298661174047373	13	28	2018	2018	0	15
0.19258496395468588	14	28	2018	2018	0	14
0.23274974253347064	15	28	2018	2018	0	13
0.2399588053553038	16	28	2018	2018	0	12
0.017507723995880537	17	28	2018	2018	0	11
0.010298661174047374	18	28	2018	2018	0	10
0.05973223480947477	19	28	2018	2018	0	9
0.0	20	28	2018	2018	0	8
0.025746652935118436	21	28	2018	2018	0	7
0.003089598352214212	22	28	2018	2018	0	6
0.009268795056642637	23	28	2018	2018	0	5
0.0010298661174047373	24	28	2018	2018	0	4
0.0	25	28	2018	2018	0	3
0.003089598352214212	26	28	2018	2018	0	2
0.0	27	28	2018	2018	0	1
0.0	28	28	2018	2018	0	0
0.0	29	28	2018	2018	0	-1
0.002976190476190476	0	28	2019	2018	-1	28
0.0	1	28	2019	2018	-1	27
0.0	2	28	2019	2018	-1	26
0.0	3	28	2019	2018	-1	25
0.0	4	28	2019	2018	-1	24
0.0	5	28	2019	2018	-1	23
0.0	6	28	2019	2018	-1	22
0.000992063492063492	7	28	2019	2018	-1	21
0.006944444444444444	8	28	2019	2018	-1	20
0.07936507936507936	9	28	2019	2018	-1	19
0.027777777777777776	10	28	2019	2018	-1	18
0.002976190476190476	11	28	2019	2018	-1	17
0.006944444444444444	12	28	2019	2018	-1	16
0.002976190476190476	13	28	2019	2018	-1	15
0.10714285714285714	14	28	2019	2018	-1	14
0.15476190476190477	15	28	2019	2018	-1	13
0.3273809523809524	16	28	2019	2018	-1	12
0.03571428571428571	17	28	2019	2018	-1	11
0.016865079365079364	18	28	2019	2018	-1	10
0.11904761904761904	19	28	2019	2018	-1	9
0.00496031746031746	20	28	2019	2018	-1	8
0.06845238095238096	21	28	2019	2018	-1	7
0.011904761904761904	22	28	2019	2018	-1	6
0.017857142857142856	23	28	2019	2018	-1	5
0.000992063492063492	24	28	2019	2018	-1	4
0.0	25	28	2019	2018	-1	3
0.002976190476190476	26	28	2019	2018	-1	2
0.000992063492063492	27	28	2019	2018	-1	1
0.0	28	28	2019	2018	-1	0
0.0	29	28	2019	2018	-1	-1
0.005405405405405406	0	28	2020	2018	-2	28
0.0	1	28	2020	2018	-2	27
0.0	2	28	2020	2018	-2	26
0.0	3	28	2020	2018	-2	25
0.0	4	28	2020	2018	-2	24
0.0	5	28	2020	2018	-2	23
0.0	6	28	2020	2018	-2	22
0.0	7	28	2020	2018	-2	21
0.016216216216216217	8	28	2020	2018	-2	20
0.043243243243243246	9	28	2020	2018	-2	19
0.0	10	28	2020	2018	-2	18
0.0	11	28	2020	2018	-2	17
0.0	12	28	2020	2018	-2	16
0.0	13	28	2020	2018	-2	15
0.03783783783783784	14	28	2020	2018	-2	14
0.2810810810810811	15	28	2020	2018	-2	13
0.15675675675675677	16	28	2020	2018	-2	12
0.032432432432432434	17	28	2020	2018	-2	11
0.02702702702702703	18	28	2020	2018	-2	10
0.1891891891891892	19	28	2020	2018	-2	9
0.0	20	28	2020	2018	-2	8
0.17297297297297298	21	28	2020	2018	-2	7
0.005405405405405406	22	28	2020	2018	-2	6
0.021621621621621623	23	28	2020	2018	-2	5
0.0	24	28	2020	2018	-2	4
0.0	25	28	2020	2018	-2	3
0.0	26	28	2020	2018	-2	2
0.005405405405405406	27	28	2020	2018	-2	1
0.005405405405405406	28	28	2020	2018	-2	0
0.0	29	28	2020	2018	-2	-1
0.004878048780487805	0	28	2021	2018	-3	28
0.0	1	28	2021	2018	-3	27
0.0	2	28	2021	2018	-3	26
0.0	3	28	2021	2018	-3	25
0.0	4	28	2021	2018	-3	24
0.0	5	28	2021	2018	-3	23
0.0	6	28	2021	2018	-3	22
0.0	7	28	2021	2018	-3	21
0.00975609756097561	8	28	2021	2018	-3	20
0.014634146341463415	9	28	2021	2018	-3	19
0.004878048780487805	10	28	2021	2018	-3	18
0.00975609756097561	11	28	2021	2018	-3	17
0.0	12	28	2021	2018	-3	16
0.0	13	28	2021	2018	-3	15
0.05365853658536585	14	28	2021	2018	-3	14
0.024390243902439025	15	28	2021	2018	-3	13
0.08292682926829269	16	28	2021	2018	-3	12
0.00975609756097561	17	28	2021	2018	-3	11
0.02926829268292683	18	28	2021	2018	-3	10
0.24390243902439024	19	28	2021	2018	-3	9
0.004878048780487805	20	28	2021	2018	-3	8
0.36097560975609755	21	28	2021	2018	-3	7
0.024390243902439025	22	28	2021	2018	-3	6
0.01951219512195122	23	28	2021	2018	-3	5
0.02926829268292683	24	28	2021	2018	-3	4
0.0	25	28	2021	2018	-3	3
0.07317073170731707	26	28	2021	2018	-3	2
0.0	27	28	2021	2018	-3	1
0.0	28	28	2021	2018	-3	0
0.0	29	28	2021	2018	-3	-1
0.04965156794425087	0	29	2010	2019	9	29
0.01916376306620209	1	29	2010	2019	9	28
0.002613240418118467	2	29	2010	2019	9	27
0.4094076655052265	3	29	2010	2019	9	26
0.18728222996515678	4	29	2010	2019	9	25
0.036585365853658534	5	29	2010	2019	9	24
0.013937282229965157	6	29	2010	2019	9	23
0.07142857142857142	7	29	2010	2019	9	22
0.18815331010452963	8	29	2010	2019	9	21
0.006097560975609756	9	29	2010	2019	9	20
0.003484320557491289	10	29	2010	2019	9	19
0.0008710801393728223	11	29	2010	2019	9	18
0.0	12	29	2010	2019	9	17
0.0	13	29	2010	2019	9	16
0.0078397212543554	14	29	2010	2019	9	15
0.0008710801393728223	15	29	2010	2019	9	14
0.0	16	29	2010	2019	9	13
0.0	17	29	2010	2019	9	12
0.0	18	29	2010	2019	9	11
0.0017421602787456446	19	29	2010	2019	9	10
0.0	20	29	2010	2019	9	9
0.0	21	29	2010	2019	9	8
0.0	22	29	2010	2019	9	7
0.0	23	29	2010	2019	9	6
0.0	24	29	2010	2019	9	5
0.0	25	29	2010	2019	9	4
0.0	26	29	2010	2019	9	3
0.0	27	29	2010	2019	9	2
0.0008710801393728223	28	29	2010	2019	9	1
0.0	29	29	2010	2019	9	0
0.029918404351767906	0	29	2011	2019	8	29
0.0027198549410698096	1	29	2011	2019	8	28
0.003626473254759746	2	29	2011	2019	8	27
0.11242067089755213	3	29	2011	2019	8	26
0.2157751586582049	4	29	2011	2019	8	25
0.06255666364460562	5	29	2011	2019	8	24
0.025385312783318223	6	29	2011	2019	8	23
0.22937443336355395	7	29	2011	2019	8	22
0.2910244786944696	8	29	2011	2019	8	21
0.010879419764279238	9	29	2011	2019	8	20
0.003626473254759746	10	29	2011	2019	8	19
0.0009066183136899365	11	29	2011	2019	8	18
0.0	12	29	2011	2019	8	17
0.0	13	29	2011	2019	8	16
0.0009066183136899365	14	29	2011	2019	8	15
0.001813236627379873	15	29	2011	2019	8	14
0.005439709882139619	16	29	2011	2019	8	13
0.0	17	29	2011	2019	8	12
0.0	18	29	2011	2019	8	11
0.001813236627379873	19	29	2011	2019	8	10
0.0	20	29	2011	2019	8	9
0.0	21	29	2011	2019	8	8
0.0	22	29	2011	2019	8	7
0.0009066183136899365	23	29	2011	2019	8	6
0.0	24	29	2011	2019	8	5
0.0	25	29	2011	2019	8	4
0.0	26	29	2011	2019	8	3
0.0009066183136899365	27	29	2011	2019	8	2
0.0	28	29	2011	2019	8	1
0.0	29	29	2011	2019	8	0
0.008796481407437025	0	29	2012	2019	7	29
0.020791683326669332	1	29	2012	2019	7	28
0.0011995201919232307	2	29	2012	2019	7	27
0.04558176729308277	3	29	2012	2019	7	26
0.14714114354258298	4	29	2012	2019	7	25
0.03278688524590164	5	29	2012	2019	7	24
0.013994402239104359	6	29	2012	2019	7	23
0.3194722111155538	7	29	2012	2019	7	22
0.3746501399440224	8	29	2012	2019	7	21
0.012395041983206718	9	29	2012	2019	7	20
0.018392642942822873	10	29	2012	2019	7	19
0.0011995201919232307	11	29	2012	2019	7	18
0.00039984006397441024	12	29	2012	2019	7	17
0.0	13	29	2012	2019	7	16
0.001999200319872051	14	29	2012	2019	7	15
0.0007996801279488205	15	29	2012	2019	7	14
0.00039984006397441024	16	29	2012	2019	7	13
0.0	17	29	2012	2019	7	12
0.0	18	29	2012	2019	7	11
0.0	19	29	2012	2019	7	10
0.0	20	29	2012	2019	7	9
0.0	21	29	2012	2019	7	8
0.0	22	29	2012	2019	7	7
0.0	23	29	2012	2019	7	6
0.0	24	29	2012	2019	7	5
0.0	25	29	2012	2019	7	4
0.0	26	29	2012	2019	7	3
0.0	27	29	2012	2019	7	2
0.0	28	29	2012	2019	7	1
0.0	29	29	2012	2019	7	0
0.0037735849056603774	0	29	2013	2019	6	29
0.0015094339622641509	1	29	2013	2019	6	28
0.0007547169811320754	2	29	2013	2019	6	27
0.017358490566037735	3	29	2013	2019	6	26
0.07169811320754717	4	29	2013	2019	6	25
0.03773584905660377	5	29	2013	2019	6	24
0.018113207547169812	6	29	2013	2019	6	23
0.2181132075471698	7	29	2013	2019	6	22
0.4762264150943396	8	29	2013	2019	6	21
0.06264150943396227	9	29	2013	2019	6	20
0.05811320754716981	10	29	2013	2019	6	19
0.009811320754716982	11	29	2013	2019	6	18
0.0007547169811320754	12	29	2013	2019	6	17
0.005283018867924529	13	29	2013	2019	6	16
0.009811320754716982	14	29	2013	2019	6	15
0.006792452830188679	15	29	2013	2019	6	14
0.0007547169811320754	16	29	2013	2019	6	13
0.0	17	29	2013	2019	6	12
0.0	18	29	2013	2019	6	11
0.0	19	29	2013	2019	6	10
0.0	20	29	2013	2019	6	9
0.0007547169811320754	21	29	2013	2019	6	8
0.0	22	29	2013	2019	6	7
0.0	23	29	2013	2019	6	6
0.0	24	29	2013	2019	6	5
0.0	25	29	2013	2019	6	4
0.0	26	29	2013	2019	6	3
0.0	27	29	2013	2019	6	2
0.0	28	29	2013	2019	6	1
0.0	29	29	2013	2019	6	0
0.010518407212622089	0	29	2014	2019	5	29
0.0	1	29	2014	2019	5	28
0.0	2	29	2014	2019	5	27
0.0067618332081141996	3	29	2014	2019	5	26
0.01652892561983471	4	29	2014	2019	5	25
0.015026296018031555	5	29	2014	2019	5	24
0.007513148009015778	6	29	2014	2019	5	23
0.06010518407212622	7	29	2014	2019	5	22
0.4042073628850488	8	29	2014	2019	5	21
0.2464312546957175	9	29	2014	2019	5	20
0.1179564237415477	10	29	2014	2019	5	19
0.0202854996243426	11	29	2014	2019	5	18
0.006010518407212622	12	29	2014	2019	5	17
0.0067618332081141996	13	29	2014	2019	5	16
0.06686701728024042	14	29	2014	2019	5	15
0.012772351615326822	15	29	2014	2019	5	14
0.002253944402704733	16	29	2014	2019	5	13
0.0	17	29	2014	2019	5	12
0.0	18	29	2014	2019	5	11
0.0	19	29	2014	2019	5	10
0.0	20	29	2014	2019	5	9
0.0	21	29	2014	2019	5	8
0.0	22	29	2014	2019	5	7
0.0	23	29	2014	2019	5	6
0.0	24	29	2014	2019	5	5
0.0	25	29	2014	2019	5	4
0.0	26	29	2014	2019	5	3
0.0	27	29	2014	2019	5	2
0.0	28	29	2014	2019	5	1
0.0	29	29	2014	2019	5	0
0.0036133694670280035	0	29	2015	2019	4	29
0.0009033423667570009	1	29	2015	2019	4	28
0.0	2	29	2015	2019	4	27
0.0027100271002710027	3	29	2015	2019	4	26
0.011743450767841012	4	29	2015	2019	4	25
0.011743450767841012	5	29	2015	2019	4	24
0.0027100271002710027	6	29	2015	2019	4	23
0.028003613369467027	7	29	2015	2019	4	22
0.1996386630532972	8	29	2015	2019	4	21
0.2881662149954833	9	29	2015	2019	4	20
0.17434507678410116	10	29	2015	2019	4	19
0.06142728093947606	11	29	2015	2019	4	18
0.0027100271002710027	12	29	2015	2019	4	17
0.004516711833785004	13	29	2015	2019	4	16
0.12556458897922312	14	29	2015	2019	4	15
0.056910569105691054	15	29	2015	2019	4	14
0.022583559168925023	16	29	2015	2019	4	13
0.0018066847335140017	17	29	2015	2019	4	12
0.0	18	29	2015	2019	4	11
0.0009033423667570009	19	29	2015	2019	4	10
0.0	20	29	2015	2019	4	9
0.0	21	29	2015	2019	4	8
0.0	22	29	2015	2019	4	7
0.0	23	29	2015	2019	4	6
0.0	24	29	2015	2019	4	5
0.0	25	29	2015	2019	4	4
0.0	26	29	2015	2019	4	3
0.0	27	29	2015	2019	4	2
0.0	28	29	2015	2019	4	1
0.0	29	29	2015	2019	4	0
0.03498542274052478	0	29	2016	2019	3	29
0.0	1	29	2016	2019	3	28
0.0	2	29	2016	2019	3	27
0.0029154518950437317	3	29	2016	2019	3	26
0.008746355685131196	4	29	2016	2019	3	25
0.0058309037900874635	5	29	2016	2019	3	24
0.0	6	29	2016	2019	3	23
0.02040816326530612	7	29	2016	2019	3	22
0.08163265306122448	8	29	2016	2019	3	21
0.26239067055393583	9	29	2016	2019	3	20
0.06705539358600583	10	29	2016	2019	3	19
0.061224489795918366	11	29	2016	2019	3	18
0.0029154518950437317	12	29	2016	2019	3	17
0.008746355685131196	13	29	2016	2019	3	16
0.24489795918367346	14	29	2016	2019	3	15
0.12536443148688048	15	29	2016	2019	3	14
0.0641399416909621	16	29	2016	2019	3	13
0.0	17	29	2016	2019	3	12
0.0	18	29	2016	2019	3	11
0.0058309037900874635	19	29	2016	2019	3	10
0.0	20	29	2016	2019	3	9
0.0	21	29	2016	2019	3	8
0.0	22	29	2016	2019	3	7
0.0029154518950437317	23	29	2016	2019	3	6
0.0	24	29	2016	2019	3	5
0.0	25	29	2016	2019	3	4
0.0	26	29	2016	2019	3	3
0.0	27	29	2016	2019	3	2
0.0	28	29	2016	2019	3	1
0.0	29	29	2016	2019	3	0
0.01440922190201729	0	29	2017	2019	2	29
0.0	1	29	2017	2019	2	28
0.0	2	29	2017	2019	2	27
0.002881844380403458	3	29	2017	2019	2	26
0.0	4	29	2017	2019	2	25
0.0	5	29	2017	2019	2	24
0.0	6	29	2017	2019	2	23
0.01440922190201729	7	29	2017	2019	2	22
0.040345821325648415	8	29	2017	2019	2	21
0.15561959654178675	9	29	2017	2019	2	20
0.069164265129683	10	29	2017	2019	2	19
0.04899135446685879	11	29	2017	2019	2	18
0.0	12	29	2017	2019	2	17
0.002881844380403458	13	29	2017	2019	2	16
0.25936599423631124	14	29	2017	2019	2	15
0.1585014409221902	15	29	2017	2019	2	14
0.23054755043227665	16	29	2017	2019	2	13
0.0	17	29	2017	2019	2	12
0.0	18	29	2017	2019	2	11
0.0	19	29	2017	2019	2	10
0.0	20	29	2017	2019	2	9
0.0	21	29	2017	2019	2	8
0.0	22	29	2017	2019	2	7
0.002881844380403458	23	29	2017	2019	2	6
0.0	24	29	2017	2019	2	5
0.0	25	29	2017	2019	2	4
0.0	26	29	2017	2019	2	3
0.0	27	29	2017	2019	2	2
0.0	28	29	2017	2019	2	1
0.0	29	29	2017	2019	2	0
0.0	0	29	2018	2019	1	29
0.0	1	29	2018	2019	1	28
0.0	2	29	2018	2019	1	27
0.0010330578512396695	3	29	2018	2019	1	26
0.0010330578512396695	4	29	2018	2019	1	25
0.0	5	29	2018	2019	1	24
0.0	6	29	2018	2019	1	23
0.006198347107438017	7	29	2018	2019	1	22
0.01652892561983471	8	29	2018	2019	1	21
0.12086776859504132	9	29	2018	2019	1	20
0.045454545454545456	10	29	2018	2019	1	19
0.009297520661157025	11	29	2018	2019	1	18
0.002066115702479339	12	29	2018	2019	1	17
0.0010330578512396695	13	29	2018	2019	1	16
0.19318181818181818	14	29	2018	2019	1	15
0.23243801652892562	15	29	2018	2019	1	14
0.24070247933884298	16	29	2018	2019	1	13
0.01756198347107438	17	29	2018	2019	1	12
0.010330578512396695	18	29	2018	2019	1	11
0.05991735537190083	19	29	2018	2019	1	10
0.0	20	29	2018	2019	1	9
0.025826446280991736	21	29	2018	2019	1	8
0.0030991735537190084	22	29	2018	2019	1	7
0.009297520661157025	23	29	2018	2019	1	6
0.0010330578512396695	24	29	2018	2019	1	5
0.0	25	29	2018	2019	1	4
0.0030991735537190084	26	29	2018	2019	1	3
0.0	27	29	2018	2019	1	2
0.0	28	29	2018	2019	1	1
0.0	29	29	2018	2019	1	0
0.0029791459781529296	0	29	2019	2019	0	29
0.0	1	29	2019	2019	0	28
0.0	2	29	2019	2019	0	27
0.0	3	29	2019	2019	0	26
0.0	4	29	2019	2019	0	25
0.0	5	29	2019	2019	0	24
0.0	6	29	2019	2019	0	23
0.0009930486593843098	7	29	2019	2019	0	22
0.006951340615690168	8	29	2019	2019	0	21
0.07944389275074479	9	29	2019	2019	0	20
0.027805362462760674	10	29	2019	2019	0	19
0.0029791459781529296	11	29	2019	2019	0	18
0.006951340615690168	12	29	2019	2019	0	17
0.0029791459781529296	13	29	2019	2019	0	16
0.10625620655412116	14	29	2019	2019	0	15
0.15491559086395235	15	29	2019	2019	0	14
0.3286991062562066	16	29	2019	2019	0	13
0.03475670307845084	17	29	2019	2019	0	12
0.016881827209533268	18	29	2019	2019	0	11
0.11916583912611718	19	29	2019	2019	0	10
0.004965243296921549	20	29	2019	2019	0	9
0.06852035749751738	21	29	2019	2019	0	8
0.011916583912611719	22	29	2019	2019	0	7
0.01787487586891758	23	29	2019	2019	0	6
0.0009930486593843098	24	29	2019	2019	0	5
0.0	25	29	2019	2019	0	4
0.0029791459781529296	26	29	2019	2019	0	3
0.0009930486593843098	27	29	2019	2019	0	2
0.0	28	29	2019	2019	0	1
0.0	29	29	2019	2019	0	0
0.005405405405405406	0	29	2020	2019	-1	29
0.0	1	29	2020	2019	-1	28
0.0	2	29	2020	2019	-1	27
0.0	3	29	2020	2019	-1	26
0.0	4	29	2020	2019	-1	25
0.0	5	29	2020	2019	-1	24
0.0	6	29	2020	2019	-1	23
0.0	7	29	2020	2019	-1	22
0.016216216216216217	8	29	2020	2019	-1	21
0.043243243243243246	9	29	2020	2019	-1	20
0.0	10	29	2020	2019	-1	19
0.0	11	29	2020	2019	-1	18
0.0	12	29	2020	2019	-1	17
0.0	13	29	2020	2019	-1	16
0.03783783783783784	14	29	2020	2019	-1	15
0.2810810810810811	15	29	2020	2019	-1	14
0.15675675675675677	16	29	2020	2019	-1	13
0.032432432432432434	17	29	2020	2019	-1	12
0.02702702702702703	18	29	2020	2019	-1	11
0.1891891891891892	19	29	2020	2019	-1	10
0.0	20	29	2020	2019	-1	9
0.17297297297297298	21	29	2020	2019	-1	8
0.005405405405405406	22	29	2020	2019	-1	7
0.021621621621621623	23	29	2020	2019	-1	6
0.0	24	29	2020	2019	-1	5
0.0	25	29	2020	2019	-1	4
0.0	26	29	2020	2019	-1	3
0.005405405405405406	27	29	2020	2019	-1	2
0.005405405405405406	28	29	2020	2019	-1	1
0.0	29	29	2020	2019	-1	0
0.0048543689320388345	0	29	2021	2019	-2	29
0.0	1	29	2021	2019	-2	28
0.0	2	29	2021	2019	-2	27
0.0	3	29	2021	2019	-2	26
0.0	4	29	2021	2019	-2	25
0.0	5	29	2021	2019	-2	24
0.0	6	29	2021	2019	-2	23
0.0	7	29	2021	2019	-2	22
0.009708737864077669	8	29	2021	2019	-2	21
0.014563106796116505	9	29	2021	2019	-2	20
0.0048543689320388345	10	29	2021	2019	-2	19
0.009708737864077669	11	29	2021	2019	-2	18
0.0	12	29	2021	2019	-2	17
0.0	13	29	2021	2019	-2	16
0.05339805825242718	14	29	2021	2019	-2	15
0.024271844660194174	15	29	2021	2019	-2	14
0.0825242718446602	16	29	2021	2019	-2	13
0.009708737864077669	17	29	2021	2019	-2	12
0.02912621359223301	18	29	2021	2019	-2	11
0.24271844660194175	19	29	2021	2019	-2	10
0.0048543689320388345	20	29	2021	2019	-2	9
0.3640776699029126	21	29	2021	2019	-2	8
0.024271844660194174	22	29	2021	2019	-2	7
0.019417475728155338	23	29	2021	2019	-2	6
0.02912621359223301	24	29	2021	2019	-2	5
0.0	25	29	2021	2019	-2	4
0.07281553398058252	26	29	2021	2019	-2	3
0.0	27	29	2021	2019	-2	2
0.0	28	29	2021	2019	-2	1
0.0	29	29	2021	2019	-2	0
