failure rate	min sdk	api level	year	api's year	api-year	api-min
0	0	19	2010	2013	3	19
0	1	19	2010	2013	3	18
0	2	19	2010	2013	3	17
0	3	19	2010	2013	3	16
0	4	19	2010	2013	3	15
0	5	19	2010	2013	3	14
0	6	19	2010	2013	3	13
0	7	19	2010	2013	3	12
0	8	19	2010	2013	3	11
0	9	19	2010	2013	3	10
0	10	19	2010	2013	3	9
0	11	19	2010	2013	3	8
0	12	19	2010	2013	3	7
0	13	19	2010	2013	3	6
0	14	19	2010	2013	3	5
0	15	19	2010	2013	3	4
0	16	19	2010	2013	3	3
0	17	19	2010	2013	3	2
0	18	19	2010	2013	3	1
0	19	19	2010	2013	3	0
0	20	19	2010	2013	3	-1
0	21	19	2010	2013	3	-2
0	22	19	2010	2013	3	-3
0	23	19	2010	2013	3	-4
0	24	19	2010	2013	3	-5
0	25	19	2010	2013	3	-6
0	26	19	2010	2013	3	-7
0	27	19	2010	2013	3	-8
0	28	19	2010	2013	3	-9
0	29	19	2010	2013	3	-10
0	0	19	2011	2013	2	19
0	1	19	2011	2013	2	18
0	2	19	2011	2013	2	17
0	3	19	2011	2013	2	16
0	4	19	2011	2013	2	15
0	5	19	2011	2013	2	14
0	6	19	2011	2013	2	13
0	7	19	2011	2013	2	12
0	8	19	2011	2013	2	11
0	9	19	2011	2013	2	10
0	10	19	2011	2013	2	9
0	11	19	2011	2013	2	8
0	12	19	2011	2013	2	7
0	13	19	2011	2013	2	6
0	14	19	2011	2013	2	5
0	15	19	2011	2013	2	4
0	16	19	2011	2013	2	3
0	17	19	2011	2013	2	2
0	18	19	2011	2013	2	1
0	19	19	2011	2013	2	0
0	20	19	2011	2013	2	-1
0	21	19	2011	2013	2	-2
0	22	19	2011	2013	2	-3
0	23	19	2011	2013	2	-4
0	24	19	2011	2013	2	-5
0	25	19	2011	2013	2	-6
0	26	19	2011	2013	2	-7
0	27	19	2011	2013	2	-8
0	28	19	2011	2013	2	-9
0	29	19	2011	2013	2	-10
0	0	19	2012	2013	1	19
0	1	19	2012	2013	1	18
0	2	19	2012	2013	1	17
0	3	19	2012	2013	1	16
0	4	19	2012	2013	1	15
0	5	19	2012	2013	1	14
0	6	19	2012	2013	1	13
0	7	19	2012	2013	1	12
0	8	19	2012	2013	1	11
0	9	19	2012	2013	1	10
0	10	19	2012	2013	1	9
0	11	19	2012	2013	1	8
0	12	19	2012	2013	1	7
0	13	19	2012	2013	1	6
0	14	19	2012	2013	1	5
0	15	19	2012	2013	1	4
0	16	19	2012	2013	1	3
0	17	19	2012	2013	1	2
0	18	19	2012	2013	1	1
0	19	19	2012	2013	1	0
0	20	19	2012	2013	1	-1
0	21	19	2012	2013	1	-2
0	22	19	2012	2013	1	-3
0	23	19	2012	2013	1	-4
0	24	19	2012	2013	1	-5
0	25	19	2012	2013	1	-6
0	26	19	2012	2013	1	-7
0	27	19	2012	2013	1	-8
0	28	19	2012	2013	1	-9
0	29	19	2012	2013	1	-10
0	0	19	2013	2013	0	19
0	1	19	2013	2013	0	18
0	2	19	2013	2013	0	17
0	3	19	2013	2013	0	16
0	4	19	2013	2013	0	15
0	5	19	2013	2013	0	14
0	6	19	2013	2013	0	13
0	7	19	2013	2013	0	12
0	8	19	2013	2013	0	11
0	9	19	2013	2013	0	10
0	10	19	2013	2013	0	9
0	11	19	2013	2013	0	8
0	12	19	2013	2013	0	7
0	13	19	2013	2013	0	6
0	14	19	2013	2013	0	5
0	15	19	2013	2013	0	4
0	16	19	2013	2013	0	3
0	17	19	2013	2013	0	2
0	18	19	2013	2013	0	1
0	19	19	2013	2013	0	0
0	20	19	2013	2013	0	-1
0	21	19	2013	2013	0	-2
0	22	19	2013	2013	0	-3
0	23	19	2013	2013	0	-4
0	24	19	2013	2013	0	-5
0	25	19	2013	2013	0	-6
0	26	19	2013	2013	0	-7
0	27	19	2013	2013	0	-8
0	28	19	2013	2013	0	-9
0	29	19	2013	2013	0	-10
0	0	19	2014	2013	-1	19
0	1	19	2014	2013	-1	18
0	2	19	2014	2013	-1	17
0	3	19	2014	2013	-1	16
0	4	19	2014	2013	-1	15
0	5	19	2014	2013	-1	14
0	6	19	2014	2013	-1	13
0	7	19	2014	2013	-1	12
0	8	19	2014	2013	-1	11
0	9	19	2014	2013	-1	10
0	10	19	2014	2013	-1	9
0	11	19	2014	2013	-1	8
0	12	19	2014	2013	-1	7
0	13	19	2014	2013	-1	6
0	14	19	2014	2013	-1	5
0	15	19	2014	2013	-1	4
0	16	19	2014	2013	-1	3
0	17	19	2014	2013	-1	2
0	18	19	2014	2013	-1	1
0	19	19	2014	2013	-1	0
0	20	19	2014	2013	-1	-1
0	21	19	2014	2013	-1	-2
0	22	19	2014	2013	-1	-3
0	23	19	2014	2013	-1	-4
0	24	19	2014	2013	-1	-5
0	25	19	2014	2013	-1	-6
0	26	19	2014	2013	-1	-7
0	27	19	2014	2013	-1	-8
0	28	19	2014	2013	-1	-9
0	29	19	2014	2013	-1	-10
0	0	19	2015	2013	-2	19
0	1	19	2015	2013	-2	18
0	2	19	2015	2013	-2	17
0	3	19	2015	2013	-2	16
0	4	19	2015	2013	-2	15
0	5	19	2015	2013	-2	14
0	6	19	2015	2013	-2	13
0	7	19	2015	2013	-2	12
0	8	19	2015	2013	-2	11
0	9	19	2015	2013	-2	10
0	10	19	2015	2013	-2	9
0	11	19	2015	2013	-2	8
0	12	19	2015	2013	-2	7
0	13	19	2015	2013	-2	6
0	14	19	2015	2013	-2	5
0	15	19	2015	2013	-2	4
0	16	19	2015	2013	-2	3
0	17	19	2015	2013	-2	2
0	18	19	2015	2013	-2	1
0	19	19	2015	2013	-2	0
0	20	19	2015	2013	-2	-1
0	21	19	2015	2013	-2	-2
0	22	19	2015	2013	-2	-3
0	23	19	2015	2013	-2	-4
0	24	19	2015	2013	-2	-5
0	25	19	2015	2013	-2	-6
0	26	19	2015	2013	-2	-7
0	27	19	2015	2013	-2	-8
0	28	19	2015	2013	-2	-9
0	29	19	2015	2013	-2	-10
0	0	19	2016	2013	-3	19
0	1	19	2016	2013	-3	18
0	2	19	2016	2013	-3	17
0	3	19	2016	2013	-3	16
0	4	19	2016	2013	-3	15
0	5	19	2016	2013	-3	14
0	6	19	2016	2013	-3	13
0	7	19	2016	2013	-3	12
0	8	19	2016	2013	-3	11
0	9	19	2016	2013	-3	10
0	10	19	2016	2013	-3	9
0	11	19	2016	2013	-3	8
0	12	19	2016	2013	-3	7
0	13	19	2016	2013	-3	6
0	14	19	2016	2013	-3	5
0	15	19	2016	2013	-3	4
0	16	19	2016	2013	-3	3
0	17	19	2016	2013	-3	2
0	18	19	2016	2013	-3	1
0	19	19	2016	2013	-3	0
0	20	19	2016	2013	-3	-1
0	21	19	2016	2013	-3	-2
0	22	19	2016	2013	-3	-3
0	23	19	2016	2013	-3	-4
0	24	19	2016	2013	-3	-5
0	25	19	2016	2013	-3	-6
0	26	19	2016	2013	-3	-7
0	27	19	2016	2013	-3	-8
0	28	19	2016	2013	-3	-9
0	29	19	2016	2013	-3	-10
0	0	19	2017	2013	-4	19
0	1	19	2017	2013	-4	18
0	2	19	2017	2013	-4	17
0	3	19	2017	2013	-4	16
0	4	19	2017	2013	-4	15
0	5	19	2017	2013	-4	14
0	6	19	2017	2013	-4	13
0	7	19	2017	2013	-4	12
0	8	19	2017	2013	-4	11
0	9	19	2017	2013	-4	10
0	10	19	2017	2013	-4	9
0	11	19	2017	2013	-4	8
0	12	19	2017	2013	-4	7
0	13	19	2017	2013	-4	6
0	14	19	2017	2013	-4	5
0	15	19	2017	2013	-4	4
0	16	19	2017	2013	-4	3
0	17	19	2017	2013	-4	2
0	18	19	2017	2013	-4	1
0	19	19	2017	2013	-4	0
0	20	19	2017	2013	-4	-1
0	21	19	2017	2013	-4	-2
0	22	19	2017	2013	-4	-3
0	23	19	2017	2013	-4	-4
0	24	19	2017	2013	-4	-5
0	25	19	2017	2013	-4	-6
0	26	19	2017	2013	-4	-7
0	27	19	2017	2013	-4	-8
0	28	19	2017	2013	-4	-9
0	29	19	2017	2013	-4	-10
0	0	19	2018	2013	-5	19
0	1	19	2018	2013	-5	18
0	2	19	2018	2013	-5	17
0	3	19	2018	2013	-5	16
0	4	19	2018	2013	-5	15
0	5	19	2018	2013	-5	14
0	6	19	2018	2013	-5	13
0	7	19	2018	2013	-5	12
0	8	19	2018	2013	-5	11
0	9	19	2018	2013	-5	10
0	10	19	2018	2013	-5	9
0	11	19	2018	2013	-5	8
0	12	19	2018	2013	-5	7
0	13	19	2018	2013	-5	6
0	14	19	2018	2013	-5	5
0	15	19	2018	2013	-5	4
0	16	19	2018	2013	-5	3
0	17	19	2018	2013	-5	2
0	18	19	2018	2013	-5	1
0	19	19	2018	2013	-5	0
0	20	19	2018	2013	-5	-1
0	21	19	2018	2013	-5	-2
0	22	19	2018	2013	-5	-3
0	23	19	2018	2013	-5	-4
0	24	19	2018	2013	-5	-5
0	25	19	2018	2013	-5	-6
0	26	19	2018	2013	-5	-7
0	27	19	2018	2013	-5	-8
0	28	19	2018	2013	-5	-9
0	29	19	2018	2013	-5	-10
0	0	19	2019	2013	-6	19
0	1	19	2019	2013	-6	18
0	2	19	2019	2013	-6	17
0	3	19	2019	2013	-6	16
0	4	19	2019	2013	-6	15
0	5	19	2019	2013	-6	14
0	6	19	2019	2013	-6	13
0	7	19	2019	2013	-6	12
0	8	19	2019	2013	-6	11
0	9	19	2019	2013	-6	10
0	10	19	2019	2013	-6	9
0	11	19	2019	2013	-6	8
0	12	19	2019	2013	-6	7
0	13	19	2019	2013	-6	6
0	14	19	2019	2013	-6	5
0	15	19	2019	2013	-6	4
0	16	19	2019	2013	-6	3
0	17	19	2019	2013	-6	2
0	18	19	2019	2013	-6	1
0	19	19	2019	2013	-6	0
0	20	19	2019	2013	-6	-1
0	21	19	2019	2013	-6	-2
0	22	19	2019	2013	-6	-3
0	23	19	2019	2013	-6	-4
0	24	19	2019	2013	-6	-5
0	25	19	2019	2013	-6	-6
0	26	19	2019	2013	-6	-7
0	27	19	2019	2013	-6	-8
0	28	19	2019	2013	-6	-9
0	29	19	2019	2013	-6	-10
0	0	19	2020	2013	-7	19
0	1	19	2020	2013	-7	18
0	2	19	2020	2013	-7	17
0	3	19	2020	2013	-7	16
0	4	19	2020	2013	-7	15
0	5	19	2020	2013	-7	14
0	6	19	2020	2013	-7	13
0	7	19	2020	2013	-7	12
0	8	19	2020	2013	-7	11
0	9	19	2020	2013	-7	10
0	10	19	2020	2013	-7	9
0	11	19	2020	2013	-7	8
0	12	19	2020	2013	-7	7
0	13	19	2020	2013	-7	6
0	14	19	2020	2013	-7	5
0	15	19	2020	2013	-7	4
0	16	19	2020	2013	-7	3
0	17	19	2020	2013	-7	2
0	18	19	2020	2013	-7	1
0	19	19	2020	2013	-7	0
0	20	19	2020	2013	-7	-1
0	21	19	2020	2013	-7	-2
0	22	19	2020	2013	-7	-3
0	23	19	2020	2013	-7	-4
0	24	19	2020	2013	-7	-5
0	25	19	2020	2013	-7	-6
0	26	19	2020	2013	-7	-7
0	27	19	2020	2013	-7	-8
0	28	19	2020	2013	-7	-9
0	29	19	2020	2013	-7	-10
0	0	19	2021	2013	-8	19
0	1	19	2021	2013	-8	18
0	2	19	2021	2013	-8	17
0	3	19	2021	2013	-8	16
0	4	19	2021	2013	-8	15
0	5	19	2021	2013	-8	14
0	6	19	2021	2013	-8	13
0	7	19	2021	2013	-8	12
0	8	19	2021	2013	-8	11
0	9	19	2021	2013	-8	10
0	10	19	2021	2013	-8	9
0	11	19	2021	2013	-8	8
0	12	19	2021	2013	-8	7
0	13	19	2021	2013	-8	6
0	14	19	2021	2013	-8	5
0	15	19	2021	2013	-8	4
0	16	19	2021	2013	-8	3
0	17	19	2021	2013	-8	2
0	18	19	2021	2013	-8	1
0	19	19	2021	2013	-8	0
0	20	19	2021	2013	-8	-1
0	21	19	2021	2013	-8	-2
0	22	19	2021	2013	-8	-3
0	23	19	2021	2013	-8	-4
0	24	19	2021	2013	-8	-5
0	25	19	2021	2013	-8	-6
0	26	19	2021	2013	-8	-7
0	27	19	2021	2013	-8	-8
0	28	19	2021	2013	-8	-9
0	29	19	2021	2013	-8	-10
0.006776379477250726	0	21	2010	2014	4	21
0.021297192642787996	1	21	2010	2014	4	20
0.001936108422071636	2	21	2010	2014	4	19
0.4259438528557599	3	21	2010	2014	4	18
0.19070667957405615	4	21	2010	2014	4	17
0.03872216844143272	5	21	2010	2014	4	16
0.010648596321393998	6	21	2010	2014	4	15
0.0755082284607938	7	21	2010	2014	4	14
0.20522749273959343	8	21	2010	2014	4	13
0.005808325266214908	9	21	2010	2014	4	12
0.003872216844143272	10	21	2010	2014	4	11
0.000968054211035818	11	21	2010	2014	4	10
0.0	12	21	2010	2014	4	9
0.0	13	21	2010	2014	4	8
0.008712487899322363	14	21	2010	2014	4	7
0.000968054211035818	15	21	2010	2014	4	6
0.0	16	21	2010	2014	4	5
0.0	17	21	2010	2014	4	4
0.0	18	21	2010	2014	4	3
0.001936108422071636	19	21	2010	2014	4	2
0.0	20	21	2010	2014	4	1
0.0	21	21	2010	2014	4	0
0.0	22	21	2010	2014	4	-1
0.0	23	21	2010	2014	4	-2
0.0	24	21	2010	2014	4	-3
0.0	25	21	2010	2014	4	-4
0.0	26	21	2010	2014	4	-5
0.0	27	21	2010	2014	4	-6
0.000968054211035818	28	21	2010	2014	4	-7
0.0	29	21	2010	2014	4	-8
0.006711409395973154	0	21	2011	2014	3	21
0.0011185682326621924	1	21	2011	2014	3	20
0.0022371364653243847	2	21	2011	2014	3	19
0.10850111856823266	3	21	2011	2014	3	18
0.21252796420581654	4	21	2011	2014	3	17
0.058165548098434	5	21	2011	2014	3	16
0.011185682326621925	6	21	2011	2014	3	15
0.2371364653243848	7	21	2011	2014	3	14
0.33109619686800895	8	21	2011	2014	3	13
0.012304250559284116	9	21	2011	2014	3	12
0.0044742729306487695	10	21	2011	2014	3	11
0.0011185682326621924	11	21	2011	2014	3	10
0.0	12	21	2011	2014	3	9
0.0	13	21	2011	2014	3	8
0.0011185682326621924	14	21	2011	2014	3	7
0.0011185682326621924	15	21	2011	2014	3	6
0.006711409395973154	16	21	2011	2014	3	5
0.0	17	21	2011	2014	3	4
0.0	18	21	2011	2014	3	3
0.0022371364653243847	19	21	2011	2014	3	2
0.0	20	21	2011	2014	3	1
0.0	21	21	2011	2014	3	0
0.0	22	21	2011	2014	3	-1
0.0011185682326621924	23	21	2011	2014	3	-2
0.0	24	21	2011	2014	3	-3
0.0	25	21	2011	2014	3	-4
0.0	26	21	2011	2014	3	-5
0.0011185682326621924	27	21	2011	2014	3	-6
0.0	28	21	2011	2014	3	-7
0.0	29	21	2011	2014	3	-8
0.0019946808510638296	0	21	2012	2014	2	21
0.0019946808510638296	1	21	2012	2014	2	20
0.0013297872340425532	2	21	2012	2014	2	19
0.04454787234042553	3	21	2012	2014	2	18
0.16888297872340424	4	21	2012	2014	2	17
0.03922872340425532	5	21	2012	2014	2	16
0.006648936170212766	6	21	2012	2014	2	15
0.27194148936170215	7	21	2012	2014	2	14
0.42819148936170215	8	21	2012	2014	2	13
0.013962765957446808	9	21	2012	2014	2	12
0.017287234042553192	10	21	2012	2014	2	11
0.0013297872340425532	11	21	2012	2014	2	10
0.0006648936170212766	12	21	2012	2014	2	9
0.0	13	21	2012	2014	2	8
0.0013297872340425532	14	21	2012	2014	2	7
0.0006648936170212766	15	21	2012	2014	2	6
0.0	16	21	2012	2014	2	5
0.0	17	21	2012	2014	2	4
0.0	18	21	2012	2014	2	3
0.0	19	21	2012	2014	2	2
0.0	20	21	2012	2014	2	1
0.0	21	21	2012	2014	2	0
0.0	22	21	2012	2014	2	-1
0.0	23	21	2012	2014	2	-2
0.0	24	21	2012	2014	2	-3
0.0	25	21	2012	2014	2	-4
0.0	26	21	2012	2014	2	-5
0.0	27	21	2012	2014	2	-6
0.0	28	21	2012	2014	2	-7
0.0	29	21	2012	2014	2	-8
0.0016194331983805667	0	21	2013	2014	1	21
0.0016194331983805667	1	21	2013	2014	1	20
0.0008097165991902834	2	21	2013	2014	1	19
0.01700404858299595	3	21	2013	2014	1	18
0.07449392712550608	4	21	2013	2014	1	17
0.038866396761133605	5	21	2013	2014	1	16
0.008906882591093117	6	21	2013	2014	1	15
0.22672064777327935	7	21	2013	2014	1	14
0.47368421052631576	8	21	2013	2014	1	13
0.062348178137651825	9	21	2013	2014	1	12
0.058299595141700404	10	21	2013	2014	1	11
0.010526315789473684	11	21	2013	2014	1	10
0.0	12	21	2013	2014	1	9
0.005668016194331984	13	21	2013	2014	1	8
0.010526315789473684	14	21	2013	2014	1	7
0.0072874493927125505	15	21	2013	2014	1	6
0.0008097165991902834	16	21	2013	2014	1	5
0.0	17	21	2013	2014	1	4
0.0	18	21	2013	2014	1	3
0.0	19	21	2013	2014	1	2
0.0	20	21	2013	2014	1	1
0.0008097165991902834	21	21	2013	2014	1	0
0.0	22	21	2013	2014	1	-1
0.0	23	21	2013	2014	1	-2
0.0	24	21	2013	2014	1	-3
0.0	25	21	2013	2014	1	-4
0.0	26	21	2013	2014	1	-5
0.0	27	21	2013	2014	1	-6
0.0	28	21	2013	2014	1	-7
0.0	29	21	2013	2014	1	-8
0.004807692307692308	0	21	2014	2014	0	21
0.0	1	21	2014	2014	0	20
0.0	2	21	2014	2014	0	19
0.007211538461538462	3	21	2014	2014	0	18
0.02283653846153846	4	21	2014	2014	0	17
0.018028846153846152	5	21	2014	2014	0	16
0.007211538461538462	6	21	2014	2014	0	15
0.06971153846153846	7	21	2014	2014	0	14
0.46274038461538464	8	21	2014	2014	0	13
0.17307692307692307	9	21	2014	2014	0	12
0.11177884615384616	10	21	2014	2014	0	11
0.016826923076923076	11	21	2014	2014	0	10
0.006009615384615385	12	21	2014	2014	0	9
0.010817307692307692	13	21	2014	2014	0	8
0.07211538461538461	14	21	2014	2014	0	7
0.014423076923076924	15	21	2014	2014	0	6
0.002403846153846154	16	21	2014	2014	0	5
0.0	17	21	2014	2014	0	4
0.0	18	21	2014	2014	0	3
0.0	19	21	2014	2014	0	2
0.0	20	21	2014	2014	0	1
0.0	21	21	2014	2014	0	0
0.0	22	21	2014	2014	0	-1
0.0	23	21	2014	2014	0	-2
0.0	24	21	2014	2014	0	-3
0.0	25	21	2014	2014	0	-4
0.0	26	21	2014	2014	0	-5
0.0	27	21	2014	2014	0	-6
0.0	28	21	2014	2014	0	-7
0.0	29	21	2014	2014	0	-8
0.002512562814070352	0	21	2015	2014	-1	21
0.001256281407035176	1	21	2015	2014	-1	20
0.0	2	21	2015	2014	-1	19
0.001256281407035176	3	21	2015	2014	-1	18
0.013819095477386936	4	21	2015	2014	-1	17
0.01507537688442211	5	21	2015	2014	-1	16
0.001256281407035176	6	21	2015	2014	-1	15
0.028894472361809045	7	21	2015	2014	-1	14
0.22738693467336685	8	21	2015	2014	-1	13
0.27889447236180903	9	21	2015	2014	-1	12
0.12939698492462312	10	21	2015	2014	-1	11
0.07537688442211055	11	21	2015	2014	-1	10
0.0037688442211055275	12	21	2015	2014	-1	9
0.00628140703517588	13	21	2015	2014	-1	8
0.12814070351758794	14	21	2015	2014	-1	7
0.05527638190954774	15	21	2015	2014	-1	6
0.02763819095477387	16	21	2015	2014	-1	5
0.002512562814070352	17	21	2015	2014	-1	4
0.0	18	21	2015	2014	-1	3
0.001256281407035176	19	21	2015	2014	-1	2
0.0	20	21	2015	2014	-1	1
0.0	21	21	2015	2014	-1	0
0.0	22	21	2015	2014	-1	-1
0.0	23	21	2015	2014	-1	-2
0.0	24	21	2015	2014	-1	-3
0.0	25	21	2015	2014	-1	-4
0.0	26	21	2015	2014	-1	-5
0.0	27	21	2015	2014	-1	-6
0.0	28	21	2015	2014	-1	-7
0.0	29	21	2015	2014	-1	-8
0.007142857142857143	0	21	2016	2014	-2	21
0.0	1	21	2016	2014	-2	20
0.0	2	21	2016	2014	-2	19
0.0035714285714285713	3	21	2016	2014	-2	18
0.010714285714285714	4	21	2016	2014	-2	17
0.007142857142857143	5	21	2016	2014	-2	16
0.0	6	21	2016	2014	-2	15
0.025	7	21	2016	2014	-2	14
0.09285714285714286	8	21	2016	2014	-2	13
0.225	9	21	2016	2014	-2	12
0.075	10	21	2016	2014	-2	11
0.060714285714285714	11	21	2016	2014	-2	10
0.0035714285714285713	12	21	2016	2014	-2	9
0.010714285714285714	13	21	2016	2014	-2	8
0.2785714285714286	14	21	2016	2014	-2	7
0.11785714285714285	15	21	2016	2014	-2	6
0.07142857142857142	16	21	2016	2014	-2	5
0.0	17	21	2016	2014	-2	4
0.0	18	21	2016	2014	-2	3
0.007142857142857143	19	21	2016	2014	-2	2
0.0	20	21	2016	2014	-2	1
0.0	21	21	2016	2014	-2	0
0.0	22	21	2016	2014	-2	-1
0.0035714285714285713	23	21	2016	2014	-2	-2
0.0	24	21	2016	2014	-2	-3
0.0	25	21	2016	2014	-2	-4
0.0	26	21	2016	2014	-2	-5
0.0	27	21	2016	2014	-2	-6
0.0	28	21	2016	2014	-2	-7
0.0	29	21	2016	2014	-2	-8
0.017123287671232876	0	21	2017	2014	-3	21
0.0	1	21	2017	2014	-3	20
0.0	2	21	2017	2014	-3	19
0.0	3	21	2017	2014	-3	18
0.0	4	21	2017	2014	-3	17
0.0	5	21	2017	2014	-3	16
0.0	6	21	2017	2014	-3	15
0.0136986301369863	7	21	2017	2014	-3	14
0.04452054794520548	8	21	2017	2014	-3	13
0.11301369863013698	9	21	2017	2014	-3	12
0.07876712328767123	10	21	2017	2014	-3	11
0.05136986301369863	11	21	2017	2014	-3	10
0.0	12	21	2017	2014	-3	9
0.003424657534246575	13	21	2017	2014	-3	8
0.2842465753424658	14	21	2017	2014	-3	7
0.16095890410958905	15	21	2017	2014	-3	6
0.2328767123287671	16	21	2017	2014	-3	5
0.0	17	21	2017	2014	-3	4
0.0	18	21	2017	2014	-3	3
0.0	19	21	2017	2014	-3	2
0.0	20	21	2017	2014	-3	1
0.0	21	21	2017	2014	-3	0
0.0	22	21	2017	2014	-3	-1
0.0	23	21	2017	2014	-3	-2
0.0	24	21	2017	2014	-3	-3
0.0	25	21	2017	2014	-3	-4
0.0	26	21	2017	2014	-3	-5
0.0	27	21	2017	2014	-3	-6
0.0	28	21	2017	2014	-3	-7
0.0	29	21	2017	2014	-3	-8
0.0	0	21	2018	2014	-4	21
0.0	1	21	2018	2014	-4	20
0.0	2	21	2018	2014	-4	19
0.0	3	21	2018	2014	-4	18
0.0011273957158962795	4	21	2018	2014	-4	17
0.0	5	21	2018	2014	-4	16
0.0	6	21	2018	2014	-4	15
0.006764374295377677	7	21	2018	2014	-4	14
0.012401352874859075	8	21	2018	2014	-4	13
0.1262683201803833	9	21	2018	2014	-4	12
0.04735062006764374	10	21	2018	2014	-4	11
0.009019165727170236	11	21	2018	2014	-4	10
0.002254791431792559	12	21	2018	2014	-4	9
0.0011273957158962795	13	21	2018	2014	-4	8
0.1984216459977452	14	21	2018	2014	-4	7
0.24464487034949267	15	21	2018	2014	-4	6
0.21871476888387825	16	21	2018	2014	-4	5
0.019165727170236752	17	21	2018	2014	-4	4
0.009019165727170236	18	21	2018	2014	-4	3
0.05975197294250282	19	21	2018	2014	-4	2
0.0	20	21	2018	2014	-4	1
0.02593010146561443	21	21	2018	2014	-4	0
0.0033821871476888386	22	21	2018	2014	-4	-1
0.010146561443066516	23	21	2018	2014	-4	-2
0.0011273957158962795	24	21	2018	2014	-4	-3
0.0	25	21	2018	2014	-4	-4
0.0033821871476888386	26	21	2018	2014	-4	-5
0.0	27	21	2018	2014	-4	-6
0.0	28	21	2018	2014	-4	-7
0.0	29	21	2018	2014	-4	-8
0.0033821871476888386	0	21	2019	2014	-5	21
0.0	1	21	2019	2014	-5	20
0.0	2	21	2019	2014	-5	19
0.0	3	21	2019	2014	-5	18
0.0	4	21	2019	2014	-5	17
0.0	5	21	2019	2014	-5	16
0.0	6	21	2019	2014	-5	15
0.0011273957158962795	7	21	2019	2014	-5	14
0.007891770011273957	8	21	2019	2014	-5	13
0.08455467869222097	9	21	2019	2014	-5	12
0.03156708004509583	10	21	2019	2014	-5	11
0.0033821871476888386	11	21	2019	2014	-5	10
0.006764374295377677	12	21	2019	2014	-5	9
0.0033821871476888386	13	21	2019	2014	-5	8
0.12175873731679819	14	21	2019	2014	-5	7
0.1600901916572717	15	21	2019	2014	-5	6
0.28635851183765504	16	21	2019	2014	-5	5
0.03720405862457723	17	21	2019	2014	-5	4
0.016910935738444193	18	21	2019	2014	-5	3
0.12175873731679819	19	21	2019	2014	-5	2
0.004509582863585118	20	21	2019	2014	-5	1
0.07328072153325817	21	21	2019	2014	-5	0
0.010146561443066516	22	21	2019	2014	-5	-1
0.020293122886133032	23	21	2019	2014	-5	-2
0.0011273957158962795	24	21	2019	2014	-5	-3
0.0	25	21	2019	2014	-5	-4
0.0033821871476888386	26	21	2019	2014	-5	-5
0.0011273957158962795	27	21	2019	2014	-5	-6
0.0	28	21	2019	2014	-5	-7
0.0	29	21	2019	2014	-5	-8
0.005405405405405406	0	21	2020	2014	-6	21
0.0	1	21	2020	2014	-6	20
0.0	2	21	2020	2014	-6	19
0.0	3	21	2020	2014	-6	18
0.0	4	21	2020	2014	-6	17
0.0	5	21	2020	2014	-6	16
0.0	6	21	2020	2014	-6	15
0.0	7	21	2020	2014	-6	14
0.016216216216216217	8	21	2020	2014	-6	13
0.043243243243243246	9	21	2020	2014	-6	12
0.0	10	21	2020	2014	-6	11
0.0	11	21	2020	2014	-6	10
0.0	12	21	2020	2014	-6	9
0.0	13	21	2020	2014	-6	8
0.03783783783783784	14	21	2020	2014	-6	7
0.2810810810810811	15	21	2020	2014	-6	6
0.15675675675675677	16	21	2020	2014	-6	5
0.032432432432432434	17	21	2020	2014	-6	4
0.02702702702702703	18	21	2020	2014	-6	3
0.1891891891891892	19	21	2020	2014	-6	2
0.0	20	21	2020	2014	-6	1
0.17297297297297298	21	21	2020	2014	-6	0
0.005405405405405406	22	21	2020	2014	-6	-1
0.021621621621621623	23	21	2020	2014	-6	-2
0.0	24	21	2020	2014	-6	-3
0.0	25	21	2020	2014	-6	-4
0.0	26	21	2020	2014	-6	-5
0.005405405405405406	27	21	2020	2014	-6	-6
0.005405405405405406	28	21	2020	2014	-6	-7
0.0	29	21	2020	2014	-6	-8
0.0	0	21	2021	2014	-7	21
0.0	1	21	2021	2014	-7	20
0.0	2	21	2021	2014	-7	19
0.0	3	21	2021	2014	-7	18
0.0	4	21	2021	2014	-7	17
0.0	5	21	2021	2014	-7	16
0.0	6	21	2021	2014	-7	15
0.0	7	21	2021	2014	-7	14
0.010101010101010102	8	21	2021	2014	-7	13
0.010101010101010102	9	21	2021	2014	-7	12
0.005050505050505051	10	21	2021	2014	-7	11
0.010101010101010102	11	21	2021	2014	-7	10
0.0	12	21	2021	2014	-7	9
0.0	13	21	2021	2014	-7	8
0.050505050505050504	14	21	2021	2014	-7	7
0.020202020202020204	15	21	2021	2014	-7	6
0.08585858585858586	16	21	2021	2014	-7	5
0.010101010101010102	17	21	2021	2014	-7	4
0.030303030303030304	18	21	2021	2014	-7	3
0.24242424242424243	19	21	2021	2014	-7	2
0.005050505050505051	20	21	2021	2014	-7	1
0.37373737373737376	21	21	2021	2014	-7	0
0.025252525252525252	22	21	2021	2014	-7	-1
0.015151515151515152	23	21	2021	2014	-7	-2
0.030303030303030304	24	21	2021	2014	-7	-3
0.0	25	21	2021	2014	-7	-4
0.07575757575757576	26	21	2021	2014	-7	-5
0.0	27	21	2021	2014	-7	-6
0.0	28	21	2021	2014	-7	-7
0.0	29	21	2021	2014	-7	-8
0.006782945736434108	0	22	2010	2015	5	22
0.02131782945736434	1	22	2010	2015	5	21
0.001937984496124031	2	22	2010	2015	5	20
0.4263565891472868	3	22	2010	2015	5	19
0.19089147286821706	4	22	2010	2015	5	18
0.03875968992248062	5	22	2010	2015	5	17
0.009689922480620155	6	22	2010	2015	5	16
0.0755813953488372	7	22	2010	2015	5	15
0.2054263565891473	8	22	2010	2015	5	14
0.005813953488372093	9	22	2010	2015	5	13
0.003875968992248062	10	22	2010	2015	5	12
0.0009689922480620155	11	22	2010	2015	5	11
0.0	12	22	2010	2015	5	10
0.0	13	22	2010	2015	5	9
0.00872093023255814	14	22	2010	2015	5	8
0.0009689922480620155	15	22	2010	2015	5	7
0.0	16	22	2010	2015	5	6
0.0	17	22	2010	2015	5	5
0.0	18	22	2010	2015	5	4
0.001937984496124031	19	22	2010	2015	5	3
0.0	20	22	2010	2015	5	2
0.0	21	22	2010	2015	5	1
0.0	22	22	2010	2015	5	0
0.0	23	22	2010	2015	5	-1
0.0	24	22	2010	2015	5	-2
0.0	25	22	2010	2015	5	-3
0.0	26	22	2010	2015	5	-4
0.0	27	22	2010	2015	5	-5
0.0009689922480620155	28	22	2010	2015	5	-6
0.0	29	22	2010	2015	5	-7
0.006718924972004479	0	22	2011	2015	4	22
0.0011198208286674132	1	22	2011	2015	4	21
0.0022396416573348264	2	22	2011	2015	4	20
0.10750279955207166	3	22	2011	2015	4	19
0.21052631578947367	4	22	2011	2015	4	18
0.05823068309070549	5	22	2011	2015	4	17
0.011198208286674132	6	22	2011	2015	4	16
0.2374020156774916	7	22	2011	2015	4	15
0.3337066069428891	8	22	2011	2015	4	14
0.012318029115341545	9	22	2011	2015	4	13
0.004479283314669653	10	22	2011	2015	4	12
0.0011198208286674132	11	22	2011	2015	4	11
0.0	12	22	2011	2015	4	10
0.0	13	22	2011	2015	4	9
0.0011198208286674132	14	22	2011	2015	4	8
0.0011198208286674132	15	22	2011	2015	4	7
0.006718924972004479	16	22	2011	2015	4	6
0.0	17	22	2011	2015	4	5
0.0	18	22	2011	2015	4	4
0.0022396416573348264	19	22	2011	2015	4	3
0.0	20	22	2011	2015	4	2
0.0	21	22	2011	2015	4	1
0.0	22	22	2011	2015	4	0
0.0011198208286674132	23	22	2011	2015	4	-1
0.0	24	22	2011	2015	4	-2
0.0	25	22	2011	2015	4	-3
0.0	26	22	2011	2015	4	-4
0.0011198208286674132	27	22	2011	2015	4	-5
0.0	28	22	2011	2015	4	-6
0.0	29	22	2011	2015	4	-7
0.0019946808510638296	0	22	2012	2015	3	22
0.0019946808510638296	1	22	2012	2015	3	21
0.0013297872340425532	2	22	2012	2015	3	20
0.04454787234042553	3	22	2012	2015	3	19
0.16888297872340424	4	22	2012	2015	3	18
0.03922872340425532	5	22	2012	2015	3	17
0.006648936170212766	6	22	2012	2015	3	16
0.27194148936170215	7	22	2012	2015	3	15
0.42819148936170215	8	22	2012	2015	3	14
0.013962765957446808	9	22	2012	2015	3	13
0.017287234042553192	10	22	2012	2015	3	12
0.0013297872340425532	11	22	2012	2015	3	11
0.0006648936170212766	12	22	2012	2015	3	10
0.0	13	22	2012	2015	3	9
0.0013297872340425532	14	22	2012	2015	3	8
0.0006648936170212766	15	22	2012	2015	3	7
0.0	16	22	2012	2015	3	6
0.0	17	22	2012	2015	3	5
0.0	18	22	2012	2015	3	4
0.0	19	22	2012	2015	3	3
0.0	20	22	2012	2015	3	2
0.0	21	22	2012	2015	3	1
0.0	22	22	2012	2015	3	0
0.0	23	22	2012	2015	3	-1
0.0	24	22	2012	2015	3	-2
0.0	25	22	2012	2015	3	-3
0.0	26	22	2012	2015	3	-4
0.0	27	22	2012	2015	3	-5
0.0	28	22	2012	2015	3	-6
0.0	29	22	2012	2015	3	-7
0.0016181229773462784	0	22	2013	2015	2	22
0.0016181229773462784	1	22	2013	2015	2	21
0.0008090614886731392	2	22	2013	2015	2	20
0.01699029126213592	3	22	2013	2015	2	19
0.0744336569579288	4	22	2013	2015	2	18
0.03964401294498382	5	22	2013	2015	2	17
0.00889967637540453	6	22	2013	2015	2	16
0.2273462783171521	7	22	2013	2015	2	15
0.4733009708737864	8	22	2013	2015	2	14
0.06229773462783172	9	22	2013	2015	2	13
0.05825242718446602	10	22	2013	2015	2	12
0.010517799352750809	11	22	2013	2015	2	11
0.0	12	22	2013	2015	2	10
0.0056634304207119745	13	22	2013	2015	2	9
0.010517799352750809	14	22	2013	2015	2	8
0.006472491909385114	15	22	2013	2015	2	7
0.0008090614886731392	16	22	2013	2015	2	6
0.0	17	22	2013	2015	2	5
0.0	18	22	2013	2015	2	4
0.0	19	22	2013	2015	2	3
0.0	20	22	2013	2015	2	2
0.0008090614886731392	21	22	2013	2015	2	1
0.0	22	22	2013	2015	2	0
0.0	23	22	2013	2015	2	-1
0.0	24	22	2013	2015	2	-2
0.0	25	22	2013	2015	2	-3
0.0	26	22	2013	2015	2	-4
0.0	27	22	2013	2015	2	-5
0.0	28	22	2013	2015	2	-6
0.0	29	22	2013	2015	2	-7
0.004801920768307323	0	22	2014	2015	1	22
0.0	1	22	2014	2015	1	21
0.0	2	22	2014	2015	1	20
0.007202881152460984	3	22	2014	2015	1	19
0.022809123649459785	4	22	2014	2015	1	18
0.01800720288115246	5	22	2014	2015	1	17
0.007202881152460984	6	22	2014	2015	1	16
0.06962785114045618	7	22	2014	2015	1	15
0.46218487394957986	8	22	2014	2015	1	14
0.17286914765906364	9	22	2014	2015	1	13
0.11284513805522209	10	22	2014	2015	1	12
0.01680672268907563	11	22	2014	2015	1	11
0.006002400960384154	12	22	2014	2015	1	10
0.010804321728691477	13	22	2014	2015	1	9
0.07202881152460984	14	22	2014	2015	1	8
0.014405762304921969	15	22	2014	2015	1	7
0.0024009603841536613	16	22	2014	2015	1	6
0.0	17	22	2014	2015	1	5
0.0	18	22	2014	2015	1	4
0.0	19	22	2014	2015	1	3
0.0	20	22	2014	2015	1	2
0.0	21	22	2014	2015	1	1
0.0	22	22	2014	2015	1	0
0.0	23	22	2014	2015	1	-1
0.0	24	22	2014	2015	1	-2
0.0	25	22	2014	2015	1	-3
0.0	26	22	2014	2015	1	-4
0.0	27	22	2014	2015	1	-5
0.0	28	22	2014	2015	1	-6
0.0	29	22	2014	2015	1	-7
0.0025	0	22	2015	2015	0	22
0.00125	1	22	2015	2015	0	21
0.0	2	22	2015	2015	0	20
0.00125	3	22	2015	2015	0	19
0.01375	4	22	2015	2015	0	18
0.015	5	22	2015	2015	0	17
0.00125	6	22	2015	2015	0	16
0.02875	7	22	2015	2015	0	15
0.2275	8	22	2015	2015	0	14
0.27875	9	22	2015	2015	0	13
0.13125	10	22	2015	2015	0	12
0.075	11	22	2015	2015	0	11
0.00375	12	22	2015	2015	0	10
0.00625	13	22	2015	2015	0	9
0.1275	14	22	2015	2015	0	8
0.055	15	22	2015	2015	0	7
0.0275	16	22	2015	2015	0	6
0.0025	17	22	2015	2015	0	5
0.0	18	22	2015	2015	0	4
0.00125	19	22	2015	2015	0	3
0.0	20	22	2015	2015	0	2
0.0	21	22	2015	2015	0	1
0.0	22	22	2015	2015	0	0
0.0	23	22	2015	2015	0	-1
0.0	24	22	2015	2015	0	-2
0.0	25	22	2015	2015	0	-3
0.0	26	22	2015	2015	0	-4
0.0	27	22	2015	2015	0	-5
0.0	28	22	2015	2015	0	-6
0.0	29	22	2015	2015	0	-7
0.007168458781362007	0	22	2016	2015	-1	22
0.0	1	22	2016	2015	-1	21
0.0	2	22	2016	2015	-1	20
0.0035842293906810036	3	22	2016	2015	-1	19
0.010752688172043012	4	22	2016	2015	-1	18
0.007168458781362007	5	22	2016	2015	-1	17
0.0	6	22	2016	2015	-1	16
0.025089605734767026	7	22	2016	2015	-1	15
0.08960573476702509	8	22	2016	2015	-1	14
0.22580645161290322	9	22	2016	2015	-1	13
0.07526881720430108	10	22	2016	2015	-1	12
0.06093189964157706	11	22	2016	2015	-1	11
0.0035842293906810036	12	22	2016	2015	-1	10
0.010752688172043012	13	22	2016	2015	-1	9
0.27956989247311825	14	22	2016	2015	-1	8
0.11827956989247312	15	22	2016	2015	-1	7
0.07168458781362007	16	22	2016	2015	-1	6
0.0	17	22	2016	2015	-1	5
0.0	18	22	2016	2015	-1	4
0.007168458781362007	19	22	2016	2015	-1	3
0.0	20	22	2016	2015	-1	2
0.0	21	22	2016	2015	-1	1
0.0	22	22	2016	2015	-1	0
0.0035842293906810036	23	22	2016	2015	-1	-1
0.0	24	22	2016	2015	-1	-2
0.0	25	22	2016	2015	-1	-3
0.0	26	22	2016	2015	-1	-4
0.0	27	22	2016	2015	-1	-5
0.0	28	22	2016	2015	-1	-6
0.0	29	22	2016	2015	-1	-7
0.016891891891891893	0	22	2017	2015	-2	22
0.0	1	22	2017	2015	-2	21
0.0	2	22	2017	2015	-2	20
0.0	3	22	2017	2015	-2	19
0.0	4	22	2017	2015	-2	18
0.0	5	22	2017	2015	-2	17
0.0	6	22	2017	2015	-2	16
0.013513513513513514	7	22	2017	2015	-2	15
0.04391891891891892	8	22	2017	2015	-2	14
0.11486486486486487	9	22	2017	2015	-2	13
0.0777027027027027	10	22	2017	2015	-2	12
0.05405405405405406	11	22	2017	2015	-2	11
0.0	12	22	2017	2015	-2	10
0.0033783783783783786	13	22	2017	2015	-2	9
0.28040540540540543	14	22	2017	2015	-2	8
0.16554054054054054	15	22	2017	2015	-2	7
0.22972972972972974	16	22	2017	2015	-2	6
0.0	17	22	2017	2015	-2	5
0.0	18	22	2017	2015	-2	4
0.0	19	22	2017	2015	-2	3
0.0	20	22	2017	2015	-2	2
0.0	21	22	2017	2015	-2	1
0.0	22	22	2017	2015	-2	0
0.0	23	22	2017	2015	-2	-1
0.0	24	22	2017	2015	-2	-2
0.0	25	22	2017	2015	-2	-3
0.0	26	22	2017	2015	-2	-4
0.0	27	22	2017	2015	-2	-5
0.0	28	22	2017	2015	-2	-6
0.0	29	22	2017	2015	-2	-7
0.0	0	22	2018	2015	-3	22
0.0	1	22	2018	2015	-3	21
0.0	2	22	2018	2015	-3	20
0.0	3	22	2018	2015	-3	19
0.001375515818431912	4	22	2018	2015	-3	18
0.0	5	22	2018	2015	-3	17
0.0	6	22	2018	2015	-3	16
0.0068775790921595595	7	22	2018	2015	-3	15
0.015130674002751032	8	22	2018	2015	-3	14
0.12929848693259974	9	22	2018	2015	-3	13
0.0577716643741403	10	22	2018	2015	-3	12
0.009628610729023384	11	22	2018	2015	-3	11
0.002751031636863824	12	22	2018	2015	-3	10
0.001375515818431912	13	22	2018	2015	-3	9
0.2200825309491059	14	22	2018	2015	-3	8
0.28198074277854196	15	22	2018	2015	-3	7
0.1375515818431912	16	22	2018	2015	-3	6
0.02063273727647868	17	22	2018	2015	-3	5
0.009628610729023384	18	22	2018	2015	-3	4
0.0577716643741403	19	22	2018	2015	-3	3
0.0	20	22	2018	2015	-3	2
0.030261348005502064	21	22	2018	2015	-3	1
0.002751031636863824	22	22	2018	2015	-3	0
0.009628610729023384	23	22	2018	2015	-3	-1
0.001375515818431912	24	22	2018	2015	-3	-2
0.0	25	22	2018	2015	-3	-3
0.0041265474552957355	26	22	2018	2015	-3	-4
0.0	27	22	2018	2015	-3	-5
0.0	28	22	2018	2015	-3	-6
0.0	29	22	2018	2015	-3	-7
0.003937007874015748	0	22	2019	2015	-4	22
0.0	1	22	2019	2015	-4	21
0.0	2	22	2019	2015	-4	20
0.0	3	22	2019	2015	-4	19
0.0	4	22	2019	2015	-4	18
0.0	5	22	2019	2015	-4	17
0.0	6	22	2019	2015	-4	16
0.0013123359580052493	7	22	2019	2015	-4	15
0.009186351706036745	8	22	2019	2015	-4	14
0.08923884514435695	9	22	2019	2015	-4	13
0.03543307086614173	10	22	2019	2015	-4	12
0.003937007874015748	11	22	2019	2015	-4	11
0.007874015748031496	12	22	2019	2015	-4	10
0.003937007874015748	13	22	2019	2015	-4	9
0.13385826771653545	14	22	2019	2015	-4	8
0.17585301837270342	15	22	2019	2015	-4	7
0.22178477690288714	16	22	2019	2015	-4	6
0.03674540682414698	17	22	2019	2015	-4	5
0.01837270341207349	18	22	2019	2015	-4	4
0.12992125984251968	19	22	2019	2015	-4	3
0.003937007874015748	20	22	2019	2015	-4	2
0.08398950131233596	21	22	2019	2015	-4	1
0.010498687664041995	22	22	2019	2015	-4	0
0.023622047244094488	23	22	2019	2015	-4	-1
0.0013123359580052493	24	22	2019	2015	-4	-2
0.0	25	22	2019	2015	-4	-3
0.003937007874015748	26	22	2019	2015	-4	-4
0.0013123359580052493	27	22	2019	2015	-4	-5
0.0	28	22	2019	2015	-4	-6
0.0	29	22	2019	2015	-4	-7
0.005405405405405406	0	22	2020	2015	-5	22
0.0	1	22	2020	2015	-5	21
0.0	2	22	2020	2015	-5	20
0.0	3	22	2020	2015	-5	19
0.0	4	22	2020	2015	-5	18
0.0	5	22	2020	2015	-5	17
0.0	6	22	2020	2015	-5	16
0.0	7	22	2020	2015	-5	15
0.016216216216216217	8	22	2020	2015	-5	14
0.043243243243243246	9	22	2020	2015	-5	13
0.0	10	22	2020	2015	-5	12
0.0	11	22	2020	2015	-5	11
0.0	12	22	2020	2015	-5	10
0.0	13	22	2020	2015	-5	9
0.03783783783783784	14	22	2020	2015	-5	8
0.2810810810810811	15	22	2020	2015	-5	7
0.15675675675675677	16	22	2020	2015	-5	6
0.032432432432432434	17	22	2020	2015	-5	5
0.02702702702702703	18	22	2020	2015	-5	4
0.1891891891891892	19	22	2020	2015	-5	3
0.0	20	22	2020	2015	-5	2
0.17297297297297298	21	22	2020	2015	-5	1
0.005405405405405406	22	22	2020	2015	-5	0
0.021621621621621623	23	22	2020	2015	-5	-1
0.0	24	22	2020	2015	-5	-2
0.0	25	22	2020	2015	-5	-3
0.0	26	22	2020	2015	-5	-4
0.005405405405405406	27	22	2020	2015	-5	-5
0.005405405405405406	28	22	2020	2015	-5	-6
0.0	29	22	2020	2015	-5	-7
0.0	0	22	2021	2015	-6	22
0.0	1	22	2021	2015	-6	21
0.0	2	22	2021	2015	-6	20
0.0	3	22	2021	2015	-6	19
0.0	4	22	2021	2015	-6	18
0.0	5	22	2021	2015	-6	17
0.0	6	22	2021	2015	-6	16
0.0	7	22	2021	2015	-6	15
0.010101010101010102	8	22	2021	2015	-6	14
0.010101010101010102	9	22	2021	2015	-6	13
0.005050505050505051	10	22	2021	2015	-6	12
0.010101010101010102	11	22	2021	2015	-6	11
0.0	12	22	2021	2015	-6	10
0.0	13	22	2021	2015	-6	9
0.050505050505050504	14	22	2021	2015	-6	8
0.020202020202020204	15	22	2021	2015	-6	7
0.08585858585858586	16	22	2021	2015	-6	6
0.010101010101010102	17	22	2021	2015	-6	5
0.030303030303030304	18	22	2021	2015	-6	4
0.24242424242424243	19	22	2021	2015	-6	3
0.005050505050505051	20	22	2021	2015	-6	2
0.37373737373737376	21	22	2021	2015	-6	1
0.025252525252525252	22	22	2021	2015	-6	0
0.015151515151515152	23	22	2021	2015	-6	-1
0.030303030303030304	24	22	2021	2015	-6	-2
0.0	25	22	2021	2015	-6	-3
0.07575757575757576	26	22	2021	2015	-6	-4
0.0	27	22	2021	2015	-6	-5
0.0	28	22	2021	2015	-6	-6
0.0	29	22	2021	2015	-6	-7
0.0064754856614246065	0	23	2010	2015	5	23
0.020351526364477335	1	23	2010	2015	5	22
0.0018501387604070306	2	23	2010	2015	5	21
0.425531914893617	3	23	2010	2015	5	20
0.19611470860314523	4	23	2010	2015	5	19
0.03885291396854764	5	23	2010	2015	5	18
0.014801110083256245	6	23	2010	2015	5	17
0.07585568917668825	7	23	2010	2015	5	16
0.19796484736355227	8	23	2010	2015	5	15
0.005550416281221091	9	23	2010	2015	5	14
0.0037002775208140612	10	23	2010	2015	5	13
0.0009250693802035153	11	23	2010	2015	5	12
0.0	12	23	2010	2015	5	11
0.0	13	23	2010	2015	5	10
0.008325624421831638	14	23	2010	2015	5	9
0.0009250693802035153	15	23	2010	2015	5	8
0.0	16	23	2010	2015	5	7
0.0	17	23	2010	2015	5	6
0.0	18	23	2010	2015	5	5
0.0018501387604070306	19	23	2010	2015	5	4
0.0	20	23	2010	2015	5	3
0.0	21	23	2010	2015	5	2
0.0	22	23	2010	2015	5	1
0.0	23	23	2010	2015	5	0
0.0	24	23	2010	2015	5	-1
0.0	25	23	2010	2015	5	-2
0.0	26	23	2010	2015	5	-3
0.0	27	23	2010	2015	5	-4
0.0009250693802035153	28	23	2010	2015	5	-5
0.0	29	23	2010	2015	5	-6
0.006012024048096192	0	23	2011	2015	4	23
0.001002004008016032	1	23	2011	2015	4	22
0.002004008016032064	2	23	2011	2015	4	21
0.11022044088176353	3	23	2011	2015	4	20
0.21442885771543085	4	23	2011	2015	4	19
0.06513026052104208	5	23	2011	2015	4	18
0.027054108216432865	6	23	2011	2015	4	17
0.23446893787575152	7	23	2011	2015	4	16
0.31162324649298595	8	23	2011	2015	4	15
0.011022044088176353	9	23	2011	2015	4	14
0.004008016032064128	10	23	2011	2015	4	13
0.001002004008016032	11	23	2011	2015	4	12
0.0	12	23	2011	2015	4	11
0.0	13	23	2011	2015	4	10
0.001002004008016032	14	23	2011	2015	4	9
0.001002004008016032	15	23	2011	2015	4	8
0.006012024048096192	16	23	2011	2015	4	7
0.0	17	23	2011	2015	4	6
0.0	18	23	2011	2015	4	5
0.002004008016032064	19	23	2011	2015	4	4
0.0	20	23	2011	2015	4	3
0.0	21	23	2011	2015	4	2
0.0	22	23	2011	2015	4	1
0.001002004008016032	23	23	2011	2015	4	0
0.0	24	23	2011	2015	4	-1
0.0	25	23	2011	2015	4	-2
0.0	26	23	2011	2015	4	-3
0.001002004008016032	27	23	2011	2015	4	-4
0.0	28	23	2011	2015	4	-5
0.0	29	23	2011	2015	4	-6
0.0018450184501845018	0	23	2012	2015	3	23
0.0018450184501845018	1	23	2012	2015	3	22
0.0012300123001230013	2	23	2012	2015	3	21
0.04797047970479705	3	23	2012	2015	3	20
0.17158671586715868	4	23	2012	2015	3	19
0.037515375153751536	5	23	2012	2015	3	18
0.014145141451414513	6	23	2012	2015	3	17
0.26691266912669126	7	23	2012	2015	3	16
0.42066420664206644	8	23	2012	2015	3	15
0.014760147601476014	9	23	2012	2015	3	14
0.01783517835178352	10	23	2012	2015	3	13
0.0012300123001230013	11	23	2012	2015	3	12
0.0006150061500615006	12	23	2012	2015	3	11
0.0	13	23	2012	2015	3	10
0.0012300123001230013	14	23	2012	2015	3	9
0.0006150061500615006	15	23	2012	2015	3	8
0.0	16	23	2012	2015	3	7
0.0	17	23	2012	2015	3	6
0.0	18	23	2012	2015	3	5
0.0	19	23	2012	2015	3	4
0.0	20	23	2012	2015	3	3
0.0	21	23	2012	2015	3	2
0.0	22	23	2012	2015	3	1
0.0	23	23	2012	2015	3	0
0.0	24	23	2012	2015	3	-1
0.0	25	23	2012	2015	3	-2
0.0	26	23	2012	2015	3	-3
0.0	27	23	2012	2015	3	-4
0.0	28	23	2012	2015	3	-5
0.0	29	23	2012	2015	3	-6
0.001516300227445034	0	23	2013	2015	2	23
0.001516300227445034	1	23	2013	2015	2	22
0.000758150113722517	2	23	2013	2015	2	21
0.017437452615617893	3	23	2013	2015	2	20
0.07202426080363912	4	23	2013	2015	2	19
0.03790750568612585	5	23	2013	2015	2	18
0.01819560272934041	6	23	2013	2015	2	17
0.21910538286580744	7	23	2013	2015	2	16
0.4761182714177407	8	23	2013	2015	2	15
0.06292645943896892	9	23	2013	2015	2	14
0.058377558756633814	10	23	2013	2015	2	13
0.009855951478392721	11	23	2013	2015	2	12
0.000758150113722517	12	23	2013	2015	2	11
0.00530705079605762	13	23	2013	2015	2	10
0.009855951478392721	14	23	2013	2015	2	9
0.006823351023502654	15	23	2013	2015	2	8
0.000758150113722517	16	23	2013	2015	2	7
0.0	17	23	2013	2015	2	6
0.0	18	23	2013	2015	2	5
0.0	19	23	2013	2015	2	4
0.0	20	23	2013	2015	2	3
0.000758150113722517	21	23	2013	2015	2	2
0.0	22	23	2013	2015	2	1
0.0	23	23	2013	2015	2	0
0.0	24	23	2013	2015	2	-1
0.0	25	23	2013	2015	2	-2
0.0	26	23	2013	2015	2	-3
0.0	27	23	2013	2015	2	-4
0.0	28	23	2013	2015	2	-5
0.0	29	23	2013	2015	2	-6
0.004780114722753346	0	23	2014	2015	1	23
0.0	1	23	2014	2015	1	22
0.0	2	23	2014	2015	1	21
0.0076481835564053535	3	23	2014	2015	1	20
0.019120458891013385	4	23	2014	2015	1	19
0.016252390057361378	5	23	2014	2015	1	18
0.009560229445506692	6	23	2014	2015	1	17
0.05927342256214149	7	23	2014	2015	1	16
0.3967495219885277	8	23	2014	2015	1	15
0.26003824091778205	9	23	2014	2015	1	14
0.10994263862332695	10	23	2014	2015	1	13
0.017208413001912046	11	23	2014	2015	1	12
0.004780114722753346	12	23	2014	2015	1	11
0.008604206500956023	13	23	2014	2015	1	10
0.06883365200764818	14	23	2014	2015	1	9
0.015296367112810707	15	23	2014	2015	1	8
0.0019120458891013384	16	23	2014	2015	1	7
0.0	17	23	2014	2015	1	6
0.0	18	23	2014	2015	1	5
0.0	19	23	2014	2015	1	4
0.0	20	23	2014	2015	1	3
0.0	21	23	2014	2015	1	2
0.0	22	23	2014	2015	1	1
0.0	23	23	2014	2015	1	0
0.0	24	23	2014	2015	1	-1
0.0	25	23	2014	2015	1	-2
0.0	26	23	2014	2015	1	-3
0.0	27	23	2014	2015	1	-4
0.0	28	23	2014	2015	1	-5
0.0	29	23	2014	2015	1	-6
0.0021668472372697724	0	23	2015	2015	0	23
0.0010834236186348862	1	23	2015	2015	0	22
0.0	2	23	2015	2015	0	21
0.0021668472372697724	3	23	2015	2015	0	20
0.014084507042253521	4	23	2015	2015	0	19
0.013001083423618635	5	23	2015	2015	0	18
0.0032502708559046588	6	23	2015	2015	0	17
0.030335861321776816	7	23	2015	2015	0	16
0.21451787648970747	8	23	2015	2015	0	15
0.3174431202600217	9	23	2015	2015	0	14
0.13001083423618634	10	23	2015	2015	0	13
0.06717226435536294	11	23	2015	2015	0	12
0.0032502708559046588	12	23	2015	2015	0	11
0.005417118093174431	13	23	2015	2015	0	10
0.1180931744312026	14	23	2015	2015	0	9
0.04983748645720477	15	23	2015	2015	0	8
0.024918743228602384	16	23	2015	2015	0	7
0.0021668472372697724	17	23	2015	2015	0	6
0.0	18	23	2015	2015	0	5
0.0010834236186348862	19	23	2015	2015	0	4
0.0	20	23	2015	2015	0	3
0.0	21	23	2015	2015	0	2
0.0	22	23	2015	2015	0	1
0.0	23	23	2015	2015	0	0
0.0	24	23	2015	2015	0	-1
0.0	25	23	2015	2015	0	-2
0.0	26	23	2015	2015	0	-3
0.0	27	23	2015	2015	0	-4
0.0	28	23	2015	2015	0	-5
0.0	29	23	2015	2015	0	-6
0.037037037037037035	0	23	2016	2015	-1	23
0.0	1	23	2016	2015	-1	22
0.0	2	23	2016	2015	-1	21
0.037037037037037035	3	23	2016	2015	-1	20
0.0	4	23	2016	2015	-1	19
0.0	5	23	2016	2015	-1	18
0.0	6	23	2016	2015	-1	17
0.0	7	23	2016	2015	-1	16
0.07407407407407407	8	23	2016	2015	-1	15
0.3333333333333333	9	23	2016	2015	-1	14
0.0	10	23	2016	2015	-1	13
0.0	11	23	2016	2015	-1	12
0.0	12	23	2016	2015	-1	11
0.0	13	23	2016	2015	-1	10
0.18518518518518517	14	23	2016	2015	-1	9
0.2962962962962963	15	23	2016	2015	-1	8
0.037037037037037035	16	23	2016	2015	-1	7
0.0	17	23	2016	2015	-1	6
0.0	18	23	2016	2015	-1	5
0.0	19	23	2016	2015	-1	4
0.0	20	23	2016	2015	-1	3
0.0	21	23	2016	2015	-1	2
0.0	22	23	2016	2015	-1	1
0.0	23	23	2016	2015	-1	0
0.0	24	23	2016	2015	-1	-1
0.0	25	23	2016	2015	-1	-2
0.0	26	23	2016	2015	-1	-3
0.0	27	23	2016	2015	-1	-4
0.0	28	23	2016	2015	-1	-5
0.0	29	23	2016	2015	-1	-6
0.018867924528301886	0	23	2017	2015	-2	23
0.0	1	23	2017	2015	-2	22
0.0	2	23	2017	2015	-2	21
0.009433962264150943	3	23	2017	2015	-2	20
0.0	4	23	2017	2015	-2	19
0.0	5	23	2017	2015	-2	18
0.0	6	23	2017	2015	-2	17
0.0	7	23	2017	2015	-2	16
0.0660377358490566	8	23	2017	2015	-2	15
0.3113207547169811	9	23	2017	2015	-2	14
0.04716981132075472	10	23	2017	2015	-2	13
0.04716981132075472	11	23	2017	2015	-2	12
0.0	12	23	2017	2015	-2	11
0.009433962264150943	13	23	2017	2015	-2	10
0.24528301886792453	14	23	2017	2015	-2	9
0.11320754716981132	15	23	2017	2015	-2	8
0.1320754716981132	16	23	2017	2015	-2	7
0.0	17	23	2017	2015	-2	6
0.0	18	23	2017	2015	-2	5
0.0	19	23	2017	2015	-2	4
0.0	20	23	2017	2015	-2	3
0.0	21	23	2017	2015	-2	2
0.0	22	23	2017	2015	-2	1
0.0	23	23	2017	2015	-2	0
0.0	24	23	2017	2015	-2	-1
0.0	25	23	2017	2015	-2	-2
0.0	26	23	2017	2015	-2	-3
0.0	27	23	2017	2015	-2	-4
0.0	28	23	2017	2015	-2	-5
0.0	29	23	2017	2015	-2	-6
0.0	0	23	2018	2015	-3	23
0.0	1	23	2018	2015	-3	22
0.0	2	23	2018	2015	-3	21
0.0	3	23	2018	2015	-3	20
0.0010559662090813093	4	23	2018	2015	-3	19
0.0	5	23	2018	2015	-3	18
0.0	6	23	2018	2015	-3	17
0.006335797254487857	7	23	2018	2015	-3	16
0.011615628299894404	8	23	2018	2015	-3	15
0.12249208025343189	9	23	2018	2015	-3	14
0.0454065469904963	10	23	2018	2015	-3	13
0.008447729672650475	11	23	2018	2015	-3	12
0.0021119324181626186	12	23	2018	2015	-3	11
0.0010559662090813093	13	23	2018	2015	-3	10
0.1890179514255544	14	23	2018	2015	-3	9
0.235480464625132	15	23	2018	2015	-3	8
0.24392819429778248	16	23	2018	2015	-3	7
0.01795142555438226	17	23	2018	2015	-3	6
0.010559662090813094	18	23	2018	2015	-3	5
0.061246040126715945	19	23	2018	2015	-3	4
0.0	20	23	2018	2015	-3	3
0.026399155227032733	21	23	2018	2015	-3	2
0.0031678986272439284	22	23	2018	2015	-3	1
0.009503695881731784	23	23	2018	2015	-3	0
0.0010559662090813093	24	23	2018	2015	-3	-1
0.0	25	23	2018	2015	-3	-2
0.0031678986272439284	26	23	2018	2015	-3	-3
0.0	27	23	2018	2015	-3	-4
0.0	28	23	2018	2015	-3	-5
0.0	29	23	2018	2015	-3	-6
0.0	0	23	2019	2015	-4	23
0.0	1	23	2019	2015	-4	22
0.0	2	23	2019	2015	-4	21
0.0	3	23	2019	2015	-4	20
0.0	4	23	2019	2015	-4	19
0.0	5	23	2019	2015	-4	18
0.0	6	23	2019	2015	-4	17
0.008928571428571428	7	23	2019	2015	-4	16
0.0	8	23	2019	2015	-4	15
0.05357142857142857	9	23	2019	2015	-4	14
0.044642857142857144	10	23	2019	2015	-4	13
0.0	11	23	2019	2015	-4	12
0.0	12	23	2019	2015	-4	11
0.017857142857142856	13	23	2019	2015	-4	10
0.16071428571428573	14	23	2019	2015	-4	9
0.125	15	23	2019	2015	-4	8
0.3125	16	23	2019	2015	-4	7
0.026785714285714284	17	23	2019	2015	-4	6
0.008928571428571428	18	23	2019	2015	-4	5
0.16071428571428573	19	23	2019	2015	-4	4
0.0	20	23	2019	2015	-4	3
0.05357142857142857	21	23	2019	2015	-4	2
0.008928571428571428	22	23	2019	2015	-4	1
0.017857142857142856	23	23	2019	2015	-4	0
0.0	24	23	2019	2015	-4	-1
0.0	25	23	2019	2015	-4	-2
0.0	26	23	2019	2015	-4	-3
0.0	27	23	2019	2015	-4	-4
0.0	28	23	2019	2015	-4	-5
0.0	29	23	2019	2015	-4	-6
0.005405405405405406	0	23	2020	2015	-5	23
0.0	1	23	2020	2015	-5	22
0.0	2	23	2020	2015	-5	21
0.0	3	23	2020	2015	-5	20
0.0	4	23	2020	2015	-5	19
0.0	5	23	2020	2015	-5	18
0.0	6	23	2020	2015	-5	17
0.0	7	23	2020	2015	-5	16
0.016216216216216217	8	23	2020	2015	-5	15
0.043243243243243246	9	23	2020	2015	-5	14
0.0	10	23	2020	2015	-5	13
0.0	11	23	2020	2015	-5	12
0.0	12	23	2020	2015	-5	11
0.0	13	23	2020	2015	-5	10
0.03783783783783784	14	23	2020	2015	-5	9
0.2810810810810811	15	23	2020	2015	-5	8
0.15675675675675677	16	23	2020	2015	-5	7
0.032432432432432434	17	23	2020	2015	-5	6
0.02702702702702703	18	23	2020	2015	-5	5
0.1891891891891892	19	23	2020	2015	-5	4
0.0	20	23	2020	2015	-5	3
0.17297297297297298	21	23	2020	2015	-5	2
0.005405405405405406	22	23	2020	2015	-5	1
0.021621621621621623	23	23	2020	2015	-5	0
0.0	24	23	2020	2015	-5	-1
0.0	25	23	2020	2015	-5	-2
0.0	26	23	2020	2015	-5	-3
0.005405405405405406	27	23	2020	2015	-5	-4
0.005405405405405406	28	23	2020	2015	-5	-5
0.0	29	23	2020	2015	-5	-6
0.0	0	23	2021	2015	-6	23
0.0	1	23	2021	2015	-6	22
0.0	2	23	2021	2015	-6	21
0.0	3	23	2021	2015	-6	20
0.0	4	23	2021	2015	-6	19
0.0	5	23	2021	2015	-6	18
0.0	6	23	2021	2015	-6	17
0.0	7	23	2021	2015	-6	16
0.010050251256281407	8	23	2021	2015	-6	15
0.010050251256281407	9	23	2021	2015	-6	14
0.005025125628140704	10	23	2021	2015	-6	13
0.010050251256281407	11	23	2021	2015	-6	12
0.0	12	23	2021	2015	-6	11
0.0	13	23	2021	2015	-6	10
0.05025125628140704	14	23	2021	2015	-6	9
0.020100502512562814	15	23	2021	2015	-6	8
0.08542713567839195	16	23	2021	2015	-6	7
0.010050251256281407	17	23	2021	2015	-6	6
0.03015075376884422	18	23	2021	2015	-6	5
0.24623115577889448	19	23	2021	2015	-6	4
0.005025125628140704	20	23	2021	2015	-6	3
0.37185929648241206	21	23	2021	2015	-6	2
0.02512562814070352	22	23	2021	2015	-6	1
0.01507537688442211	23	23	2021	2015	-6	0
0.03015075376884422	24	23	2021	2015	-6	-1
0.0	25	23	2021	2015	-6	-2
0.07537688442211055	26	23	2021	2015	-6	-3
0.0	27	23	2021	2015	-6	-4
0.0	28	23	2021	2015	-6	-5
0.0	29	23	2021	2015	-6	-6
0.006469500924214418	0	24	2010	2016	6	24
0.021256931608133085	1	24	2010	2016	6	23
0.0018484288354898336	2	24	2010	2016	6	22
0.42513863216266173	3	24	2010	2016	6	21
0.19593345656192238	4	24	2010	2016	6	20
0.038817005545286505	5	24	2010	2016	6	19
0.014787430683918669	6	24	2010	2016	6	18
0.07578558225508318	7	24	2010	2016	6	17
0.1977818853974122	8	24	2010	2016	6	16
0.005545286506469501	9	24	2010	2016	6	15
0.0036968576709796672	10	24	2010	2016	6	14
0.0009242144177449168	11	24	2010	2016	6	13
0.0	12	24	2010	2016	6	12
0.0	13	24	2010	2016	6	11
0.00831792975970425	14	24	2010	2016	6	10
0.0009242144177449168	15	24	2010	2016	6	9
0.0	16	24	2010	2016	6	8
0.0	17	24	2010	2016	6	7
0.0	18	24	2010	2016	6	6
0.0018484288354898336	19	24	2010	2016	6	5
0.0	20	24	2010	2016	6	4
0.0	21	24	2010	2016	6	3
0.0	22	24	2010	2016	6	2
0.0	23	24	2010	2016	6	1
0.0	24	24	2010	2016	6	0
0.0	25	24	2010	2016	6	-1
0.0	26	24	2010	2016	6	-2
0.0	27	24	2010	2016	6	-3
0.0009242144177449168	28	24	2010	2016	6	-4
0.0	29	24	2010	2016	6	-5
0.006091370558375634	0	24	2011	2016	5	24
0.0010152284263959391	1	24	2011	2016	5	23
0.0020304568527918783	2	24	2011	2016	5	22
0.1116751269035533	3	24	2011	2016	5	21
0.21421319796954313	4	24	2011	2016	5	20
0.06598984771573604	5	24	2011	2016	5	19
0.027411167512690356	6	24	2011	2016	5	18
0.233502538071066	7	24	2011	2016	5	17
0.31269035532994927	8	24	2011	2016	5	16
0.01015228426395939	9	24	2011	2016	5	15
0.003045685279187817	10	24	2011	2016	5	14
0.0010152284263959391	11	24	2011	2016	5	13
0.0	12	24	2011	2016	5	12
0.0	13	24	2011	2016	5	11
0.0010152284263959391	14	24	2011	2016	5	10
0.0010152284263959391	15	24	2011	2016	5	9
0.005076142131979695	16	24	2011	2016	5	8
0.0	17	24	2011	2016	5	7
0.0	18	24	2011	2016	5	6
0.0020304568527918783	19	24	2011	2016	5	5
0.0	20	24	2011	2016	5	4
0.0	21	24	2011	2016	5	3
0.0	22	24	2011	2016	5	2
0.0010152284263959391	23	24	2011	2016	5	1
0.0	24	24	2011	2016	5	0
0.0	25	24	2011	2016	5	-1
0.0	26	24	2011	2016	5	-2
0.0010152284263959391	27	24	2011	2016	5	-3
0.0	28	24	2011	2016	5	-4
0.0	29	24	2011	2016	5	-5
0.0018529956763434219	0	24	2012	2016	4	24
0.0018529956763434219	1	24	2012	2016	4	23
0.0012353304508956147	2	24	2012	2016	4	22
0.04756022235948116	3	24	2012	2016	4	21
0.17109326744904263	4	24	2012	2016	4	20
0.03767757875231625	5	24	2012	2016	4	19
0.014206300185299567	6	24	2012	2016	4	18
0.26683137739345275	7	24	2012	2016	4	17
0.42124768375540456	8	24	2012	2016	4	16
0.014823965410747375	9	24	2012	2016	4	15
0.017912291537986413	10	24	2012	2016	4	14
0.0012353304508956147	11	24	2012	2016	4	13
0.0006176652254478073	12	24	2012	2016	4	12
0.0	13	24	2012	2016	4	11
0.0012353304508956147	14	24	2012	2016	4	10
0.0006176652254478073	15	24	2012	2016	4	9
0.0	16	24	2012	2016	4	8
0.0	17	24	2012	2016	4	7
0.0	18	24	2012	2016	4	6
0.0	19	24	2012	2016	4	5
0.0	20	24	2012	2016	4	4
0.0	21	24	2012	2016	4	3
0.0	22	24	2012	2016	4	2
0.0	23	24	2012	2016	4	1
0.0	24	24	2012	2016	4	0
0.0	25	24	2012	2016	4	-1
0.0	26	24	2012	2016	4	-2
0.0	27	24	2012	2016	4	-3
0.0	28	24	2012	2016	4	-4
0.0	29	24	2012	2016	4	-5
0.001524390243902439	0	24	2013	2016	3	24
0.001524390243902439	1	24	2013	2016	3	23
0.0007621951219512195	2	24	2013	2016	3	22
0.01753048780487805	3	24	2013	2016	3	21
0.07164634146341463	4	24	2013	2016	3	20
0.038109756097560975	5	24	2013	2016	3	19
0.018292682926829267	6	24	2013	2016	3	18
0.22027439024390244	7	24	2013	2016	3	17
0.47484756097560976	8	24	2013	2016	3	16
0.0625	9	24	2013	2016	3	15
0.0586890243902439	10	24	2013	2016	3	14
0.009908536585365854	11	24	2013	2016	3	13
0.0007621951219512195	12	24	2013	2016	3	12
0.005335365853658537	13	24	2013	2016	3	11
0.009908536585365854	14	24	2013	2016	3	10
0.006859756097560976	15	24	2013	2016	3	9
0.0007621951219512195	16	24	2013	2016	3	8
0.0	17	24	2013	2016	3	7
0.0	18	24	2013	2016	3	6
0.0	19	24	2013	2016	3	5
0.0	20	24	2013	2016	3	4
0.0007621951219512195	21	24	2013	2016	3	3
0.0	22	24	2013	2016	3	2
0.0	23	24	2013	2016	3	1
0.0	24	24	2013	2016	3	0
0.0	25	24	2013	2016	3	-1
0.0	26	24	2013	2016	3	-2
0.0	27	24	2013	2016	3	-3
0.0	28	24	2013	2016	3	-4
0.0	29	24	2013	2016	3	-5
0.004873294346978557	0	24	2014	2016	2	24
0.0	1	24	2014	2016	2	23
0.0	2	24	2014	2016	2	22
0.007797270955165692	3	24	2014	2016	2	21
0.01949317738791423	4	24	2014	2016	2	20
0.016569200779727095	5	24	2014	2016	2	19
0.009746588693957114	6	24	2014	2016	2	18
0.057504873294346975	7	24	2014	2016	2	17
0.3966861598440546	8	24	2014	2016	2	16
0.25925925925925924	9	24	2014	2016	2	15
0.1101364522417154	10	24	2014	2016	2	14
0.016569200779727095	11	24	2014	2016	2	13
0.004873294346978557	12	24	2014	2016	2	12
0.008771929824561403	13	24	2014	2016	2	11
0.07017543859649122	14	24	2014	2016	2	10
0.015594541910331383	15	24	2014	2016	2	9
0.001949317738791423	16	24	2014	2016	2	8
0.0	17	24	2014	2016	2	7
0.0	18	24	2014	2016	2	6
0.0	19	24	2014	2016	2	5
0.0	20	24	2014	2016	2	4
0.0	21	24	2014	2016	2	3
0.0	22	24	2014	2016	2	2
0.0	23	24	2014	2016	2	1
0.0	24	24	2014	2016	2	0
0.0	25	24	2014	2016	2	-1
0.0	26	24	2014	2016	2	-2
0.0	27	24	2014	2016	2	-3
0.0	28	24	2014	2016	2	-4
0.0	29	24	2014	2016	2	-5
0.002190580503833516	0	24	2015	2016	1	24
0.001095290251916758	1	24	2015	2016	1	23
0.0	2	24	2015	2016	1	22
0.002190580503833516	3	24	2015	2016	1	21
0.014238773274917854	4	24	2015	2016	1	20
0.013143483023001095	5	24	2015	2016	1	19
0.0032858707557502738	6	24	2015	2016	1	18
0.03066812705366922	7	24	2015	2016	1	17
0.21358159912376778	8	24	2015	2016	1	16
0.3187294633077766	9	24	2015	2016	1	15
0.12705366922234393	10	24	2015	2016	1	14
0.06790799561883899	11	24	2015	2016	1	13
0.0032858707557502738	12	24	2015	2016	1	12
0.00547645125958379	13	24	2015	2016	1	11
0.11938663745892661	14	24	2015	2016	1	10
0.050383351588170866	15	24	2015	2016	1	9
0.024096385542168676	16	24	2015	2016	1	8
0.002190580503833516	17	24	2015	2016	1	7
0.0	18	24	2015	2016	1	6
0.001095290251916758	19	24	2015	2016	1	5
0.0	20	24	2015	2016	1	4
0.0	21	24	2015	2016	1	3
0.0	22	24	2015	2016	1	2
0.0	23	24	2015	2016	1	1
0.0	24	24	2015	2016	1	0
0.0	25	24	2015	2016	1	-1
0.0	26	24	2015	2016	1	-2
0.0	27	24	2015	2016	1	-3
0.0	28	24	2015	2016	1	-4
0.0	29	24	2015	2016	1	-5
0.002967359050445104	0	24	2016	2016	0	24
0.0	1	24	2016	2016	0	23
0.0	2	24	2016	2016	0	22
0.002967359050445104	3	24	2016	2016	0	21
0.008902077151335312	4	24	2016	2016	0	20
0.005934718100890208	5	24	2016	2016	0	19
0.0	6	24	2016	2016	0	18
0.020771513353115726	7	24	2016	2016	0	17
0.08011869436201781	8	24	2016	2016	0	16
0.26409495548961426	9	24	2016	2016	0	15
0.06824925816023739	10	24	2016	2016	0	14
0.06824925816023739	11	24	2016	2016	0	13
0.002967359050445104	12	24	2016	2016	0	12
0.008902077151335312	13	24	2016	2016	0	11
0.26409495548961426	14	24	2016	2016	0	10
0.12759643916913946	15	24	2016	2016	0	9
0.06528189910979229	16	24	2016	2016	0	8
0.0	17	24	2016	2016	0	7
0.0	18	24	2016	2016	0	6
0.005934718100890208	19	24	2016	2016	0	5
0.0	20	24	2016	2016	0	4
0.0	21	24	2016	2016	0	3
0.0	22	24	2016	2016	0	2
0.002967359050445104	23	24	2016	2016	0	1
0.0	24	24	2016	2016	0	0
0.0	25	24	2016	2016	0	-1
0.0	26	24	2016	2016	0	-2
0.0	27	24	2016	2016	0	-3
0.0	28	24	2016	2016	0	-4
0.0	29	24	2016	2016	0	-5
0.014749262536873156	0	24	2017	2016	-1	24
0.0	1	24	2017	2016	-1	23
0.0	2	24	2017	2016	-1	22
0.0029498525073746312	3	24	2017	2016	-1	21
0.0	4	24	2017	2016	-1	20
0.0	5	24	2017	2016	-1	19
0.0	6	24	2017	2016	-1	18
0.014749262536873156	7	24	2017	2016	-1	17
0.04129793510324484	8	24	2017	2016	-1	16
0.16519174041297935	9	24	2017	2016	-1	15
0.07079646017699115	10	24	2017	2016	-1	14
0.0471976401179941	11	24	2017	2016	-1	13
0.0	12	24	2017	2016	-1	12
0.0029498525073746312	13	24	2017	2016	-1	11
0.2536873156342183	14	24	2017	2016	-1	10
0.16519174041297935	15	24	2017	2016	-1	9
0.22123893805309736	16	24	2017	2016	-1	8
0.0	17	24	2017	2016	-1	7
0.0	18	24	2017	2016	-1	6
0.0	19	24	2017	2016	-1	5
0.0	20	24	2017	2016	-1	4
0.0	21	24	2017	2016	-1	3
0.0	22	24	2017	2016	-1	2
0.0	23	24	2017	2016	-1	1
0.0	24	24	2017	2016	-1	0
0.0	25	24	2017	2016	-1	-1
0.0	26	24	2017	2016	-1	-2
0.0	27	24	2017	2016	-1	-3
0.0	28	24	2017	2016	-1	-4
0.0	29	24	2017	2016	-1	-5
0.0	0	24	2018	2016	-2	24
0.0	1	24	2018	2016	-2	23
0.0	2	24	2018	2016	-2	22
0.0	3	24	2018	2016	-2	21
0.001072961373390558	4	24	2018	2016	-2	20
0.0	5	24	2018	2016	-2	19
0.0	6	24	2018	2016	-2	18
0.006437768240343348	7	24	2018	2016	-2	17
0.011802575107296138	8	24	2018	2016	-2	16
0.12339055793991416	9	24	2018	2016	-2	15
0.046137339055793994	10	24	2018	2016	-2	14
0.008583690987124463	11	24	2018	2016	-2	13
0.002145922746781116	12	24	2018	2016	-2	12
0.001072961373390558	13	24	2018	2016	-2	11
0.18776824034334763	14	24	2018	2016	-2	10
0.2349785407725322	15	24	2018	2016	-2	9
0.2446351931330472	16	24	2018	2016	-2	8
0.017167381974248927	17	24	2018	2016	-2	7
0.01072961373390558	18	24	2018	2016	-2	6
0.060085836909871244	19	24	2018	2016	-2	5
0.0	20	24	2018	2016	-2	4
0.02682403433476395	21	24	2018	2016	-2	3
0.003218884120171674	22	24	2018	2016	-2	2
0.009656652360515022	23	24	2018	2016	-2	1
0.001072961373390558	24	24	2018	2016	-2	0
0.0	25	24	2018	2016	-2	-1
0.003218884120171674	26	24	2018	2016	-2	-2
0.0	27	24	2018	2016	-2	-3
0.0	28	24	2018	2016	-2	-4
0.0	29	24	2018	2016	-2	-5
0.003015075376884422	0	24	2019	2016	-3	24
0.0	1	24	2019	2016	-3	23
0.0	2	24	2019	2016	-3	22
0.0	3	24	2019	2016	-3	21
0.0	4	24	2019	2016	-3	20
0.0	5	24	2019	2016	-3	19
0.0	6	24	2019	2016	-3	18
0.0010050251256281408	7	24	2019	2016	-3	17
0.007035175879396985	8	24	2019	2016	-3	16
0.07839195979899498	9	24	2019	2016	-3	15
0.02814070351758794	10	24	2019	2016	-3	14
0.003015075376884422	11	24	2019	2016	-3	13
0.007035175879396985	12	24	2019	2016	-3	12
0.003015075376884422	13	24	2019	2016	-3	11
0.10753768844221105	14	24	2019	2016	-3	10
0.15477386934673368	15	24	2019	2016	-3	9
0.3256281407035176	16	24	2019	2016	-3	8
0.036180904522613064	17	24	2019	2016	-3	7
0.017085427135678392	18	24	2019	2016	-3	6
0.1185929648241206	19	24	2019	2016	-3	5
0.005025125628140704	20	24	2019	2016	-3	4
0.06934673366834171	21	24	2019	2016	-3	3
0.012060301507537688	22	24	2019	2016	-3	2
0.018090452261306532	23	24	2019	2016	-3	1
0.0010050251256281408	24	24	2019	2016	-3	0
0.0	25	24	2019	2016	-3	-1
0.003015075376884422	26	24	2019	2016	-3	-2
0.0010050251256281408	27	24	2019	2016	-3	-3
0.0	28	24	2019	2016	-3	-4
0.0	29	24	2019	2016	-3	-5
0.005405405405405406	0	24	2020	2016	-4	24
0.0	1	24	2020	2016	-4	23
0.0	2	24	2020	2016	-4	22
0.0	3	24	2020	2016	-4	21
0.0	4	24	2020	2016	-4	20
0.0	5	24	2020	2016	-4	19
0.0	6	24	2020	2016	-4	18
0.0	7	24	2020	2016	-4	17
0.016216216216216217	8	24	2020	2016	-4	16
0.043243243243243246	9	24	2020	2016	-4	15
0.0	10	24	2020	2016	-4	14
0.0	11	24	2020	2016	-4	13
0.0	12	24	2020	2016	-4	12
0.0	13	24	2020	2016	-4	11
0.03783783783783784	14	24	2020	2016	-4	10
0.2810810810810811	15	24	2020	2016	-4	9
0.15675675675675677	16	24	2020	2016	-4	8
0.032432432432432434	17	24	2020	2016	-4	7
0.02702702702702703	18	24	2020	2016	-4	6
0.1891891891891892	19	24	2020	2016	-4	5
0.0	20	24	2020	2016	-4	4
0.17297297297297298	21	24	2020	2016	-4	3
0.005405405405405406	22	24	2020	2016	-4	2
0.021621621621621623	23	24	2020	2016	-4	1
0.0	24	24	2020	2016	-4	0
0.0	25	24	2020	2016	-4	-1
0.0	26	24	2020	2016	-4	-2
0.005405405405405406	27	24	2020	2016	-4	-3
0.005405405405405406	28	24	2020	2016	-4	-4
0.0	29	24	2020	2016	-4	-5
0.0	0	24	2021	2016	-5	24
0.0	1	24	2021	2016	-5	23
0.0	2	24	2021	2016	-5	22
0.0	3	24	2021	2016	-5	21
0.0	4	24	2021	2016	-5	20
0.0	5	24	2021	2016	-5	19
0.0	6	24	2021	2016	-5	18
0.0	7	24	2021	2016	-5	17
0.010256410256410256	8	24	2021	2016	-5	16
0.010256410256410256	9	24	2021	2016	-5	15
0.005128205128205128	10	24	2021	2016	-5	14
0.010256410256410256	11	24	2021	2016	-5	13
0.0	12	24	2021	2016	-5	12
0.0	13	24	2021	2016	-5	11
0.05128205128205128	14	24	2021	2016	-5	10
0.02564102564102564	15	24	2021	2016	-5	9
0.08717948717948718	16	24	2021	2016	-5	8
0.010256410256410256	17	24	2021	2016	-5	7
0.03076923076923077	18	24	2021	2016	-5	6
0.24102564102564103	19	24	2021	2016	-5	5
0.005128205128205128	20	24	2021	2016	-5	4
0.36923076923076925	21	24	2021	2016	-5	3
0.02564102564102564	22	24	2021	2016	-5	2
0.015384615384615385	23	24	2021	2016	-5	1
0.03076923076923077	24	24	2021	2016	-5	0
0.0	25	24	2021	2016	-5	-1
0.07179487179487179	26	24	2021	2016	-5	-2
0.0	27	24	2021	2016	-5	-3
0.0	28	24	2021	2016	-5	-4
0.0	29	24	2021	2016	-5	-5
0.006469500924214418	0	25	2010	2016	6	25
0.02033271719038817	1	25	2010	2016	6	24
0.0018484288354898336	2	25	2010	2016	6	23
0.42606284658040666	3	25	2010	2016	6	22
0.19593345656192238	4	25	2010	2016	6	21
0.038817005545286505	5	25	2010	2016	6	20
0.014787430683918669	6	25	2010	2016	6	19
0.07578558225508318	7	25	2010	2016	6	18
0.1977818853974122	8	25	2010	2016	6	17
0.005545286506469501	9	25	2010	2016	6	16
0.0036968576709796672	10	25	2010	2016	6	15
0.0009242144177449168	11	25	2010	2016	6	14
0.0	12	25	2010	2016	6	13
0.0	13	25	2010	2016	6	12
0.00831792975970425	14	25	2010	2016	6	11
0.0009242144177449168	15	25	2010	2016	6	10
0.0	16	25	2010	2016	6	9
0.0	17	25	2010	2016	6	8
0.0	18	25	2010	2016	6	7
0.0018484288354898336	19	25	2010	2016	6	6
0.0	20	25	2010	2016	6	5
0.0	21	25	2010	2016	6	4
0.0	22	25	2010	2016	6	3
0.0	23	25	2010	2016	6	2
0.0	24	25	2010	2016	6	1
0.0	25	25	2010	2016	6	0
0.0	26	25	2010	2016	6	-1
0.0	27	25	2010	2016	6	-2
0.0009242144177449168	28	25	2010	2016	6	-3
0.0	29	25	2010	2016	6	-4
0.006091370558375634	0	25	2011	2016	5	25
0.0010152284263959391	1	25	2011	2016	5	24
0.0020304568527918783	2	25	2011	2016	5	23
0.1116751269035533	3	25	2011	2016	5	22
0.21421319796954313	4	25	2011	2016	5	21
0.06598984771573604	5	25	2011	2016	5	20
0.026395939086294416	6	25	2011	2016	5	19
0.233502538071066	7	25	2011	2016	5	18
0.31269035532994927	8	25	2011	2016	5	17
0.01116751269035533	9	25	2011	2016	5	16
0.003045685279187817	10	25	2011	2016	5	15
0.0010152284263959391	11	25	2011	2016	5	14
0.0	12	25	2011	2016	5	13
0.0	13	25	2011	2016	5	12
0.0010152284263959391	14	25	2011	2016	5	11
0.0010152284263959391	15	25	2011	2016	5	10
0.005076142131979695	16	25	2011	2016	5	9
0.0	17	25	2011	2016	5	8
0.0	18	25	2011	2016	5	7
0.0020304568527918783	19	25	2011	2016	5	6
0.0	20	25	2011	2016	5	5
0.0	21	25	2011	2016	5	4
0.0	22	25	2011	2016	5	3
0.0010152284263959391	23	25	2011	2016	5	2
0.0	24	25	2011	2016	5	1
0.0	25	25	2011	2016	5	0
0.0	26	25	2011	2016	5	-1
0.0010152284263959391	27	25	2011	2016	5	-2
0.0	28	25	2011	2016	5	-3
0.0	29	25	2011	2016	5	-4
0.0018529956763434219	0	25	2012	2016	4	25
0.0018529956763434219	1	25	2012	2016	4	24
0.0012353304508956147	2	25	2012	2016	4	23
0.04817788758492897	3	25	2012	2016	4	22
0.17109326744904263	4	25	2012	2016	4	21
0.03767757875231625	5	25	2012	2016	4	20
0.014206300185299567	6	25	2012	2016	4	19
0.26683137739345275	7	25	2012	2016	4	18
0.42063001852995674	8	25	2012	2016	4	17
0.014823965410747375	9	25	2012	2016	4	16
0.017912291537986413	10	25	2012	2016	4	15
0.0012353304508956147	11	25	2012	2016	4	14
0.0006176652254478073	12	25	2012	2016	4	13
0.0	13	25	2012	2016	4	12
0.0012353304508956147	14	25	2012	2016	4	11
0.0006176652254478073	15	25	2012	2016	4	10
0.0	16	25	2012	2016	4	9
0.0	17	25	2012	2016	4	8
0.0	18	25	2012	2016	4	7
0.0	19	25	2012	2016	4	6
0.0	20	25	2012	2016	4	5
0.0	21	25	2012	2016	4	4
0.0	22	25	2012	2016	4	3
0.0	23	25	2012	2016	4	2
0.0	24	25	2012	2016	4	1
0.0	25	25	2012	2016	4	0
0.0	26	25	2012	2016	4	-1
0.0	27	25	2012	2016	4	-2
0.0	28	25	2012	2016	4	-3
0.0	29	25	2012	2016	4	-4
0.001520912547528517	0	25	2013	2016	3	25
0.001520912547528517	1	25	2013	2016	3	24
0.0007604562737642585	2	25	2013	2016	3	23
0.01749049429657795	3	25	2013	2016	3	22
0.07224334600760456	4	25	2013	2016	3	21
0.03802281368821293	5	25	2013	2016	3	20
0.018250950570342206	6	25	2013	2016	3	19
0.21977186311787072	7	25	2013	2016	3	18
0.4752851711026616	8	25	2013	2016	3	17
0.06311787072243347	9	25	2013	2016	3	16
0.05779467680608365	10	25	2013	2016	3	15
0.00988593155893536	11	25	2013	2016	3	14
0.0007604562737642585	12	25	2013	2016	3	13
0.00532319391634981	13	25	2013	2016	3	12
0.00988593155893536	14	25	2013	2016	3	11
0.006844106463878327	15	25	2013	2016	3	10
0.0007604562737642585	16	25	2013	2016	3	9
0.0	17	25	2013	2016	3	8
0.0	18	25	2013	2016	3	7
0.0	19	25	2013	2016	3	6
0.0	20	25	2013	2016	3	5
0.0007604562737642585	21	25	2013	2016	3	4
0.0	22	25	2013	2016	3	3
0.0	23	25	2013	2016	3	2
0.0	24	25	2013	2016	3	1
0.0	25	25	2013	2016	3	0
0.0	26	25	2013	2016	3	-1
0.0	27	25	2013	2016	3	-2
0.0	28	25	2013	2016	3	-3
0.0	29	25	2013	2016	3	-4
0.004803073967339097	0	25	2014	2016	2	25
0.0	1	25	2014	2016	2	24
0.0	2	25	2014	2016	2	23
0.007684918347742555	3	25	2014	2016	2	22
0.01921229586935639	4	25	2014	2016	2	21
0.01633045148895293	5	25	2014	2016	2	20
0.009606147934678195	6	25	2014	2016	2	19
0.05763688760806916	7	25	2014	2016	2	18
0.3976945244956772	8	25	2014	2016	2	17
0.2612872238232469	9	25	2014	2016	2	16
0.10854947166186359	10	25	2014	2016	2	15
0.01729106628242075	11	25	2014	2016	2	14
0.004803073967339097	12	25	2014	2016	2	13
0.008645533141210375	13	25	2014	2016	2	12
0.069164265129683	14	25	2014	2016	2	11
0.01536983669548511	15	25	2014	2016	2	10
0.0019212295869356388	16	25	2014	2016	2	9
0.0	17	25	2014	2016	2	8
0.0	18	25	2014	2016	2	7
0.0	19	25	2014	2016	2	6
0.0	20	25	2014	2016	2	5
0.0	21	25	2014	2016	2	4
0.0	22	25	2014	2016	2	3
0.0	23	25	2014	2016	2	2
0.0	24	25	2014	2016	2	1
0.0	25	25	2014	2016	2	0
0.0	26	25	2014	2016	2	-1
0.0	27	25	2014	2016	2	-2
0.0	28	25	2014	2016	2	-3
0.0	29	25	2014	2016	2	-4
0.0021929824561403508	0	25	2015	2016	1	25
0.0010964912280701754	1	25	2015	2016	1	24
0.0	2	25	2015	2016	1	23
0.0021929824561403508	3	25	2015	2016	1	22
0.01425438596491228	4	25	2015	2016	1	21
0.013157894736842105	5	25	2015	2016	1	20
0.003289473684210526	6	25	2015	2016	1	19
0.029605263157894735	7	25	2015	2016	1	18
0.2149122807017544	8	25	2015	2016	1	17
0.31798245614035087	9	25	2015	2016	1	16
0.12609649122807018	10	25	2015	2016	1	15
0.06798245614035088	11	25	2015	2016	1	14
0.003289473684210526	12	25	2015	2016	1	13
0.005482456140350877	13	25	2015	2016	1	12
0.11951754385964912	14	25	2015	2016	1	11
0.05043859649122807	15	25	2015	2016	1	10
0.025219298245614034	16	25	2015	2016	1	9
0.0021929824561403508	17	25	2015	2016	1	8
0.0	18	25	2015	2016	1	7
0.0010964912280701754	19	25	2015	2016	1	6
0.0	20	25	2015	2016	1	5
0.0	21	25	2015	2016	1	4
0.0	22	25	2015	2016	1	3
0.0	23	25	2015	2016	1	2
0.0	24	25	2015	2016	1	1
0.0	25	25	2015	2016	1	0
0.0	26	25	2015	2016	1	-1
0.0	27	25	2015	2016	1	-2
0.0	28	25	2015	2016	1	-3
0.0	29	25	2015	2016	1	-4
0.005970149253731343	0	25	2016	2016	0	25
0.0	1	25	2016	2016	0	24
0.0	2	25	2016	2016	0	23
0.0029850746268656717	3	25	2016	2016	0	22
0.008955223880597015	4	25	2016	2016	0	21
0.005970149253731343	5	25	2016	2016	0	20
0.0	6	25	2016	2016	0	19
0.020895522388059702	7	25	2016	2016	0	18
0.08656716417910448	8	25	2016	2016	0	17
0.2626865671641791	9	25	2016	2016	0	16
0.07761194029850746	10	25	2016	2016	0	15
0.06567164179104477	11	25	2016	2016	0	14
0.0029850746268656717	12	25	2016	2016	0	13
0.008955223880597015	13	25	2016	2016	0	12
0.25970149253731345	14	25	2016	2016	0	11
0.12238805970149254	15	25	2016	2016	0	10
0.05970149253731343	16	25	2016	2016	0	9
0.0	17	25	2016	2016	0	8
0.0	18	25	2016	2016	0	7
0.005970149253731343	19	25	2016	2016	0	6
0.0	20	25	2016	2016	0	5
0.0	21	25	2016	2016	0	4
0.0	22	25	2016	2016	0	3
0.0029850746268656717	23	25	2016	2016	0	2
0.0	24	25	2016	2016	0	1
0.0	25	25	2016	2016	0	0
0.0	26	25	2016	2016	0	-1
0.0	27	25	2016	2016	0	-2
0.0	28	25	2016	2016	0	-3
0.0	29	25	2016	2016	0	-4
0.01483679525222552	0	25	2017	2016	-1	25
0.0	1	25	2017	2016	-1	24
0.0	2	25	2017	2016	-1	23
0.002967359050445104	3	25	2017	2016	-1	22
0.0	4	25	2017	2016	-1	21
0.0	5	25	2017	2016	-1	20
0.0	6	25	2017	2016	-1	19
0.01483679525222552	7	25	2017	2016	-1	18
0.04154302670623145	8	25	2017	2016	-1	17
0.1543026706231454	9	25	2017	2016	-1	16
0.06824925816023739	10	25	2017	2016	-1	15
0.05341246290801187	11	25	2017	2016	-1	14
0.0	12	25	2017	2016	-1	13
0.002967359050445104	13	25	2017	2016	-1	12
0.26112759643916916	14	25	2017	2016	-1	11
0.16023738872403562	15	25	2017	2016	-1	10
0.22551928783382788	16	25	2017	2016	-1	9
0.0	17	25	2017	2016	-1	8
0.0	18	25	2017	2016	-1	7
0.0	19	25	2017	2016	-1	6
0.0	20	25	2017	2016	-1	5
0.0	21	25	2017	2016	-1	4
0.0	22	25	2017	2016	-1	3
0.0	23	25	2017	2016	-1	2
0.0	24	25	2017	2016	-1	1
0.0	25	25	2017	2016	-1	0
0.0	26	25	2017	2016	-1	-1
0.0	27	25	2017	2016	-1	-2
0.0	28	25	2017	2016	-1	-3
0.0	29	25	2017	2016	-1	-4
0.0	0	25	2018	2016	-2	25
0.0	1	25	2018	2016	-2	24
0.0	2	25	2018	2016	-2	23
0.0	3	25	2018	2016	-2	22
0.0010626992561105207	4	25	2018	2016	-2	21
0.0	5	25	2018	2016	-2	20
0.0	6	25	2018	2016	-2	19
0.006376195536663124	7	25	2018	2016	-2	18
0.011689691817215728	8	25	2018	2016	-2	17
0.12221041445270989	9	25	2018	2016	-2	16
0.044633368756641874	10	25	2018	2016	-2	15
0.008501594048884165	11	25	2018	2016	-2	14
0.0021253985122210413	12	25	2018	2016	-2	13
0.0010626992561105207	13	25	2018	2016	-2	12
0.18809776833156217	14	25	2018	2016	-2	11
0.23698193411264612	15	25	2018	2016	-2	10
0.24442082890541977	16	25	2018	2016	-2	9
0.018065887353878853	17	25	2018	2016	-2	8
0.010626992561105207	18	25	2018	2016	-2	7
0.06057385759829968	19	25	2018	2016	-2	6
0.0	20	25	2018	2016	-2	5
0.026567481402763018	21	25	2018	2016	-2	4
0.003188097768331562	22	25	2018	2016	-2	3
0.009564293304994687	23	25	2018	2016	-2	2
0.0010626992561105207	24	25	2018	2016	-2	1
0.0	25	25	2018	2016	-2	0
0.003188097768331562	26	25	2018	2016	-2	-1
0.0	27	25	2018	2016	-2	-2
0.0	28	25	2018	2016	-2	-3
0.0	29	25	2018	2016	-2	-4
0.003009027081243731	0	25	2019	2016	-3	25
0.0	1	25	2019	2016	-3	24
0.0	2	25	2019	2016	-3	23
0.0	3	25	2019	2016	-3	22
0.0	4	25	2019	2016	-3	21
0.0	5	25	2019	2016	-3	20
0.0	6	25	2019	2016	-3	19
0.0010030090270812437	7	25	2019	2016	-3	18
0.007021063189568706	8	25	2019	2016	-3	17
0.07723169508525576	9	25	2019	2016	-3	16
0.028084252758274825	10	25	2019	2016	-3	15
0.0050150451354062184	11	25	2019	2016	-3	14
0.007021063189568706	12	25	2019	2016	-3	13
0.003009027081243731	13	25	2019	2016	-3	12
0.10732196589769308	14	25	2019	2016	-3	11
0.15546639919759278	15	25	2019	2016	-3	10
0.3259779338014042	16	25	2019	2016	-3	9
0.03811434302908726	17	25	2019	2016	-3	8
0.017051153460381142	18	25	2019	2016	-3	7
0.11634904714142427	19	25	2019	2016	-3	6
0.0050150451354062184	20	25	2019	2016	-3	5
0.06820461384152457	21	25	2019	2016	-3	4
0.012036108324974924	22	25	2019	2016	-3	3
0.01805416248746239	23	25	2019	2016	-3	2
0.0010030090270812437	24	25	2019	2016	-3	1
0.0	25	25	2019	2016	-3	0
0.003009027081243731	26	25	2019	2016	-3	-1
0.0010030090270812437	27	25	2019	2016	-3	-2
0.0	28	25	2019	2016	-3	-3
0.0	29	25	2019	2016	-3	-4
0.005405405405405406	0	25	2020	2016	-4	25
0.0	1	25	2020	2016	-4	24
0.0	2	25	2020	2016	-4	23
0.0	3	25	2020	2016	-4	22
0.0	4	25	2020	2016	-4	21
0.0	5	25	2020	2016	-4	20
0.0	6	25	2020	2016	-4	19
0.0	7	25	2020	2016	-4	18
0.016216216216216217	8	25	2020	2016	-4	17
0.043243243243243246	9	25	2020	2016	-4	16
0.0	10	25	2020	2016	-4	15
0.0	11	25	2020	2016	-4	14
0.0	12	25	2020	2016	-4	13
0.0	13	25	2020	2016	-4	12
0.03783783783783784	14	25	2020	2016	-4	11
0.2810810810810811	15	25	2020	2016	-4	10
0.15675675675675677	16	25	2020	2016	-4	9
0.032432432432432434	17	25	2020	2016	-4	8
0.02702702702702703	18	25	2020	2016	-4	7
0.1891891891891892	19	25	2020	2016	-4	6
0.0	20	25	2020	2016	-4	5
0.17297297297297298	21	25	2020	2016	-4	4
0.005405405405405406	22	25	2020	2016	-4	3
0.021621621621621623	23	25	2020	2016	-4	2
0.0	24	25	2020	2016	-4	1
0.0	25	25	2020	2016	-4	0
0.0	26	25	2020	2016	-4	-1
0.005405405405405406	27	25	2020	2016	-4	-2
0.005405405405405406	28	25	2020	2016	-4	-3
0.0	29	25	2020	2016	-4	-4
0.0	0	25	2021	2016	-5	25
0.0	1	25	2021	2016	-5	24
0.0	2	25	2021	2016	-5	23
0.0	3	25	2021	2016	-5	22
0.0	4	25	2021	2016	-5	21
0.0	5	25	2021	2016	-5	20
0.0	6	25	2021	2016	-5	19
0.0	7	25	2021	2016	-5	18
0.01015228426395939	8	25	2021	2016	-5	17
0.01015228426395939	9	25	2021	2016	-5	16
0.005076142131979695	10	25	2021	2016	-5	15
0.01015228426395939	11	25	2021	2016	-5	14
0.0	12	25	2021	2016	-5	13
0.0	13	25	2021	2016	-5	12
0.050761421319796954	14	25	2021	2016	-5	11
0.025380710659898477	15	25	2021	2016	-5	10
0.08629441624365482	16	25	2021	2016	-5	9
0.01015228426395939	17	25	2021	2016	-5	8
0.030456852791878174	18	25	2021	2016	-5	7
0.2436548223350254	19	25	2021	2016	-5	6
0.005076142131979695	20	25	2021	2016	-5	5
0.36548223350253806	21	25	2021	2016	-5	4
0.025380710659898477	22	25	2021	2016	-5	3
0.015228426395939087	23	25	2021	2016	-5	2
0.030456852791878174	24	25	2021	2016	-5	1
0.0	25	25	2021	2016	-5	0
0.07614213197969544	26	25	2021	2016	-5	-1
0.0	27	25	2021	2016	-5	-2
0.0	28	25	2021	2016	-5	-3
0.0	29	25	2021	2016	-5	-4
0.0064754856614246065	0	26	2010	2017	7	26
0.020351526364477335	1	26	2010	2017	7	25
0.0018501387604070306	2	26	2010	2017	7	24
0.425531914893617	3	26	2010	2017	7	23
0.19611470860314523	4	26	2010	2017	7	22
0.03885291396854764	5	26	2010	2017	7	21
0.014801110083256245	6	26	2010	2017	7	20
0.07585568917668825	7	26	2010	2017	7	19
0.19796484736355227	8	26	2010	2017	7	18
0.005550416281221091	9	26	2010	2017	7	17
0.0037002775208140612	10	26	2010	2017	7	16
0.0009250693802035153	11	26	2010	2017	7	15
0.0	12	26	2010	2017	7	14
0.0	13	26	2010	2017	7	13
0.008325624421831638	14	26	2010	2017	7	12
0.0009250693802035153	15	26	2010	2017	7	11
0.0	16	26	2010	2017	7	10
0.0	17	26	2010	2017	7	9
0.0	18	26	2010	2017	7	8
0.0018501387604070306	19	26	2010	2017	7	7
0.0	20	26	2010	2017	7	6
0.0	21	26	2010	2017	7	5
0.0	22	26	2010	2017	7	4
0.0	23	26	2010	2017	7	3
0.0	24	26	2010	2017	7	2
0.0	25	26	2010	2017	7	1
0.0	26	26	2010	2017	7	0
0.0	27	26	2010	2017	7	-1
0.0009250693802035153	28	26	2010	2017	7	-2
0.0	29	26	2010	2017	7	-3
0.006054490413723511	0	26	2011	2017	6	26
0.0010090817356205853	1	26	2011	2017	6	25
0.0020181634712411706	2	26	2011	2017	6	24
0.11099899091826437	3	26	2011	2017	6	23
0.21392532795156408	4	26	2011	2017	6	22
0.06559031281533804	5	26	2011	2017	6	21
0.027245206861755803	6	26	2011	2017	6	20
0.2341069626639758	7	26	2011	2017	6	19
0.31079717457114026	8	26	2011	2017	6	18
0.011099899091826439	9	26	2011	2017	6	17
0.004036326942482341	10	26	2011	2017	6	16
0.0010090817356205853	11	26	2011	2017	6	15
0.0	12	26	2011	2017	6	14
0.0	13	26	2011	2017	6	13
0.0010090817356205853	14	26	2011	2017	6	12
0.0010090817356205853	15	26	2011	2017	6	11
0.006054490413723511	16	26	2011	2017	6	10
0.0	17	26	2011	2017	6	9
0.0	18	26	2011	2017	6	8
0.0020181634712411706	19	26	2011	2017	6	7
0.0	20	26	2011	2017	6	6
0.0	21	26	2011	2017	6	5
0.0	22	26	2011	2017	6	4
0.0010090817356205853	23	26	2011	2017	6	3
0.0	24	26	2011	2017	6	2
0.0	25	26	2011	2017	6	1
0.0	26	26	2011	2017	6	0
0.0010090817356205853	27	26	2011	2017	6	-1
0.0	28	26	2011	2017	6	-2
0.0	29	26	2011	2017	6	-3
0.0018472906403940886	0	26	2012	2017	5	26
0.0018472906403940886	1	26	2012	2017	5	25
0.0012315270935960591	2	26	2012	2017	5	24
0.0480295566502463	3	26	2012	2017	5	23
0.17118226600985223	4	26	2012	2017	5	22
0.037561576354679806	5	26	2012	2017	5	21
0.01416256157635468	6	26	2012	2017	5	20
0.2672413793103448	7	26	2012	2017	5	19
0.4205665024630542	8	26	2012	2017	5	18
0.014778325123152709	9	26	2012	2017	5	17
0.017857142857142856	10	26	2012	2017	5	16
0.0012315270935960591	11	26	2012	2017	5	15
0.0006157635467980296	12	26	2012	2017	5	14
0.0	13	26	2012	2017	5	13
0.0012315270935960591	14	26	2012	2017	5	12
0.0006157635467980296	15	26	2012	2017	5	11
0.0	16	26	2012	2017	5	10
0.0	17	26	2012	2017	5	9
0.0	18	26	2012	2017	5	8
0.0	19	26	2012	2017	5	7
0.0	20	26	2012	2017	5	6
0.0	21	26	2012	2017	5	5
0.0	22	26	2012	2017	5	4
0.0	23	26	2012	2017	5	3
0.0	24	26	2012	2017	5	2
0.0	25	26	2012	2017	5	1
0.0	26	26	2012	2017	5	0
0.0	27	26	2012	2017	5	-1
0.0	28	26	2012	2017	5	-2
0.0	29	26	2012	2017	5	-3
0.001524390243902439	0	26	2013	2017	4	26
0.001524390243902439	1	26	2013	2017	4	25
0.0007621951219512195	2	26	2013	2017	4	24
0.01753048780487805	3	26	2013	2017	4	23
0.07317073170731707	4	26	2013	2017	4	22
0.038109756097560975	5	26	2013	2017	4	21
0.018292682926829267	6	26	2013	2017	4	20
0.21951219512195122	7	26	2013	2017	4	19
0.4740853658536585	8	26	2013	2017	4	18
0.06326219512195122	9	26	2013	2017	4	17
0.057926829268292686	10	26	2013	2017	4	16
0.009908536585365854	11	26	2013	2017	4	15
0.0007621951219512195	12	26	2013	2017	4	14
0.005335365853658537	13	26	2013	2017	4	13
0.009908536585365854	14	26	2013	2017	4	12
0.006859756097560976	15	26	2013	2017	4	11
0.0007621951219512195	16	26	2013	2017	4	10
0.0	17	26	2013	2017	4	9
0.0	18	26	2013	2017	4	8
0.0	19	26	2013	2017	4	7
0.0	20	26	2013	2017	4	6
0.0007621951219512195	21	26	2013	2017	4	5
0.0	22	26	2013	2017	4	4
0.0	23	26	2013	2017	4	3
0.0	24	26	2013	2017	4	2
0.0	25	26	2013	2017	4	1
0.0	26	26	2013	2017	4	0
0.0	27	26	2013	2017	4	-1
0.0	28	26	2013	2017	4	-2
0.0	29	26	2013	2017	4	-3
0.004793863854266539	0	26	2014	2017	3	26
0.0	1	26	2014	2017	3	25
0.0	2	26	2014	2017	3	24
0.007670182166826462	3	26	2014	2017	3	23
0.019175455417066157	4	26	2014	2017	3	22
0.016299137104506232	5	26	2014	2017	3	21
0.009587727708533078	6	26	2014	2017	3	20
0.05752636625119847	7	26	2014	2017	3	19
0.39789069990412274	8	26	2014	2017	3	18
0.2607861936720997	9	26	2014	2017	3	17
0.10930009587727708	10	26	2014	2017	3	16
0.01725790987535954	11	26	2014	2017	3	15
0.004793863854266539	12	26	2014	2017	3	14
0.00862895493767977	13	26	2014	2017	3	13
0.06903163950143816	14	26	2014	2017	3	12
0.015340364333652923	15	26	2014	2017	3	11
0.0019175455417066154	16	26	2014	2017	3	10
0.0	17	26	2014	2017	3	9
0.0	18	26	2014	2017	3	8
0.0	19	26	2014	2017	3	7
0.0	20	26	2014	2017	3	6
0.0	21	26	2014	2017	3	5
0.0	22	26	2014	2017	3	4
0.0	23	26	2014	2017	3	3
0.0	24	26	2014	2017	3	2
0.0	25	26	2014	2017	3	1
0.0	26	26	2014	2017	3	0
0.0	27	26	2014	2017	3	-1
0.0	28	26	2014	2017	3	-2
0.0	29	26	2014	2017	3	-3
0.002197802197802198	0	26	2015	2017	2	26
0.001098901098901099	1	26	2015	2017	2	25
0.0	2	26	2015	2017	2	24
0.002197802197802198	3	26	2015	2017	2	23
0.014285714285714285	4	26	2015	2017	2	22
0.012087912087912088	5	26	2015	2017	2	21
0.0032967032967032967	6	26	2015	2017	2	20
0.02857142857142857	7	26	2015	2017	2	19
0.2153846153846154	8	26	2015	2017	2	18
0.31978021978021975	9	26	2015	2017	2	17
0.12637362637362637	10	26	2015	2017	2	16
0.06813186813186813	11	26	2015	2017	2	15
0.0032967032967032967	12	26	2015	2017	2	14
0.005494505494505495	13	26	2015	2017	2	13
0.11978021978021978	14	26	2015	2017	2	12
0.05054945054945055	15	26	2015	2017	2	11
0.024175824175824177	16	26	2015	2017	2	10
0.002197802197802198	17	26	2015	2017	2	9
0.0	18	26	2015	2017	2	8
0.001098901098901099	19	26	2015	2017	2	7
0.0	20	26	2015	2017	2	6
0.0	21	26	2015	2017	2	5
0.0	22	26	2015	2017	2	4
0.0	23	26	2015	2017	2	3
0.0	24	26	2015	2017	2	2
0.0	25	26	2015	2017	2	1
0.0	26	26	2015	2017	2	0
0.0	27	26	2015	2017	2	-1
0.0	28	26	2015	2017	2	-2
0.0	29	26	2015	2017	2	-3
0.005633802816901409	0	26	2016	2017	1	26
0.0	1	26	2016	2017	1	25
0.0	2	26	2016	2017	1	24
0.0028169014084507044	3	26	2016	2017	1	23
0.011267605633802818	4	26	2016	2017	1	22
0.008450704225352112	5	26	2016	2017	1	21
0.0	6	26	2016	2017	1	20
0.01971830985915493	7	26	2016	2017	1	19
0.08450704225352113	8	26	2016	2017	1	18
0.24507042253521127	9	26	2016	2017	1	17
0.07323943661971831	10	26	2016	2017	1	16
0.061971830985915494	11	26	2016	2017	1	15
0.005633802816901409	12	26	2016	2017	1	14
0.011267605633802818	13	26	2016	2017	1	13
0.24507042253521127	14	26	2016	2017	1	12
0.14084507042253522	15	26	2016	2017	1	11
0.07042253521126761	16	26	2016	2017	1	10
0.005633802816901409	17	26	2016	2017	1	9
0.0	18	26	2016	2017	1	8
0.005633802816901409	19	26	2016	2017	1	7
0.0	20	26	2016	2017	1	6
0.0	21	26	2016	2017	1	5
0.0	22	26	2016	2017	1	4
0.0028169014084507044	23	26	2016	2017	1	3
0.0	24	26	2016	2017	1	2
0.0	25	26	2016	2017	1	1
0.0	26	26	2016	2017	1	0
0.0	27	26	2016	2017	1	-1
0.0	28	26	2016	2017	1	-2
0.0	29	26	2016	2017	1	-3
0.014124293785310734	0	26	2017	2017	0	26
0.0	1	26	2017	2017	0	25
0.0	2	26	2017	2017	0	24
0.002824858757062147	3	26	2017	2017	0	23
0.0	4	26	2017	2017	0	22
0.0	5	26	2017	2017	0	21
0.0	6	26	2017	2017	0	20
0.014124293785310734	7	26	2017	2017	0	19
0.03954802259887006	8	26	2017	2017	0	18
0.1553672316384181	9	26	2017	2017	0	17
0.07062146892655367	10	26	2017	2017	0	16
0.05084745762711865	11	26	2017	2017	0	15
0.0	12	26	2017	2017	0	14
0.002824858757062147	13	26	2017	2017	0	13
0.2542372881355932	14	26	2017	2017	0	12
0.1638418079096045	15	26	2017	2017	0	11
0.23163841807909605	16	26	2017	2017	0	10
0.0	17	26	2017	2017	0	9
0.0	18	26	2017	2017	0	8
0.0	19	26	2017	2017	0	7
0.0	20	26	2017	2017	0	6
0.0	21	26	2017	2017	0	5
0.0	22	26	2017	2017	0	4
0.0	23	26	2017	2017	0	3
0.0	24	26	2017	2017	0	2
0.0	25	26	2017	2017	0	1
0.0	26	26	2017	2017	0	0
0.0	27	26	2017	2017	0	-1
0.0	28	26	2017	2017	0	-2
0.0	29	26	2017	2017	0	-3
0.0	0	26	2018	2017	-1	26
0.0	1	26	2018	2017	-1	25
0.0	2	26	2018	2017	-1	24
0.0	3	26	2018	2017	-1	23
0.0010683760683760685	4	26	2018	2017	-1	22
0.0	5	26	2018	2017	-1	21
0.0	6	26	2018	2017	-1	20
0.00641025641025641	7	26	2018	2017	-1	19
0.011752136752136752	8	26	2018	2017	-1	18
0.12179487179487179	9	26	2018	2017	-1	17
0.04487179487179487	10	26	2018	2017	-1	16
0.008547008547008548	11	26	2018	2017	-1	15
0.002136752136752137	12	26	2018	2017	-1	14
0.0010683760683760685	13	26	2018	2017	-1	13
0.19017094017094016	14	26	2018	2017	-1	12
0.23397435897435898	15	26	2018	2017	-1	11
0.24358974358974358	16	26	2018	2017	-1	10
0.018162393162393164	17	26	2018	2017	-1	9
0.010683760683760684	18	26	2018	2017	-1	8
0.06196581196581197	19	26	2018	2017	-1	7
0.0	20	26	2018	2017	-1	6
0.026709401709401708	21	26	2018	2017	-1	5
0.003205128205128205	22	26	2018	2017	-1	4
0.009615384615384616	23	26	2018	2017	-1	3
0.0010683760683760685	24	26	2018	2017	-1	2
0.0	25	26	2018	2017	-1	1
0.003205128205128205	26	26	2018	2017	-1	0
0.0	27	26	2018	2017	-1	-1
0.0	28	26	2018	2017	-1	-2
0.0	29	26	2018	2017	-1	-3
0.002938295788442703	0	26	2019	2017	-2	26
0.0	1	26	2019	2017	-2	25
0.0	2	26	2019	2017	-2	24
0.0	3	26	2019	2017	-2	23
0.0	4	26	2019	2017	-2	22
0.0009794319294809011	5	26	2019	2017	-2	21
0.0	6	26	2019	2017	-2	20
0.0009794319294809011	7	26	2019	2017	-2	19
0.007835455435847209	8	26	2019	2017	-2	18
0.07933398628795299	9	26	2019	2017	-2	17
0.02742409402546523	10	26	2019	2017	-2	16
0.004897159647404506	11	26	2019	2017	-2	15
0.0068560235063663075	12	26	2019	2017	-2	14
0.002938295788442703	13	26	2019	2017	-2	13
0.10577864838393732	14	26	2019	2017	-2	12
0.15377081292850148	15	26	2019	2017	-2	11
0.32713026444662097	16	26	2019	2017	-2	10
0.03721841332027424	17	26	2019	2017	-2	9
0.01665034280117532	18	26	2019	2017	-2	8
0.11851126346718903	19	26	2019	2017	-2	7
0.004897159647404506	20	26	2019	2017	-2	6
0.06660137120470128	21	26	2019	2017	-2	5
0.011753183153770812	22	26	2019	2017	-2	4
0.01860920666013712	23	26	2019	2017	-2	3
0.0009794319294809011	24	26	2019	2017	-2	2
0.0	25	26	2019	2017	-2	1
0.002938295788442703	26	26	2019	2017	-2	0
0.0009794319294809011	27	26	2019	2017	-2	-1
0.0	28	26	2019	2017	-2	-2
0.0	29	26	2019	2017	-2	-3
0.005434782608695652	0	26	2020	2017	-3	26
0.0	1	26	2020	2017	-3	25
0.0	2	26	2020	2017	-3	24
0.0	3	26	2020	2017	-3	23
0.0	4	26	2020	2017	-3	22
0.0	5	26	2020	2017	-3	21
0.0	6	26	2020	2017	-3	20
0.0	7	26	2020	2017	-3	19
0.016304347826086956	8	26	2020	2017	-3	18
0.03804347826086957	9	26	2020	2017	-3	17
0.0	10	26	2020	2017	-3	16
0.0	11	26	2020	2017	-3	15
0.0	12	26	2020	2017	-3	14
0.0	13	26	2020	2017	-3	13
0.03804347826086957	14	26	2020	2017	-3	12
0.2826086956521739	15	26	2020	2017	-3	11
0.15760869565217392	16	26	2020	2017	-3	10
0.03260869565217391	17	26	2020	2017	-3	9
0.02717391304347826	18	26	2020	2017	-3	8
0.19021739130434784	19	26	2020	2017	-3	7
0.0	20	26	2020	2017	-3	6
0.17391304347826086	21	26	2020	2017	-3	5
0.005434782608695652	22	26	2020	2017	-3	4
0.021739130434782608	23	26	2020	2017	-3	3
0.0	24	26	2020	2017	-3	2
0.0	25	26	2020	2017	-3	1
0.0	26	26	2020	2017	-3	0
0.005434782608695652	27	26	2020	2017	-3	-1
0.005434782608695652	28	26	2020	2017	-3	-2
0.0	29	26	2020	2017	-3	-3
0.0	0	26	2021	2017	-4	26
0.0	1	26	2021	2017	-4	25
0.0	2	26	2021	2017	-4	24
0.0	3	26	2021	2017	-4	23
0.0	4	26	2021	2017	-4	22
0.0	5	26	2021	2017	-4	21
0.0	6	26	2021	2017	-4	20
0.0	7	26	2021	2017	-4	19
0.010050251256281407	8	26	2021	2017	-4	18
0.010050251256281407	9	26	2021	2017	-4	17
0.005025125628140704	10	26	2021	2017	-4	16
0.010050251256281407	11	26	2021	2017	-4	15
0.0	12	26	2021	2017	-4	14
0.0	13	26	2021	2017	-4	13
0.05025125628140704	14	26	2021	2017	-4	12
0.02512562814070352	15	26	2021	2017	-4	11
0.08542713567839195	16	26	2021	2017	-4	10
0.010050251256281407	17	26	2021	2017	-4	9
0.03015075376884422	18	26	2021	2017	-4	8
0.24120603015075376	19	26	2021	2017	-4	7
0.005025125628140704	20	26	2021	2017	-4	6
0.37185929648241206	21	26	2021	2017	-4	5
0.02512562814070352	22	26	2021	2017	-4	4
0.01507537688442211	23	26	2021	2017	-4	3
0.03015075376884422	24	26	2021	2017	-4	2
0.0	25	26	2021	2017	-4	1
0.07537688442211055	26	26	2021	2017	-4	0
0.0	27	26	2021	2017	-4	-1
0.0	28	26	2021	2017	-4	-2
0.0	29	26	2021	2017	-4	-3
0.0	0	27	2010	2017	7	27
0.018633540372670808	1	27	2010	2017	7	26
0.0	2	27	2010	2017	7	25
0.3416149068322981	3	27	2010	2017	7	24
0.2546583850931677	4	27	2010	2017	7	23
0.024844720496894408	5	27	2010	2017	7	22
0.012422360248447204	6	27	2010	2017	7	21
0.06832298136645963	7	27	2010	2017	7	20
0.2360248447204969	8	27	2010	2017	7	19
0.012422360248447204	9	27	2010	2017	7	18
0.006211180124223602	10	27	2010	2017	7	17
0.0	11	27	2010	2017	7	16
0.0	12	27	2010	2017	7	15
0.0	13	27	2010	2017	7	14
0.018633540372670808	14	27	2010	2017	7	13
0.0	15	27	2010	2017	7	12
0.0	16	27	2010	2017	7	11
0.0	17	27	2010	2017	7	10
0.0	18	27	2010	2017	7	9
0.006211180124223602	19	27	2010	2017	7	8
0.0	20	27	2010	2017	7	7
0.0	21	27	2010	2017	7	6
0.0	22	27	2010	2017	7	5
0.0	23	27	2010	2017	7	4
0.0	24	27	2010	2017	7	3
0.0	25	27	2010	2017	7	2
0.0	26	27	2010	2017	7	1
0.0	27	27	2010	2017	7	0
0.0	28	27	2010	2017	7	-1
0.0	29	27	2010	2017	7	-2
0.02702702702702703	0	27	2011	2017	6	27
0.0	1	27	2011	2017	6	26
0.0	2	27	2011	2017	6	25
0.02702702702702703	3	27	2011	2017	6	24
0.2972972972972973	4	27	2011	2017	6	23
0.08108108108108109	5	27	2011	2017	6	22
0.08108108108108109	6	27	2011	2017	6	21
0.16216216216216217	7	27	2011	2017	6	20
0.32432432432432434	8	27	2011	2017	6	19
0.0	9	27	2011	2017	6	18
0.0	10	27	2011	2017	6	17
0.0	11	27	2011	2017	6	16
0.0	12	27	2011	2017	6	15
0.0	13	27	2011	2017	6	14
0.0	14	27	2011	2017	6	13
0.0	15	27	2011	2017	6	12
0.0	16	27	2011	2017	6	11
0.0	17	27	2011	2017	6	10
0.0	18	27	2011	2017	6	9
0.0	19	27	2011	2017	6	8
0.0	20	27	2011	2017	6	7
0.0	21	27	2011	2017	6	6
0.0	22	27	2011	2017	6	5
0.0	23	27	2011	2017	6	4
0.0	24	27	2011	2017	6	3
0.0	25	27	2011	2017	6	2
0.0	26	27	2011	2017	6	1
0.0	27	27	2011	2017	6	0
0.0	28	27	2011	2017	6	-1
0.0	29	27	2011	2017	6	-2
0.0019305019305019305	0	27	2012	2017	5	27
0.0	1	27	2012	2017	5	26
0.0	2	27	2012	2017	5	25
0.05405405405405406	3	27	2012	2017	5	24
0.18725868725868725	4	27	2012	2017	5	23
0.03088803088803089	5	27	2012	2017	5	22
0.013513513513513514	6	27	2012	2017	5	21
0.29922779922779924	7	27	2012	2017	5	20
0.3861003861003861	8	27	2012	2017	5	19
0.013513513513513514	9	27	2012	2017	5	18
0.009652509652509652	10	27	2012	2017	5	17
0.0019305019305019305	11	27	2012	2017	5	16
0.0019305019305019305	12	27	2012	2017	5	15
0.0	13	27	2012	2017	5	14
0.0	14	27	2012	2017	5	13
0.0	15	27	2012	2017	5	12
0.0	16	27	2012	2017	5	11
0.0	17	27	2012	2017	5	10
0.0	18	27	2012	2017	5	9
0.0	19	27	2012	2017	5	8
0.0	20	27	2012	2017	5	7
0.0	21	27	2012	2017	5	6
0.0	22	27	2012	2017	5	5
0.0	23	27	2012	2017	5	4
0.0	24	27	2012	2017	5	3
0.0	25	27	2012	2017	5	2
0.0	26	27	2012	2017	5	1
0.0	27	27	2012	2017	5	0
0.0	28	27	2012	2017	5	-1
0.0	29	27	2012	2017	5	-2
0.0	0	27	2013	2017	4	27
0.01282051282051282	1	27	2013	2017	4	26
0.0	2	27	2013	2017	4	25
0.01282051282051282	3	27	2013	2017	4	24
0.1282051282051282	4	27	2013	2017	4	23
0.038461538461538464	5	27	2013	2017	4	22
0.01282051282051282	6	27	2013	2017	4	21
0.21794871794871795	7	27	2013	2017	4	20
0.4230769230769231	8	27	2013	2017	4	19
0.05128205128205128	9	27	2013	2017	4	18
0.08974358974358974	10	27	2013	2017	4	17
0.0	11	27	2013	2017	4	16
0.0	12	27	2013	2017	4	15
0.0	13	27	2013	2017	4	14
0.01282051282051282	14	27	2013	2017	4	13
0.0	15	27	2013	2017	4	12
0.0	16	27	2013	2017	4	11
0.0	17	27	2013	2017	4	10
0.0	18	27	2013	2017	4	9
0.0	19	27	2013	2017	4	8
0.0	20	27	2013	2017	4	7
0.0	21	27	2013	2017	4	6
0.0	22	27	2013	2017	4	5
0.0	23	27	2013	2017	4	4
0.0	24	27	2013	2017	4	3
0.0	25	27	2013	2017	4	2
0.0	26	27	2013	2017	4	1
0.0	27	27	2013	2017	4	0
0.0	28	27	2013	2017	4	-1
0.0	29	27	2013	2017	4	-2
0.005411255411255411	0	27	2014	2017	3	27
0.0	1	27	2014	2017	3	26
0.0	2	27	2014	2017	3	25
0.007575757575757576	3	27	2014	2017	3	24
0.021645021645021644	4	27	2014	2017	3	23
0.0183982683982684	5	27	2014	2017	3	22
0.010822510822510822	6	27	2014	2017	3	21
0.05627705627705628	7	27	2014	2017	3	20
0.3906926406926407	8	27	2014	2017	3	19
0.2683982683982684	9	27	2014	2017	3	18
0.10930735930735931	10	27	2014	2017	3	17
0.01406926406926407	11	27	2014	2017	3	16
0.004329004329004329	12	27	2014	2017	3	15
0.007575757575757576	13	27	2014	2017	3	14
0.06818181818181818	14	27	2014	2017	3	13
0.015151515151515152	15	27	2014	2017	3	12
0.0021645021645021645	16	27	2014	2017	3	11
0.0	17	27	2014	2017	3	10
0.0	18	27	2014	2017	3	9
0.0	19	27	2014	2017	3	8
0.0	20	27	2014	2017	3	7
0.0	21	27	2014	2017	3	6
0.0	22	27	2014	2017	3	5
0.0	23	27	2014	2017	3	4
0.0	24	27	2014	2017	3	3
0.0	25	27	2014	2017	3	2
0.0	26	27	2014	2017	3	1
0.0	27	27	2014	2017	3	0
0.0	28	27	2014	2017	3	-1
0.0	29	27	2014	2017	3	-2
0.004132231404958678	0	27	2015	2017	2	27
0.0	1	27	2015	2017	2	26
0.0	2	27	2015	2017	2	25
0.0	3	27	2015	2017	2	24
0.01652892561983471	4	27	2015	2017	2	23
0.02066115702479339	5	27	2015	2017	2	22
0.0	6	27	2015	2017	2	21
0.01652892561983471	7	27	2015	2017	2	20
0.2231404958677686	8	27	2015	2017	2	19
0.33884297520661155	9	27	2015	2017	2	18
0.11570247933884298	10	27	2015	2017	2	17
0.05371900826446281	11	27	2015	2017	2	16
0.004132231404958678	12	27	2015	2017	2	15
0.0	13	27	2015	2017	2	14
0.13636363636363635	14	27	2015	2017	2	13
0.049586776859504134	15	27	2015	2017	2	12
0.02066115702479339	16	27	2015	2017	2	11
0.0	17	27	2015	2017	2	10
0.0	18	27	2015	2017	2	9
0.0	19	27	2015	2017	2	8
0.0	20	27	2015	2017	2	7
0.0	21	27	2015	2017	2	6
0.0	22	27	2015	2017	2	5
0.0	23	27	2015	2017	2	4
0.0	24	27	2015	2017	2	3
0.0	25	27	2015	2017	2	2
0.0	26	27	2015	2017	2	1
0.0	27	27	2015	2017	2	0
0.0	28	27	2015	2017	2	-1
0.0	29	27	2015	2017	2	-2
0.0	0	27	2016	2017	1	27
0.0	1	27	2016	2017	1	26
0.0	2	27	2016	2017	1	25
0.0	3	27	2016	2017	1	24
0.02040816326530612	4	27	2016	2017	1	23
0.0	5	27	2016	2017	1	22
0.0	6	27	2016	2017	1	21
0.0	7	27	2016	2017	1	20
0.10204081632653061	8	27	2016	2017	1	19
0.24489795918367346	9	27	2016	2017	1	18
0.04081632653061224	10	27	2016	2017	1	17
0.14285714285714285	11	27	2016	2017	1	16
0.0	12	27	2016	2017	1	15
0.02040816326530612	13	27	2016	2017	1	14
0.22448979591836735	14	27	2016	2017	1	13
0.12244897959183673	15	27	2016	2017	1	12
0.04081632653061224	16	27	2016	2017	1	11
0.0	17	27	2016	2017	1	10
0.0	18	27	2016	2017	1	9
0.02040816326530612	19	27	2016	2017	1	8
0.0	20	27	2016	2017	1	7
0.0	21	27	2016	2017	1	6
0.0	22	27	2016	2017	1	5
0.02040816326530612	23	27	2016	2017	1	4
0.0	24	27	2016	2017	1	3
0.0	25	27	2016	2017	1	2
0.0	26	27	2016	2017	1	1
0.0	27	27	2016	2017	1	0
0.0	28	27	2016	2017	1	-1
0.0	29	27	2016	2017	1	-2
0.0196078431372549	0	27	2017	2017	0	27
0.0	1	27	2017	2017	0	26
0.0	2	27	2017	2017	0	25
0.0	3	27	2017	2017	0	24
0.0	4	27	2017	2017	0	23
0.0	5	27	2017	2017	0	22
0.0	6	27	2017	2017	0	21
0.0	7	27	2017	2017	0	20
0.058823529411764705	8	27	2017	2017	0	19
0.23529411764705882	9	27	2017	2017	0	18
0.058823529411764705	10	27	2017	2017	0	17
0.0196078431372549	11	27	2017	2017	0	16
0.0	12	27	2017	2017	0	15
0.0	13	27	2017	2017	0	14
0.3137254901960784	14	27	2017	2017	0	13
0.11764705882352941	15	27	2017	2017	0	12
0.17647058823529413	16	27	2017	2017	0	11
0.0	17	27	2017	2017	0	10
0.0	18	27	2017	2017	0	9
0.0	19	27	2017	2017	0	8
0.0	20	27	2017	2017	0	7
0.0	21	27	2017	2017	0	6
0.0	22	27	2017	2017	0	5
0.0	23	27	2017	2017	0	4
0.0	24	27	2017	2017	0	3
0.0	25	27	2017	2017	0	2
0.0	26	27	2017	2017	0	1
0.0	27	27	2017	2017	0	0
0.0	28	27	2017	2017	0	-1
0.0	29	27	2017	2017	0	-2
0.0	0	27	2018	2017	-1	27
0.0	1	27	2018	2017	-1	26
0.0	2	27	2018	2017	-1	25
0.0	3	27	2018	2017	-1	24
0.0	4	27	2018	2017	-1	23
0.0	5	27	2018	2017	-1	22
0.0	6	27	2018	2017	-1	21
0.008333333333333333	7	27	2018	2017	-1	20
0.025	8	27	2018	2017	-1	19
0.11666666666666667	9	27	2018	2017	-1	18
0.05	10	27	2018	2017	-1	17
0.008333333333333333	11	27	2018	2017	-1	16
0.0	12	27	2018	2017	-1	15
0.0	13	27	2018	2017	-1	14
0.225	14	27	2018	2017	-1	13
0.21666666666666667	15	27	2018	2017	-1	12
0.25	16	27	2018	2017	-1	11
0.016666666666666666	17	27	2018	2017	-1	10
0.0	18	27	2018	2017	-1	9
0.041666666666666664	19	27	2018	2017	-1	8
0.0	20	27	2018	2017	-1	7
0.025	21	27	2018	2017	-1	6
0.008333333333333333	22	27	2018	2017	-1	5
0.008333333333333333	23	27	2018	2017	-1	4
0.0	24	27	2018	2017	-1	3
0.0	25	27	2018	2017	-1	2
0.0	26	27	2018	2017	-1	1
0.0	27	27	2018	2017	-1	0
0.0	28	27	2018	2017	-1	-1
0.0	29	27	2018	2017	-1	-2
0.0	0	27	2019	2017	-2	27
0.0	1	27	2019	2017	-2	26
0.0	2	27	2019	2017	-2	25
0.0	3	27	2019	2017	-2	24
0.0	4	27	2019	2017	-2	23
0.0	5	27	2019	2017	-2	22
0.0	6	27	2019	2017	-2	21
0.0	7	27	2019	2017	-2	20
0.004484304932735426	8	27	2019	2017	-2	19
0.11659192825112108	9	27	2019	2017	-2	18
0.02242152466367713	10	27	2019	2017	-2	17
0.0	11	27	2019	2017	-2	16
0.004484304932735426	12	27	2019	2017	-2	15
0.0	13	27	2019	2017	-2	14
0.14798206278026907	14	27	2019	2017	-2	13
0.14798206278026907	15	27	2019	2017	-2	12
0.30493273542600896	16	27	2019	2017	-2	11
0.05829596412556054	17	27	2019	2017	-2	10
0.02242152466367713	18	27	2019	2017	-2	9
0.07623318385650224	19	27	2019	2017	-2	8
0.004484304932735426	20	27	2019	2017	-2	7
0.04932735426008968	21	27	2019	2017	-2	6
0.008968609865470852	22	27	2019	2017	-2	5
0.017937219730941704	23	27	2019	2017	-2	4
0.004484304932735426	24	27	2019	2017	-2	3
0.0	25	27	2019	2017	-2	2
0.004484304932735426	26	27	2019	2017	-2	1
0.004484304932735426	27	27	2019	2017	-2	0
0.0	28	27	2019	2017	-2	-1
0.0	29	27	2019	2017	-2	-2
0.0	0	27	2020	2017	-3	27
0.0	1	27	2020	2017	-3	26
0.0	2	27	2020	2017	-3	25
0.0	3	27	2020	2017	-3	24
0.0	4	27	2020	2017	-3	23
0.0	5	27	2020	2017	-3	22
0.0	6	27	2020	2017	-3	21
0.0	7	27	2020	2017	-3	20
0.022222222222222223	8	27	2020	2017	-3	19
0.022222222222222223	9	27	2020	2017	-3	18
0.0	10	27	2020	2017	-3	17
0.0	11	27	2020	2017	-3	16
0.0	12	27	2020	2017	-3	15
0.0	13	27	2020	2017	-3	14
0.044444444444444446	14	27	2020	2017	-3	13
0.37777777777777777	15	27	2020	2017	-3	12
0.13333333333333333	16	27	2020	2017	-3	11
0.0	17	27	2020	2017	-3	10
0.044444444444444446	18	27	2020	2017	-3	9
0.13333333333333333	19	27	2020	2017	-3	8
0.0	20	27	2020	2017	-3	7
0.13333333333333333	21	27	2020	2017	-3	6
0.022222222222222223	22	27	2020	2017	-3	5
0.022222222222222223	23	27	2020	2017	-3	4
0.022222222222222223	24	27	2020	2017	-3	3
0.0	25	27	2020	2017	-3	2
0.0	26	27	2020	2017	-3	1
0.0	27	27	2020	2017	-3	0
0.022222222222222223	28	27	2020	2017	-3	-1
0.0	29	27	2020	2017	-3	-2
0.0	0	27	2021	2017	-4	27
0.0	1	27	2021	2017	-4	26
0.0	2	27	2021	2017	-4	25
0.0	3	27	2021	2017	-4	24
0.0	4	27	2021	2017	-4	23
0.0	5	27	2021	2017	-4	22
0.0	6	27	2021	2017	-4	21
0.0	7	27	2021	2017	-4	20
0.0	8	27	2021	2017	-4	19
0.14285714285714285	9	27	2021	2017	-4	18
0.0	10	27	2021	2017	-4	17
0.14285714285714285	11	27	2021	2017	-4	16
0.0	12	27	2021	2017	-4	15
0.0	13	27	2021	2017	-4	14
0.21428571428571427	14	27	2021	2017	-4	13
0.0	15	27	2021	2017	-4	12
0.07142857142857142	16	27	2021	2017	-4	11
0.0	17	27	2021	2017	-4	10
0.0	18	27	2021	2017	-4	9
0.14285714285714285	19	27	2021	2017	-4	8
0.0	20	27	2021	2017	-4	7
0.21428571428571427	21	27	2021	2017	-4	6
0.0	22	27	2021	2017	-4	5
0.0	23	27	2021	2017	-4	4
0.0	24	27	2021	2017	-4	3
0.0	25	27	2021	2017	-4	2
0.07142857142857142	26	27	2021	2017	-4	1
0.0	27	27	2021	2017	-4	0
0.0	28	27	2021	2017	-4	-1
0.0	29	27	2021	2017	-4	-2
0.0064754856614246065	0	28	2010	2018	8	28
0.020351526364477335	1	28	2010	2018	8	27
0.0018501387604070306	2	28	2010	2018	8	26
0.425531914893617	3	28	2010	2018	8	25
0.19611470860314523	4	28	2010	2018	8	24
0.03885291396854764	5	28	2010	2018	8	23
0.014801110083256245	6	28	2010	2018	8	22
0.07585568917668825	7	28	2010	2018	8	21
0.19796484736355227	8	28	2010	2018	8	20
0.005550416281221091	9	28	2010	2018	8	19
0.0037002775208140612	10	28	2010	2018	8	18
0.0009250693802035153	11	28	2010	2018	8	17
0.0	12	28	2010	2018	8	16
0.0	13	28	2010	2018	8	15
0.008325624421831638	14	28	2010	2018	8	14
0.0009250693802035153	15	28	2010	2018	8	13
0.0	16	28	2010	2018	8	12
0.0	17	28	2010	2018	8	11
0.0	18	28	2010	2018	8	10
0.0018501387604070306	19	28	2010	2018	8	9
0.0	20	28	2010	2018	8	8
0.0	21	28	2010	2018	8	7
0.0	22	28	2010	2018	8	6
0.0	23	28	2010	2018	8	5
0.0	24	28	2010	2018	8	4
0.0	25	28	2010	2018	8	3
0.0	26	28	2010	2018	8	2
0.0	27	28	2010	2018	8	1
0.0009250693802035153	28	28	2010	2018	8	0
0.0	29	28	2010	2018	8	-1
0.006006006006006006	0	28	2011	2018	7	28
0.001001001001001001	1	28	2011	2018	7	27
0.002002002002002002	2	28	2011	2018	7	26
0.11011011011011011	3	28	2011	2018	7	25
0.21421421421421422	4	28	2011	2018	7	24
0.06506506506506507	5	28	2011	2018	7	23
0.02702702702702703	6	28	2011	2018	7	22
0.23423423423423423	7	28	2011	2018	7	21
0.3123123123123123	8	28	2011	2018	7	20
0.011011011011011011	9	28	2011	2018	7	19
0.004004004004004004	10	28	2011	2018	7	18
0.001001001001001001	11	28	2011	2018	7	17
0.0	12	28	2011	2018	7	16
0.0	13	28	2011	2018	7	15
0.001001001001001001	14	28	2011	2018	7	14
0.001001001001001001	15	28	2011	2018	7	13
0.006006006006006006	16	28	2011	2018	7	12
0.0	17	28	2011	2018	7	11
0.0	18	28	2011	2018	7	10
0.002002002002002002	19	28	2011	2018	7	9
0.0	20	28	2011	2018	7	8
0.0	21	28	2011	2018	7	7
0.0	22	28	2011	2018	7	6
0.001001001001001001	23	28	2011	2018	7	5
0.0	24	28	2011	2018	7	4
0.0	25	28	2011	2018	7	3
0.0	26	28	2011	2018	7	2
0.001001001001001001	27	28	2011	2018	7	1
0.0	28	28	2011	2018	7	0
0.0	29	28	2011	2018	7	-1
0.0018484288354898336	0	28	2012	2018	6	28
0.0018484288354898336	1	28	2012	2018	6	27
0.0012322858903265558	2	28	2012	2018	6	26
0.04805914972273567	3	28	2012	2018	6	25
0.17067159581022798	4	28	2012	2018	6	24
0.03758471965495995	5	28	2012	2018	6	23
0.014171287738755391	6	28	2012	2018	6	22
0.2674060382008626	7	28	2012	2018	6	21
0.4208256315465188	8	28	2012	2018	6	20
0.014787430683918669	9	28	2012	2018	6	19
0.017868145409735057	10	28	2012	2018	6	18
0.0012322858903265558	11	28	2012	2018	6	17
0.0006161429451632779	12	28	2012	2018	6	16
0.0	13	28	2012	2018	6	15
0.0012322858903265558	14	28	2012	2018	6	14
0.0006161429451632779	15	28	2012	2018	6	13
0.0	16	28	2012	2018	6	12
0.0	17	28	2012	2018	6	11
0.0	18	28	2012	2018	6	10
0.0	19	28	2012	2018	6	9
0.0	20	28	2012	2018	6	8
0.0	21	28	2012	2018	6	7
0.0	22	28	2012	2018	6	6
0.0	23	28	2012	2018	6	5
0.0	24	28	2012	2018	6	4
0.0	25	28	2012	2018	6	3
0.0	26	28	2012	2018	6	2
0.0	27	28	2012	2018	6	1
0.0	28	28	2012	2018	6	0
0.0	29	28	2012	2018	6	-1
0.0015313935681470138	0	28	2013	2018	5	28
0.0015313935681470138	1	28	2013	2018	5	27
0.0007656967840735069	2	28	2013	2018	5	26
0.01761102603369066	3	28	2013	2018	5	25
0.07120980091883614	4	28	2013	2018	5	24
0.03828483920367534	5	28	2013	2018	5	23
0.01761102603369066	6	28	2013	2018	5	22
0.22052067381316998	7	28	2013	2018	5	21
0.4777947932618683	8	28	2013	2018	5	20
0.062021439509954056	9	28	2013	2018	5	19
0.05742725880551302	10	28	2013	2018	5	18
0.009954058192955589	11	28	2013	2018	5	17
0.0007656967840735069	12	28	2013	2018	5	16
0.005359877488514548	13	28	2013	2018	5	15
0.009188361408882083	14	28	2013	2018	5	14
0.006891271056661562	15	28	2013	2018	5	13
0.0007656967840735069	16	28	2013	2018	5	12
0.0	17	28	2013	2018	5	11
0.0	18	28	2013	2018	5	10
0.0	19	28	2013	2018	5	9
0.0	20	28	2013	2018	5	8
0.0007656967840735069	21	28	2013	2018	5	7
0.0	22	28	2013	2018	5	6
0.0	23	28	2013	2018	5	5
0.0	24	28	2013	2018	5	4
0.0	25	28	2013	2018	5	3
0.0	26	28	2013	2018	5	2
0.0	27	28	2013	2018	5	1
0.0	28	28	2013	2018	5	0
0.0	29	28	2013	2018	5	-1
0.004789272030651341	0	28	2014	2018	4	28
0.0	1	28	2014	2018	4	27
0.0	2	28	2014	2018	4	26
0.007662835249042145	3	28	2014	2018	4	25
0.019157088122605363	4	28	2014	2018	4	24
0.016283524904214558	5	28	2014	2018	4	23
0.009578544061302681	6	28	2014	2018	4	22
0.05842911877394636	7	28	2014	2018	4	21
0.3975095785440613	8	28	2014	2018	4	20
0.26053639846743293	9	28	2014	2018	4	19
0.10919540229885058	10	28	2014	2018	4	18
0.017241379310344827	11	28	2014	2018	4	17
0.004789272030651341	12	28	2014	2018	4	16
0.008620689655172414	13	28	2014	2018	4	15
0.06896551724137931	14	28	2014	2018	4	14
0.01532567049808429	15	28	2014	2018	4	13
0.0019157088122605363	16	28	2014	2018	4	12
0.0	17	28	2014	2018	4	11
0.0	18	28	2014	2018	4	10
0.0	19	28	2014	2018	4	9
0.0	20	28	2014	2018	4	8
0.0	21	28	2014	2018	4	7
0.0	22	28	2014	2018	4	6
0.0	23	28	2014	2018	4	5
0.0	24	28	2014	2018	4	4
0.0	25	28	2014	2018	4	3
0.0	26	28	2014	2018	4	2
0.0	27	28	2014	2018	4	1
0.0	28	28	2014	2018	4	0
0.0	29	28	2014	2018	4	-1
0.002162162162162162	0	28	2015	2018	3	28
0.001081081081081081	1	28	2015	2018	3	27
0.0	2	28	2015	2018	3	26
0.002162162162162162	3	28	2015	2018	3	25
0.014054054054054054	4	28	2015	2018	3	24
0.012972972972972972	5	28	2015	2018	3	23
0.003243243243243243	6	28	2015	2018	3	22
0.03027027027027027	7	28	2015	2018	3	21
0.21405405405405406	8	28	2015	2018	3	20
0.31891891891891894	9	28	2015	2018	3	19
0.12756756756756757	10	28	2015	2018	3	18
0.06702702702702702	11	28	2015	2018	3	17
0.003243243243243243	12	28	2015	2018	3	16
0.005405405405405406	13	28	2015	2018	3	15
0.11891891891891893	14	28	2015	2018	3	14
0.05081081081081081	15	28	2015	2018	3	13
0.024864864864864864	16	28	2015	2018	3	12
0.002162162162162162	17	28	2015	2018	3	11
0.0	18	28	2015	2018	3	10
0.001081081081081081	19	28	2015	2018	3	9
0.0	20	28	2015	2018	3	8
0.0	21	28	2015	2018	3	7
0.0	22	28	2015	2018	3	6
0.0	23	28	2015	2018	3	5
0.0	24	28	2015	2018	3	4
0.0	25	28	2015	2018	3	3
0.0	26	28	2015	2018	3	2
0.0	27	28	2015	2018	3	1
0.0	28	28	2015	2018	3	0
0.0	29	28	2015	2018	3	-1
0.0060790273556231	0	28	2016	2018	2	28
0.0	1	28	2016	2018	2	27
0.0	2	28	2016	2018	2	26
0.00303951367781155	3	28	2016	2018	2	25
0.00911854103343465	4	28	2016	2018	2	24
0.0060790273556231	5	28	2016	2018	2	23
0.0	6	28	2016	2018	2	22
0.02127659574468085	7	28	2016	2018	2	21
0.08206686930091185	8	28	2016	2018	2	20
0.2765957446808511	9	28	2016	2018	2	19
0.06990881458966565	10	28	2016	2018	2	18
0.06382978723404255	11	28	2016	2018	2	17
0.00303951367781155	12	28	2016	2018	2	16
0.00911854103343465	13	28	2016	2018	2	15
0.2553191489361702	14	28	2016	2018	2	14
0.12462006079027356	15	28	2016	2018	2	13
0.060790273556231005	16	28	2016	2018	2	12
0.0	17	28	2016	2018	2	11
0.0	18	28	2016	2018	2	10
0.0060790273556231	19	28	2016	2018	2	9
0.0	20	28	2016	2018	2	8
0.0	21	28	2016	2018	2	7
0.0	22	28	2016	2018	2	6
0.00303951367781155	23	28	2016	2018	2	5
0.0	24	28	2016	2018	2	4
0.0	25	28	2016	2018	2	3
0.0	26	28	2016	2018	2	2
0.0	27	28	2016	2018	2	1
0.0	28	28	2016	2018	2	0
0.0	29	28	2016	2018	2	-1
0.014970059880239521	0	28	2017	2018	1	28
0.0	1	28	2017	2018	1	27
0.0	2	28	2017	2018	1	26
0.0029940119760479044	3	28	2017	2018	1	25
0.0	4	28	2017	2018	1	24
0.0	5	28	2017	2018	1	23
0.0	6	28	2017	2018	1	22
0.014970059880239521	7	28	2017	2018	1	21
0.041916167664670656	8	28	2017	2018	1	20
0.15868263473053892	9	28	2017	2018	1	19
0.0688622754491018	10	28	2017	2018	1	18
0.04790419161676647	11	28	2017	2018	1	17
0.0	12	28	2017	2018	1	16
0.0029940119760479044	13	28	2017	2018	1	15
0.26047904191616766	14	28	2017	2018	1	14
0.16167664670658682	15	28	2017	2018	1	13
0.2245508982035928	16	28	2017	2018	1	12
0.0	17	28	2017	2018	1	11
0.0	18	28	2017	2018	1	10
0.0	19	28	2017	2018	1	9
0.0	20	28	2017	2018	1	8
0.0	21	28	2017	2018	1	7
0.0	22	28	2017	2018	1	6
0.0	23	28	2017	2018	1	5
0.0	24	28	2017	2018	1	4
0.0	25	28	2017	2018	1	3
0.0	26	28	2017	2018	1	2
0.0	27	28	2017	2018	1	1
0.0	28	28	2017	2018	1	0
0.0	29	28	2017	2018	1	-1
0.0	0	28	2018	2018	0	28
0.0	1	28	2018	2018	0	27
0.0	2	28	2018	2018	0	26
0.0	3	28	2018	2018	0	25
0.0010559662090813093	4	28	2018	2018	0	24
0.0	5	28	2018	2018	0	23
0.0	6	28	2018	2018	0	22
0.006335797254487857	7	28	2018	2018	0	21
0.011615628299894404	8	28	2018	2018	0	20
0.12249208025343189	9	28	2018	2018	0	19
0.0454065469904963	10	28	2018	2018	0	18
0.008447729672650475	11	28	2018	2018	0	17
0.0021119324181626186	12	28	2018	2018	0	16
0.0010559662090813093	13	28	2018	2018	0	15
0.1890179514255544	14	28	2018	2018	0	14
0.235480464625132	15	28	2018	2018	0	13
0.24392819429778248	16	28	2018	2018	0	12
0.01795142555438226	17	28	2018	2018	0	11
0.010559662090813094	18	28	2018	2018	0	10
0.061246040126715945	19	28	2018	2018	0	9
0.0	20	28	2018	2018	0	8
0.026399155227032733	21	28	2018	2018	0	7
0.0031678986272439284	22	28	2018	2018	0	6
0.009503695881731784	23	28	2018	2018	0	5
0.0010559662090813093	24	28	2018	2018	0	4
0.0	25	28	2018	2018	0	3
0.0031678986272439284	26	28	2018	2018	0	2
0.0	27	28	2018	2018	0	1
0.0	28	28	2018	2018	0	0
0.0	29	28	2018	2018	0	-1
0.002976190476190476	0	28	2019	2018	-1	28
0.0	1	28	2019	2018	-1	27
0.0	2	28	2019	2018	-1	26
0.0	3	28	2019	2018	-1	25
0.0	4	28	2019	2018	-1	24
0.0	5	28	2019	2018	-1	23
0.0	6	28	2019	2018	-1	22
0.000992063492063492	7	28	2019	2018	-1	21
0.006944444444444444	8	28	2019	2018	-1	20
0.07936507936507936	9	28	2019	2018	-1	19
0.027777777777777776	10	28	2019	2018	-1	18
0.002976190476190476	11	28	2019	2018	-1	17
0.006944444444444444	12	28	2019	2018	-1	16
0.002976190476190476	13	28	2019	2018	-1	15
0.10714285714285714	14	28	2019	2018	-1	14
0.15476190476190477	15	28	2019	2018	-1	13
0.3273809523809524	16	28	2019	2018	-1	12
0.03571428571428571	17	28	2019	2018	-1	11
0.016865079365079364	18	28	2019	2018	-1	10
0.11904761904761904	19	28	2019	2018	-1	9
0.00496031746031746	20	28	2019	2018	-1	8
0.06845238095238096	21	28	2019	2018	-1	7
0.011904761904761904	22	28	2019	2018	-1	6
0.017857142857142856	23	28	2019	2018	-1	5
0.000992063492063492	24	28	2019	2018	-1	4
0.0	25	28	2019	2018	-1	3
0.002976190476190476	26	28	2019	2018	-1	2
0.000992063492063492	27	28	2019	2018	-1	1
0.0	28	28	2019	2018	-1	0
0.0	29	28	2019	2018	-1	-1
0.005405405405405406	0	28	2020	2018	-2	28
0.0	1	28	2020	2018	-2	27
0.0	2	28	2020	2018	-2	26
0.0	3	28	2020	2018	-2	25
0.0	4	28	2020	2018	-2	24
0.0	5	28	2020	2018	-2	23
0.0	6	28	2020	2018	-2	22
0.0	7	28	2020	2018	-2	21
0.016216216216216217	8	28	2020	2018	-2	20
0.043243243243243246	9	28	2020	2018	-2	19
0.0	10	28	2020	2018	-2	18
0.0	11	28	2020	2018	-2	17
0.0	12	28	2020	2018	-2	16
0.0	13	28	2020	2018	-2	15
0.03783783783783784	14	28	2020	2018	-2	14
0.2810810810810811	15	28	2020	2018	-2	13
0.15675675675675677	16	28	2020	2018	-2	12
0.032432432432432434	17	28	2020	2018	-2	11
0.02702702702702703	18	28	2020	2018	-2	10
0.1891891891891892	19	28	2020	2018	-2	9
0.0	20	28	2020	2018	-2	8
0.17297297297297298	21	28	2020	2018	-2	7
0.005405405405405406	22	28	2020	2018	-2	6
0.021621621621621623	23	28	2020	2018	-2	5
0.0	24	28	2020	2018	-2	4
0.0	25	28	2020	2018	-2	3
0.0	26	28	2020	2018	-2	2
0.005405405405405406	27	28	2020	2018	-2	1
0.005405405405405406	28	28	2020	2018	-2	0
0.0	29	28	2020	2018	-2	-1
0.0	0	28	2021	2018	-3	28
0.0	1	28	2021	2018	-3	27
0.0	2	28	2021	2018	-3	26
0.0	3	28	2021	2018	-3	25
0.0	4	28	2021	2018	-3	24
0.0	5	28	2021	2018	-3	23
0.0	6	28	2021	2018	-3	22
0.0	7	28	2021	2018	-3	21
0.00980392156862745	8	28	2021	2018	-3	20
0.014705882352941176	9	28	2021	2018	-3	19
0.004901960784313725	10	28	2021	2018	-3	18
0.00980392156862745	11	28	2021	2018	-3	17
0.0	12	28	2021	2018	-3	16
0.0	13	28	2021	2018	-3	15
0.05392156862745098	14	28	2021	2018	-3	14
0.024509803921568627	15	28	2021	2018	-3	13
0.08333333333333333	16	28	2021	2018	-3	12
0.00980392156862745	17	28	2021	2018	-3	11
0.029411764705882353	18	28	2021	2018	-3	10
0.24509803921568626	19	28	2021	2018	-3	9
0.004901960784313725	20	28	2021	2018	-3	8
0.3627450980392157	21	28	2021	2018	-3	7
0.024509803921568627	22	28	2021	2018	-3	6
0.0196078431372549	23	28	2021	2018	-3	5
0.029411764705882353	24	28	2021	2018	-3	4
0.0	25	28	2021	2018	-3	3
0.07352941176470588	26	28	2021	2018	-3	2
0.0	27	28	2021	2018	-3	1
0.0	28	28	2021	2018	-3	0
0.0	29	28	2021	2018	-3	-1
0.0064754856614246065	0	29	2010	2019	9	29
0.020351526364477335	1	29	2010	2019	9	28
0.0018501387604070306	2	29	2010	2019	9	27
0.425531914893617	3	29	2010	2019	9	26
0.19611470860314523	4	29	2010	2019	9	25
0.03885291396854764	5	29	2010	2019	9	24
0.014801110083256245	6	29	2010	2019	9	23
0.07585568917668825	7	29	2010	2019	9	22
0.19796484736355227	8	29	2010	2019	9	21
0.005550416281221091	9	29	2010	2019	9	20
0.0037002775208140612	10	29	2010	2019	9	19
0.0009250693802035153	11	29	2010	2019	9	18
0.0	12	29	2010	2019	9	17
0.0	13	29	2010	2019	9	16
0.008325624421831638	14	29	2010	2019	9	15
0.0009250693802035153	15	29	2010	2019	9	14
0.0	16	29	2010	2019	9	13
0.0	17	29	2010	2019	9	12
0.0	18	29	2010	2019	9	11
0.0018501387604070306	19	29	2010	2019	9	10
0.0	20	29	2010	2019	9	9
0.0	21	29	2010	2019	9	8
0.0	22	29	2010	2019	9	7
0.0	23	29	2010	2019	9	6
0.0	24	29	2010	2019	9	5
0.0	25	29	2010	2019	9	4
0.0	26	29	2010	2019	9	3
0.0	27	29	2010	2019	9	2
0.0009250693802035153	28	29	2010	2019	9	1
0.0	29	29	2010	2019	9	0
0.006091370558375634	0	29	2011	2019	8	29
0.0010152284263959391	1	29	2011	2019	8	28
0.0020304568527918783	2	29	2011	2019	8	27
0.11065989847715736	3	29	2011	2019	8	26
0.2152284263959391	4	29	2011	2019	8	25
0.06598984771573604	5	29	2011	2019	8	24
0.027411167512690356	6	29	2011	2019	8	23
0.23451776649746192	7	29	2011	2019	8	22
0.3096446700507614	8	29	2011	2019	8	21
0.01116751269035533	9	29	2011	2019	8	20
0.0040609137055837565	10	29	2011	2019	8	19
0.0010152284263959391	11	29	2011	2019	8	18
0.0	12	29	2011	2019	8	17
0.0	13	29	2011	2019	8	16
0.0010152284263959391	14	29	2011	2019	8	15
0.0010152284263959391	15	29	2011	2019	8	14
0.005076142131979695	16	29	2011	2019	8	13
0.0	17	29	2011	2019	8	12
0.0	18	29	2011	2019	8	11
0.0020304568527918783	19	29	2011	2019	8	10
0.0	20	29	2011	2019	8	9
0.0	21	29	2011	2019	8	8
0.0	22	29	2011	2019	8	7
0.0010152284263959391	23	29	2011	2019	8	6
0.0	24	29	2011	2019	8	5
0.0	25	29	2011	2019	8	4
0.0	26	29	2011	2019	8	3
0.0010152284263959391	27	29	2011	2019	8	2
0.0	28	29	2011	2019	8	1
0.0	29	29	2011	2019	8	0
0.0018484288354898336	0	29	2012	2019	7	29
0.0018484288354898336	1	29	2012	2019	7	28
0.0012322858903265558	2	29	2012	2019	7	27
0.04805914972273567	3	29	2012	2019	7	26
0.17128773875539124	4	29	2012	2019	7	25
0.03758471965495995	5	29	2012	2019	7	24
0.014171287738755391	6	29	2012	2019	7	23
0.26678989525569935	7	29	2012	2019	7	22
0.4208256315465188	8	29	2012	2019	7	21
0.014787430683918669	9	29	2012	2019	7	20
0.017868145409735057	10	29	2012	2019	7	19
0.0012322858903265558	11	29	2012	2019	7	18
0.0006161429451632779	12	29	2012	2019	7	17
0.0	13	29	2012	2019	7	16
0.0012322858903265558	14	29	2012	2019	7	15
0.0006161429451632779	15	29	2012	2019	7	14
0.0	16	29	2012	2019	7	13
0.0	17	29	2012	2019	7	12
0.0	18	29	2012	2019	7	11
0.0	19	29	2012	2019	7	10
0.0	20	29	2012	2019	7	9
0.0	21	29	2012	2019	7	8
0.0	22	29	2012	2019	7	7
0.0	23	29	2012	2019	7	6
0.0	24	29	2012	2019	7	5
0.0	25	29	2012	2019	7	4
0.0	26	29	2012	2019	7	3
0.0	27	29	2012	2019	7	2
0.0	28	29	2012	2019	7	1
0.0	29	29	2012	2019	7	0
0.0015186028853454822	0	29	2013	2019	6	29
0.0015186028853454822	1	29	2013	2019	6	28
0.0007593014426727411	2	29	2013	2019	6	27
0.017463933181473046	3	29	2013	2019	6	26
0.0721336370539104	4	29	2013	2019	6	25
0.037965072133637055	5	29	2013	2019	6	24
0.018223234624145785	6	29	2013	2019	6	23
0.21943811693242218	7	29	2013	2019	6	22
0.4753227031131359	8	29	2013	2019	6	21
0.0630220197418375	9	29	2013	2019	6	20
0.058466211085801065	10	29	2013	2019	6	19
0.009870918754745633	11	29	2013	2019	6	18
0.0007593014426727411	12	29	2013	2019	6	17
0.005315110098709187	13	29	2013	2019	6	16
0.009870918754745633	14	29	2013	2019	6	15
0.00683371298405467	15	29	2013	2019	6	14
0.0007593014426727411	16	29	2013	2019	6	13
0.0	17	29	2013	2019	6	12
0.0	18	29	2013	2019	6	11
0.0	19	29	2013	2019	6	10
0.0	20	29	2013	2019	6	9
0.0007593014426727411	21	29	2013	2019	6	8
0.0	22	29	2013	2019	6	7
0.0	23	29	2013	2019	6	6
0.0	24	29	2013	2019	6	5
0.0	25	29	2013	2019	6	4
0.0	26	29	2013	2019	6	3
0.0	27	29	2013	2019	6	2
0.0	28	29	2013	2019	6	1
0.0	29	29	2013	2019	6	0
0.004789272030651341	0	29	2014	2019	5	29
0.0	1	29	2014	2019	5	28
0.0	2	29	2014	2019	5	27
0.007662835249042145	3	29	2014	2019	5	26
0.019157088122605363	4	29	2014	2019	5	25
0.016283524904214558	5	29	2014	2019	5	24
0.009578544061302681	6	29	2014	2019	5	23
0.05842911877394636	7	29	2014	2019	5	22
0.3975095785440613	8	29	2014	2019	5	21
0.26053639846743293	9	29	2014	2019	5	20
0.10919540229885058	10	29	2014	2019	5	19
0.017241379310344827	11	29	2014	2019	5	18
0.004789272030651341	12	29	2014	2019	5	17
0.008620689655172414	13	29	2014	2019	5	16
0.06896551724137931	14	29	2014	2019	5	15
0.01532567049808429	15	29	2014	2019	5	14
0.0019157088122605363	16	29	2014	2019	5	13
0.0	17	29	2014	2019	5	12
0.0	18	29	2014	2019	5	11
0.0	19	29	2014	2019	5	10
0.0	20	29	2014	2019	5	9
0.0	21	29	2014	2019	5	8
0.0	22	29	2014	2019	5	7
0.0	23	29	2014	2019	5	6
0.0	24	29	2014	2019	5	5
0.0	25	29	2014	2019	5	4
0.0	26	29	2014	2019	5	3
0.0	27	29	2014	2019	5	2
0.0	28	29	2014	2019	5	1
0.0	29	29	2014	2019	5	0
0.0021645021645021645	0	29	2015	2019	4	29
0.0010822510822510823	1	29	2015	2019	4	28
0.0	2	29	2015	2019	4	27
0.0021645021645021645	3	29	2015	2019	4	26
0.01406926406926407	4	29	2015	2019	4	25
0.012987012987012988	5	29	2015	2019	4	24
0.003246753246753247	6	29	2015	2019	4	23
0.030303030303030304	7	29	2015	2019	4	22
0.2132034632034632	8	29	2015	2019	4	21
0.31926406926406925	9	29	2015	2019	4	20
0.1277056277056277	10	29	2015	2019	4	19
0.0670995670995671	11	29	2015	2019	4	18
0.003246753246753247	12	29	2015	2019	4	17
0.005411255411255411	13	29	2015	2019	4	16
0.11904761904761904	14	29	2015	2019	4	15
0.050865800865800864	15	29	2015	2019	4	14
0.024891774891774892	16	29	2015	2019	4	13
0.0021645021645021645	17	29	2015	2019	4	12
0.0	18	29	2015	2019	4	11
0.0010822510822510823	19	29	2015	2019	4	10
0.0	20	29	2015	2019	4	9
0.0	21	29	2015	2019	4	8
0.0	22	29	2015	2019	4	7
0.0	23	29	2015	2019	4	6
0.0	24	29	2015	2019	4	5
0.0	25	29	2015	2019	4	4
0.0	26	29	2015	2019	4	3
0.0	27	29	2015	2019	4	2
0.0	28	29	2015	2019	4	1
0.0	29	29	2015	2019	4	0
0.006024096385542169	0	29	2016	2019	3	29
0.0	1	29	2016	2019	3	28
0.0	2	29	2016	2019	3	27
0.0030120481927710845	3	29	2016	2019	3	26
0.009036144578313253	4	29	2016	2019	3	25
0.006024096385542169	5	29	2016	2019	3	24
0.0	6	29	2016	2019	3	23
0.02108433734939759	7	29	2016	2019	3	22
0.08433734939759036	8	29	2016	2019	3	21
0.2710843373493976	9	29	2016	2019	3	20
0.06927710843373494	10	29	2016	2019	3	19
0.06325301204819277	11	29	2016	2019	3	18
0.0030120481927710845	12	29	2016	2019	3	17
0.009036144578313253	13	29	2016	2019	3	16
0.25301204819277107	14	29	2016	2019	3	15
0.12951807228915663	15	29	2016	2019	3	14
0.06325301204819277	16	29	2016	2019	3	13
0.0	17	29	2016	2019	3	12
0.0	18	29	2016	2019	3	11
0.006024096385542169	19	29	2016	2019	3	10
0.0	20	29	2016	2019	3	9
0.0	21	29	2016	2019	3	8
0.0	22	29	2016	2019	3	7
0.0030120481927710845	23	29	2016	2019	3	6
0.0	24	29	2016	2019	3	5
0.0	25	29	2016	2019	3	4
0.0	26	29	2016	2019	3	3
0.0	27	29	2016	2019	3	2
0.0	28	29	2016	2019	3	1
0.0	29	29	2016	2019	3	0
0.014970059880239521	0	29	2017	2019	2	29
0.0	1	29	2017	2019	2	28
0.0	2	29	2017	2019	2	27
0.0029940119760479044	3	29	2017	2019	2	26
0.0	4	29	2017	2019	2	25
0.0	5	29	2017	2019	2	24
0.0	6	29	2017	2019	2	23
0.014970059880239521	7	29	2017	2019	2	22
0.041916167664670656	8	29	2017	2019	2	21
0.15868263473053892	9	29	2017	2019	2	20
0.0688622754491018	10	29	2017	2019	2	19
0.04790419161676647	11	29	2017	2019	2	18
0.0	12	29	2017	2019	2	17
0.0029940119760479044	13	29	2017	2019	2	16
0.26047904191616766	14	29	2017	2019	2	15
0.16167664670658682	15	29	2017	2019	2	14
0.2245508982035928	16	29	2017	2019	2	13
0.0	17	29	2017	2019	2	12
0.0	18	29	2017	2019	2	11
0.0	19	29	2017	2019	2	10
0.0	20	29	2017	2019	2	9
0.0	21	29	2017	2019	2	8
0.0	22	29	2017	2019	2	7
0.0	23	29	2017	2019	2	6
0.0	24	29	2017	2019	2	5
0.0	25	29	2017	2019	2	4
0.0	26	29	2017	2019	2	3
0.0	27	29	2017	2019	2	2
0.0	28	29	2017	2019	2	1
0.0	29	29	2017	2019	2	0
0.0	0	29	2018	2019	1	29
0.0	1	29	2018	2019	1	28
0.0	2	29	2018	2019	1	27
0.0	3	29	2018	2019	1	26
0.0010559662090813093	4	29	2018	2019	1	25
0.0	5	29	2018	2019	1	24
0.0	6	29	2018	2019	1	23
0.006335797254487857	7	29	2018	2019	1	22
0.011615628299894404	8	29	2018	2019	1	21
0.12249208025343189	9	29	2018	2019	1	20
0.0454065469904963	10	29	2018	2019	1	19
0.008447729672650475	11	29	2018	2019	1	18
0.0021119324181626186	12	29	2018	2019	1	17
0.0010559662090813093	13	29	2018	2019	1	16
0.1890179514255544	14	29	2018	2019	1	15
0.235480464625132	15	29	2018	2019	1	14
0.24392819429778248	16	29	2018	2019	1	13
0.01795142555438226	17	29	2018	2019	1	12
0.010559662090813094	18	29	2018	2019	1	11
0.061246040126715945	19	29	2018	2019	1	10
0.0	20	29	2018	2019	1	9
0.026399155227032733	21	29	2018	2019	1	8
0.0031678986272439284	22	29	2018	2019	1	7
0.009503695881731784	23	29	2018	2019	1	6
0.0010559662090813093	24	29	2018	2019	1	5
0.0	25	29	2018	2019	1	4
0.0031678986272439284	26	29	2018	2019	1	3
0.0	27	29	2018	2019	1	2
0.0	28	29	2018	2019	1	1
0.0	29	29	2018	2019	1	0
0.002982107355864811	0	29	2019	2019	0	29
0.0	1	29	2019	2019	0	28
0.0	2	29	2019	2019	0	27
0.0	3	29	2019	2019	0	26
0.0	4	29	2019	2019	0	25
0.0	5	29	2019	2019	0	24
0.0	6	29	2019	2019	0	23
0.0009940357852882703	7	29	2019	2019	0	22
0.006958250497017893	8	29	2019	2019	0	21
0.07952286282306163	9	29	2019	2019	0	20
0.027833001988071572	10	29	2019	2019	0	19
0.002982107355864811	11	29	2019	2019	0	18
0.006958250497017893	12	29	2019	2019	0	17
0.002982107355864811	13	29	2019	2019	0	16
0.10636182902584493	14	29	2019	2019	0	15
0.1550695825049702	15	29	2019	2019	0	14
0.32803180914512925	16	29	2019	2019	0	13
0.03479125248508946	17	29	2019	2019	0	12
0.016898608349900597	18	29	2019	2019	0	11
0.11928429423459244	19	29	2019	2019	0	10
0.004970178926441352	20	29	2019	2019	0	9
0.06858846918489066	21	29	2019	2019	0	8
0.011928429423459244	22	29	2019	2019	0	7
0.017892644135188866	23	29	2019	2019	0	6
0.0009940357852882703	24	29	2019	2019	0	5
0.0	25	29	2019	2019	0	4
0.002982107355864811	26	29	2019	2019	0	3
0.0009940357852882703	27	29	2019	2019	0	2
0.0	28	29	2019	2019	0	1
0.0	29	29	2019	2019	0	0
0.005405405405405406	0	29	2020	2019	-1	29
0.0	1	29	2020	2019	-1	28
0.0	2	29	2020	2019	-1	27
0.0	3	29	2020	2019	-1	26
0.0	4	29	2020	2019	-1	25
0.0	5	29	2020	2019	-1	24
0.0	6	29	2020	2019	-1	23
0.0	7	29	2020	2019	-1	22
0.016216216216216217	8	29	2020	2019	-1	21
0.043243243243243246	9	29	2020	2019	-1	20
0.0	10	29	2020	2019	-1	19
0.0	11	29	2020	2019	-1	18
0.0	12	29	2020	2019	-1	17
0.0	13	29	2020	2019	-1	16
0.03783783783783784	14	29	2020	2019	-1	15
0.2810810810810811	15	29	2020	2019	-1	14
0.15675675675675677	16	29	2020	2019	-1	13
0.032432432432432434	17	29	2020	2019	-1	12
0.02702702702702703	18	29	2020	2019	-1	11
0.1891891891891892	19	29	2020	2019	-1	10
0.0	20	29	2020	2019	-1	9
0.17297297297297298	21	29	2020	2019	-1	8
0.005405405405405406	22	29	2020	2019	-1	7
0.021621621621621623	23	29	2020	2019	-1	6
0.0	24	29	2020	2019	-1	5
0.0	25	29	2020	2019	-1	4
0.0	26	29	2020	2019	-1	3
0.005405405405405406	27	29	2020	2019	-1	2
0.005405405405405406	28	29	2020	2019	-1	1
0.0	29	29	2020	2019	-1	0
0.0	0	29	2021	2019	-2	29
0.0	1	29	2021	2019	-2	28
0.0	2	29	2021	2019	-2	27
0.0	3	29	2021	2019	-2	26
0.0	4	29	2021	2019	-2	25
0.0	5	29	2021	2019	-2	24
0.0	6	29	2021	2019	-2	23
0.0	7	29	2021	2019	-2	22
0.00980392156862745	8	29	2021	2019	-2	21
0.014705882352941176	9	29	2021	2019	-2	20
0.004901960784313725	10	29	2021	2019	-2	19
0.00980392156862745	11	29	2021	2019	-2	18
0.0	12	29	2021	2019	-2	17
0.0	13	29	2021	2019	-2	16
0.05392156862745098	14	29	2021	2019	-2	15
0.024509803921568627	15	29	2021	2019	-2	14
0.08333333333333333	16	29	2021	2019	-2	13
0.00980392156862745	17	29	2021	2019	-2	12
0.029411764705882353	18	29	2021	2019	-2	11
0.24509803921568626	19	29	2021	2019	-2	10
0.004901960784313725	20	29	2021	2019	-2	9
0.3627450980392157	21	29	2021	2019	-2	8
0.024509803921568627	22	29	2021	2019	-2	7
0.0196078431372549	23	29	2021	2019	-2	6
0.029411764705882353	24	29	2021	2019	-2	5
0.0	25	29	2021	2019	-2	4
0.07352941176470588	26	29	2021	2019	-2	3
0.0	27	29	2021	2019	-2	2
0.0	28	29	2021	2019	-2	1
0.0	29	29	2021	2019	-2	0
