failure rate	min sdk	api level	year	api's year	api-year	api-min
0.0	0	19	2010	2013	3	19
0.037383177570093455	1	19	2010	2013	3	18
0.028037383177570093	2	19	2010	2013	3	17
0.6728971962616822	3	19	2010	2013	3	16
0.1308411214953271	4	19	2010	2013	3	15
0.028037383177570093	5	19	2010	2013	3	14
0.0	6	19	2010	2013	3	13
0.037383177570093455	7	19	2010	2013	3	12
0.009345794392523364	8	19	2010	2013	3	11
0.018691588785046728	9	19	2010	2013	3	10
0.018691588785046728	10	19	2010	2013	3	9
0.0	11	19	2010	2013	3	8
0.0	12	19	2010	2013	3	7
0.0	13	19	2010	2013	3	6
0.009345794392523364	14	19	2010	2013	3	5
0.0	15	19	2010	2013	3	4
0.0	16	19	2010	2013	3	3
0.0	17	19	2010	2013	3	2
0.0	18	19	2010	2013	3	1
0.009345794392523364	19	19	2010	2013	3	0
0.0	20	19	2010	2013	3	-1
0.0	21	19	2010	2013	3	-2
0.0	22	19	2010	2013	3	-3
0.0	23	19	2010	2013	3	-4
0.0	24	19	2010	2013	3	-5
0.0	25	19	2010	2013	3	-6
0.0	26	19	2010	2013	3	-7
0.0	27	19	2010	2013	3	-8
0.0	28	19	2010	2013	3	-9
0.0	29	19	2010	2013	3	-10
0.0	0	19	2011	2013	2	19
0.0	1	19	2011	2013	2	18
0.0	2	19	2011	2013	2	17
0.0	3	19	2011	2013	2	16
1.0	4	19	2011	2013	2	15
0.0	5	19	2011	2013	2	14
0.0	6	19	2011	2013	2	13
0.0	7	19	2011	2013	2	12
0.0	8	19	2011	2013	2	11
0.0	9	19	2011	2013	2	10
0.0	10	19	2011	2013	2	9
0.0	11	19	2011	2013	2	8
0.0	12	19	2011	2013	2	7
0.0	13	19	2011	2013	2	6
0.0	14	19	2011	2013	2	5
0.0	15	19	2011	2013	2	4
0.0	16	19	2011	2013	2	3
0.0	17	19	2011	2013	2	2
0.0	18	19	2011	2013	2	1
0.0	19	19	2011	2013	2	0
0.0	20	19	2011	2013	2	-1
0.0	21	19	2011	2013	2	-2
0.0	22	19	2011	2013	2	-3
0.0	23	19	2011	2013	2	-4
0.0	24	19	2011	2013	2	-5
0.0	25	19	2011	2013	2	-6
0.0	26	19	2011	2013	2	-7
0.0	27	19	2011	2013	2	-8
0.0	28	19	2011	2013	2	-9
0.0	29	19	2011	2013	2	-10
0.008928571428571428	0	19	2012	2013	1	19
0.004464285714285714	1	19	2012	2013	1	18
0.0	2	19	2012	2013	1	17
0.10714285714285714	3	19	2012	2013	1	16
0.28125	4	19	2012	2013	1	15
0.05357142857142857	5	19	2012	2013	1	14
0.013392857142857142	6	19	2012	2013	1	13
0.29464285714285715	7	19	2012	2013	1	12
0.21875	8	19	2012	2013	1	11
0.0	9	19	2012	2013	1	10
0.013392857142857142	10	19	2012	2013	1	9
0.0	11	19	2012	2013	1	8
0.0	12	19	2012	2013	1	7
0.0	13	19	2012	2013	1	6
0.0	14	19	2012	2013	1	5
0.004464285714285714	15	19	2012	2013	1	4
0.0	16	19	2012	2013	1	3
0.0	17	19	2012	2013	1	2
0.0	18	19	2012	2013	1	1
0.0	19	19	2012	2013	1	0
0.0	20	19	2012	2013	1	-1
0.0	21	19	2012	2013	1	-2
0.0	22	19	2012	2013	1	-3
0.0	23	19	2012	2013	1	-4
0.0	24	19	2012	2013	1	-5
0.0	25	19	2012	2013	1	-6
0.0	26	19	2012	2013	1	-7
0.0	27	19	2012	2013	1	-8
0.0	28	19	2012	2013	1	-9
0.0	29	19	2012	2013	1	-10
0.0037593984962406013	0	19	2013	2013	0	19
0.0	1	19	2013	2013	0	18
0.0037593984962406013	2	19	2013	2013	0	17
0.06015037593984962	3	19	2013	2013	0	16
0.12030075187969924	4	19	2013	2013	0	15
0.018796992481203006	5	19	2013	2013	0	14
0.0	6	19	2013	2013	0	13
0.2593984962406015	7	19	2013	2013	0	12
0.41353383458646614	8	19	2013	2013	0	11
0.02631578947368421	9	19	2013	2013	0	10
0.03759398496240601	10	19	2013	2013	0	9
0.022556390977443608	11	19	2013	2013	0	8
0.0	12	19	2013	2013	0	7
0.011278195488721804	13	19	2013	2013	0	6
0.015037593984962405	14	19	2013	2013	0	5
0.0037593984962406013	15	19	2013	2013	0	4
0.0037593984962406013	16	19	2013	2013	0	3
0.0	17	19	2013	2013	0	2
0.0	18	19	2013	2013	0	1
0.0	19	19	2013	2013	0	0
0.0	20	19	2013	2013	0	-1
0.0	21	19	2013	2013	0	-2
0.0	22	19	2013	2013	0	-3
0.0	23	19	2013	2013	0	-4
0.0	24	19	2013	2013	0	-5
0.0	25	19	2013	2013	0	-6
0.0	26	19	2013	2013	0	-7
0.0	27	19	2013	2013	0	-8
0.0	28	19	2013	2013	0	-9
0.0	29	19	2013	2013	0	-10
0.010526315789473684	0	19	2014	2013	-1	19
0.010526315789473684	1	19	2014	2013	-1	18
0.0	2	19	2014	2013	-1	17
0.06315789473684211	3	19	2014	2013	-1	16
0.05263157894736842	4	19	2014	2013	-1	15
0.010526315789473684	5	19	2014	2013	-1	14
0.0	6	19	2014	2013	-1	13
0.06315789473684211	7	19	2014	2013	-1	12
0.28421052631578947	8	19	2014	2013	-1	11
0.17894736842105263	9	19	2014	2013	-1	10
0.14736842105263157	10	19	2014	2013	-1	9
0.021052631578947368	11	19	2014	2013	-1	8
0.0	12	19	2014	2013	-1	7
0.0	13	19	2014	2013	-1	6
0.14736842105263157	14	19	2014	2013	-1	5
0.010526315789473684	15	19	2014	2013	-1	4
0.0	16	19	2014	2013	-1	3
0.0	17	19	2014	2013	-1	2
0.0	18	19	2014	2013	-1	1
0.0	19	19	2014	2013	-1	0
0.0	20	19	2014	2013	-1	-1
0.0	21	19	2014	2013	-1	-2
0.0	22	19	2014	2013	-1	-3
0.0	23	19	2014	2013	-1	-4
0.0	24	19	2014	2013	-1	-5
0.0	25	19	2014	2013	-1	-6
0.0	26	19	2014	2013	-1	-7
0.0	27	19	2014	2013	-1	-8
0.0	28	19	2014	2013	-1	-9
0.0	29	19	2014	2013	-1	-10
0.0	0	19	2015	2013	-2	19
0.0	1	19	2015	2013	-2	18
0.0	2	19	2015	2013	-2	17
0.013201320132013201	3	19	2015	2013	-2	16
0.0231023102310231	4	19	2015	2013	-2	15
0.013201320132013201	5	19	2015	2013	-2	14
0.0	6	19	2015	2013	-2	13
0.0858085808580858	7	19	2015	2013	-2	12
0.10231023102310231	8	19	2015	2013	-2	11
0.19141914191419143	9	19	2015	2013	-2	10
0.14521452145214522	10	19	2015	2013	-2	9
0.07260726072607261	11	19	2015	2013	-2	8
0.006600660066006601	12	19	2015	2013	-2	7
0.009900990099009901	13	19	2015	2013	-2	6
0.13861386138613863	14	19	2015	2013	-2	5
0.13861386138613863	15	19	2015	2013	-2	4
0.0462046204620462	16	19	2015	2013	-2	3
0.013201320132013201	17	19	2015	2013	-2	2
0.0	18	19	2015	2013	-2	1
0.0	19	19	2015	2013	-2	0
0.0	20	19	2015	2013	-2	-1
0.0	21	19	2015	2013	-2	-2
0.0	22	19	2015	2013	-2	-3
0.0	23	19	2015	2013	-2	-4
0.0	24	19	2015	2013	-2	-5
0.0	25	19	2015	2013	-2	-6
0.0	26	19	2015	2013	-2	-7
0.0	27	19	2015	2013	-2	-8
0.0	28	19	2015	2013	-2	-9
0.0	29	19	2015	2013	-2	-10
0.02631578947368421	0	19	2016	2013	-3	19
0.0	1	19	2016	2013	-3	18
0.0	2	19	2016	2013	-3	17
0.0	3	19	2016	2013	-3	16
0.03289473684210526	4	19	2016	2013	-3	15
0.0	5	19	2016	2013	-3	14
0.0	6	19	2016	2013	-3	13
0.006578947368421052	7	19	2016	2013	-3	12
0.013157894736842105	8	19	2016	2013	-3	11
0.16447368421052633	9	19	2016	2013	-3	10
0.08552631578947369	10	19	2016	2013	-3	9
0.10526315789473684	11	19	2016	2013	-3	8
0.0	12	19	2016	2013	-3	7
0.013157894736842105	13	19	2016	2013	-3	6
0.1513157894736842	14	19	2016	2013	-3	5
0.27631578947368424	15	19	2016	2013	-3	4
0.125	16	19	2016	2013	-3	3
0.0	17	19	2016	2013	-3	2
0.0	18	19	2016	2013	-3	1
0.0	19	19	2016	2013	-3	0
0.0	20	19	2016	2013	-3	-1
0.0	21	19	2016	2013	-3	-2
0.0	22	19	2016	2013	-3	-3
0.0	23	19	2016	2013	-3	-4
0.0	24	19	2016	2013	-3	-5
0.0	25	19	2016	2013	-3	-6
0.0	26	19	2016	2013	-3	-7
0.0	27	19	2016	2013	-3	-8
0.0	28	19	2016	2013	-3	-9
0.0	29	19	2016	2013	-3	-10
0.010869565217391304	0	19	2017	2013	-4	19
0.0	1	19	2017	2013	-4	18
0.0	2	19	2017	2013	-4	17
0.0	3	19	2017	2013	-4	16
0.0	4	19	2017	2013	-4	15
0.0	5	19	2017	2013	-4	14
0.0	6	19	2017	2013	-4	13
0.010869565217391304	7	19	2017	2013	-4	12
0.016304347826086956	8	19	2017	2013	-4	11
0.09239130434782608	9	19	2017	2013	-4	10
0.10326086956521739	10	19	2017	2013	-4	9
0.02717391304347826	11	19	2017	2013	-4	8
0.005434782608695652	12	19	2017	2013	-4	7
0.0	13	19	2017	2013	-4	6
0.18478260869565216	14	19	2017	2013	-4	5
0.22282608695652173	15	19	2017	2013	-4	4
0.32608695652173914	16	19	2017	2013	-4	3
0.0	17	19	2017	2013	-4	2
0.0	18	19	2017	2013	-4	1
0.0	19	19	2017	2013	-4	0
0.0	20	19	2017	2013	-4	-1
0.0	21	19	2017	2013	-4	-2
0.0	22	19	2017	2013	-4	-3
0.0	23	19	2017	2013	-4	-4
0.0	24	19	2017	2013	-4	-5
0.0	25	19	2017	2013	-4	-6
0.0	26	19	2017	2013	-4	-7
0.0	27	19	2017	2013	-4	-8
0.0	28	19	2017	2013	-4	-9
0.0	29	19	2017	2013	-4	-10
0.012987012987012988	0	19	2018	2013	-5	19
0.0	1	19	2018	2013	-5	18
0.0	2	19	2018	2013	-5	17
0.0	3	19	2018	2013	-5	16
0.012987012987012988	4	19	2018	2013	-5	15
0.00974025974025974	5	19	2018	2013	-5	14
0.0	6	19	2018	2013	-5	13
0.00974025974025974	7	19	2018	2013	-5	12
0.032467532467532464	8	19	2018	2013	-5	11
0.18506493506493507	9	19	2018	2013	-5	10
0.03571428571428571	10	19	2018	2013	-5	9
0.03896103896103896	11	19	2018	2013	-5	8
0.003246753246753247	12	19	2018	2013	-5	7
0.012987012987012988	13	19	2018	2013	-5	6
0.21103896103896103	14	19	2018	2013	-5	5
0.2077922077922078	15	19	2018	2013	-5	4
0.17207792207792208	16	19	2018	2013	-5	3
0.01948051948051948	17	19	2018	2013	-5	2
0.00974025974025974	18	19	2018	2013	-5	1
0.01948051948051948	19	19	2018	2013	-5	0
0.0	20	19	2018	2013	-5	-1
0.006493506493506494	21	19	2018	2013	-5	-2
0.0	22	19	2018	2013	-5	-3
0.0	23	19	2018	2013	-5	-4
0.0	24	19	2018	2013	-5	-5
0.0	25	19	2018	2013	-5	-6
0.0	26	19	2018	2013	-5	-7
0.0	27	19	2018	2013	-5	-8
0.0	28	19	2018	2013	-5	-9
0.0	29	19	2018	2013	-5	-10
0.0	0	19	2019	2013	-6	19
0.0	1	19	2019	2013	-6	18
0.0	2	19	2019	2013	-6	17
0.0	3	19	2019	2013	-6	16
0.0	4	19	2019	2013	-6	15
0.04477611940298507	5	19	2019	2013	-6	14
0.0	6	19	2019	2013	-6	13
0.007462686567164179	7	19	2019	2013	-6	12
0.022388059701492536	8	19	2019	2013	-6	11
0.07462686567164178	9	19	2019	2013	-6	10
0.0	10	19	2019	2013	-6	9
0.0	11	19	2019	2013	-6	8
0.0	12	19	2019	2013	-6	7
0.022388059701492536	13	19	2019	2013	-6	6
0.17164179104477612	14	19	2019	2013	-6	5
0.14925373134328357	15	19	2019	2013	-6	4
0.2537313432835821	16	19	2019	2013	-6	3
0.1044776119402985	17	19	2019	2013	-6	2
0.007462686567164179	18	19	2019	2013	-6	1
0.12686567164179105	19	19	2019	2013	-6	0
0.0	20	19	2019	2013	-6	-1
0.007462686567164179	21	19	2019	2013	-6	-2
0.0	22	19	2019	2013	-6	-3
0.007462686567164179	23	19	2019	2013	-6	-4
0.0	24	19	2019	2013	-6	-5
0.0	25	19	2019	2013	-6	-6
0.0	26	19	2019	2013	-6	-7
0.0	27	19	2019	2013	-6	-8
0.0	28	19	2019	2013	-6	-9
0.0	29	19	2019	2013	-6	-10
0.0	0	19	2020	2013	-7	19
0.0	1	19	2020	2013	-7	18
0.0	2	19	2020	2013	-7	17
0.0	3	19	2020	2013	-7	16
0.0	4	19	2020	2013	-7	15
0.010830324909747292	5	19	2020	2013	-7	14
0.0	6	19	2020	2013	-7	13
0.19494584837545126	7	19	2020	2013	-7	12
0.010830324909747292	8	19	2020	2013	-7	11
0.018050541516245487	9	19	2020	2013	-7	10
0.021660649819494584	10	19	2020	2013	-7	9
0.0036101083032490976	11	19	2020	2013	-7	8
0.0	12	19	2020	2013	-7	7
0.0	13	19	2020	2013	-7	6
0.18772563176895307	14	19	2020	2013	-7	5
0.27075812274368233	15	19	2020	2013	-7	4
0.19494584837545126	16	19	2020	2013	-7	3
0.039711191335740074	17	19	2020	2013	-7	2
0.007220216606498195	18	19	2020	2013	-7	1
0.021660649819494584	19	19	2020	2013	-7	0
0.0036101083032490976	20	19	2020	2013	-7	-1
0.007220216606498195	21	19	2020	2013	-7	-2
0.0	22	19	2020	2013	-7	-3
0.0036101083032490976	23	19	2020	2013	-7	-4
0.0036101083032490976	24	19	2020	2013	-7	-5
0.0	25	19	2020	2013	-7	-6
0.0	26	19	2020	2013	-7	-7
0.0	27	19	2020	2013	-7	-8
0.0	28	19	2020	2013	-7	-9
0.0	29	19	2020	2013	-7	-10
0.01327433628318584	0	19	2021	2013	-8	19
0.0	1	19	2021	2013	-8	18
0.0	2	19	2021	2013	-8	17
0.0	3	19	2021	2013	-8	16
0.0022123893805309734	4	19	2021	2013	-8	15
0.05088495575221239	5	19	2021	2013	-8	14
0.0022123893805309734	6	19	2021	2013	-8	13
0.34292035398230086	7	19	2021	2013	-8	12
0.01327433628318584	8	19	2021	2013	-8	11
0.05309734513274336	9	19	2021	2013	-8	10
0.028761061946902654	10	19	2021	2013	-8	9
0.015486725663716814	11	19	2021	2013	-8	8
0.0022123893805309734	12	19	2021	2013	-8	7
0.008849557522123894	13	19	2021	2013	-8	6
0.18584070796460178	14	19	2021	2013	-8	5
0.028761061946902654	15	19	2021	2013	-8	4
0.1592920353982301	16	19	2021	2013	-8	3
0.033185840707964605	17	19	2021	2013	-8	2
0.0	18	19	2021	2013	-8	1
0.030973451327433628	19	19	2021	2013	-8	0
0.0	20	19	2021	2013	-8	-1
0.022123893805309734	21	19	2021	2013	-8	-2
0.0	22	19	2021	2013	-8	-3
0.00663716814159292	23	19	2021	2013	-8	-4
0.0	24	19	2021	2013	-8	-5
0.0	25	19	2021	2013	-8	-6
0.0	26	19	2021	2013	-8	-7
0.0	27	19	2021	2013	-8	-8
0.0	28	19	2021	2013	-8	-9
0.0	29	19	2021	2013	-8	-10
0.0	0	21	2010	2014	4	21
0.037383177570093455	1	21	2010	2014	4	20
0.028037383177570093	2	21	2010	2014	4	19
0.6728971962616822	3	21	2010	2014	4	18
0.1308411214953271	4	21	2010	2014	4	17
0.028037383177570093	5	21	2010	2014	4	16
0.0	6	21	2010	2014	4	15
0.037383177570093455	7	21	2010	2014	4	14
0.009345794392523364	8	21	2010	2014	4	13
0.018691588785046728	9	21	2010	2014	4	12
0.018691588785046728	10	21	2010	2014	4	11
0.0	11	21	2010	2014	4	10
0.0	12	21	2010	2014	4	9
0.0	13	21	2010	2014	4	8
0.009345794392523364	14	21	2010	2014	4	7
0.0	15	21	2010	2014	4	6
0.0	16	21	2010	2014	4	5
0.0	17	21	2010	2014	4	4
0.0	18	21	2010	2014	4	3
0.009345794392523364	19	21	2010	2014	4	2
0.0	20	21	2010	2014	4	1
0.0	21	21	2010	2014	4	0
0.0	22	21	2010	2014	4	-1
0.0	23	21	2010	2014	4	-2
0.0	24	21	2010	2014	4	-3
0.0	25	21	2010	2014	4	-4
0.0	26	21	2010	2014	4	-5
0.0	27	21	2010	2014	4	-6
0.0	28	21	2010	2014	4	-7
0.0	29	21	2010	2014	4	-8
0.0	0	21	2011	2014	3	21
0.0	1	21	2011	2014	3	20
0.0	2	21	2011	2014	3	19
0.0	3	21	2011	2014	3	18
1.0	4	21	2011	2014	3	17
0.0	5	21	2011	2014	3	16
0.0	6	21	2011	2014	3	15
0.0	7	21	2011	2014	3	14
0.0	8	21	2011	2014	3	13
0.0	9	21	2011	2014	3	12
0.0	10	21	2011	2014	3	11
0.0	11	21	2011	2014	3	10
0.0	12	21	2011	2014	3	9
0.0	13	21	2011	2014	3	8
0.0	14	21	2011	2014	3	7
0.0	15	21	2011	2014	3	6
0.0	16	21	2011	2014	3	5
0.0	17	21	2011	2014	3	4
0.0	18	21	2011	2014	3	3
0.0	19	21	2011	2014	3	2
0.0	20	21	2011	2014	3	1
0.0	21	21	2011	2014	3	0
0.0	22	21	2011	2014	3	-1
0.0	23	21	2011	2014	3	-2
0.0	24	21	2011	2014	3	-3
0.0	25	21	2011	2014	3	-4
0.0	26	21	2011	2014	3	-5
0.0	27	21	2011	2014	3	-6
0.0	28	21	2011	2014	3	-7
0.0	29	21	2011	2014	3	-8
0.008928571428571428	0	21	2012	2014	2	21
0.004464285714285714	1	21	2012	2014	2	20
0.0	2	21	2012	2014	2	19
0.10714285714285714	3	21	2012	2014	2	18
0.28125	4	21	2012	2014	2	17
0.05357142857142857	5	21	2012	2014	2	16
0.013392857142857142	6	21	2012	2014	2	15
0.29464285714285715	7	21	2012	2014	2	14
0.21875	8	21	2012	2014	2	13
0.0	9	21	2012	2014	2	12
0.013392857142857142	10	21	2012	2014	2	11
0.0	11	21	2012	2014	2	10
0.0	12	21	2012	2014	2	9
0.0	13	21	2012	2014	2	8
0.0	14	21	2012	2014	2	7
0.004464285714285714	15	21	2012	2014	2	6
0.0	16	21	2012	2014	2	5
0.0	17	21	2012	2014	2	4
0.0	18	21	2012	2014	2	3
0.0	19	21	2012	2014	2	2
0.0	20	21	2012	2014	2	1
0.0	21	21	2012	2014	2	0
0.0	22	21	2012	2014	2	-1
0.0	23	21	2012	2014	2	-2
0.0	24	21	2012	2014	2	-3
0.0	25	21	2012	2014	2	-4
0.0	26	21	2012	2014	2	-5
0.0	27	21	2012	2014	2	-6
0.0	28	21	2012	2014	2	-7
0.0	29	21	2012	2014	2	-8
0.0037593984962406013	0	21	2013	2014	1	21
0.0	1	21	2013	2014	1	20
0.0037593984962406013	2	21	2013	2014	1	19
0.06015037593984962	3	21	2013	2014	1	18
0.12030075187969924	4	21	2013	2014	1	17
0.018796992481203006	5	21	2013	2014	1	16
0.0	6	21	2013	2014	1	15
0.2593984962406015	7	21	2013	2014	1	14
0.41353383458646614	8	21	2013	2014	1	13
0.02631578947368421	9	21	2013	2014	1	12
0.03759398496240601	10	21	2013	2014	1	11
0.022556390977443608	11	21	2013	2014	1	10
0.0	12	21	2013	2014	1	9
0.011278195488721804	13	21	2013	2014	1	8
0.015037593984962405	14	21	2013	2014	1	7
0.0037593984962406013	15	21	2013	2014	1	6
0.0037593984962406013	16	21	2013	2014	1	5
0.0	17	21	2013	2014	1	4
0.0	18	21	2013	2014	1	3
0.0	19	21	2013	2014	1	2
0.0	20	21	2013	2014	1	1
0.0	21	21	2013	2014	1	0
0.0	22	21	2013	2014	1	-1
0.0	23	21	2013	2014	1	-2
0.0	24	21	2013	2014	1	-3
0.0	25	21	2013	2014	1	-4
0.0	26	21	2013	2014	1	-5
0.0	27	21	2013	2014	1	-6
0.0	28	21	2013	2014	1	-7
0.0	29	21	2013	2014	1	-8
0.010526315789473684	0	21	2014	2014	0	21
0.010526315789473684	1	21	2014	2014	0	20
0.0	2	21	2014	2014	0	19
0.06315789473684211	3	21	2014	2014	0	18
0.05263157894736842	4	21	2014	2014	0	17
0.010526315789473684	5	21	2014	2014	0	16
0.0	6	21	2014	2014	0	15
0.06315789473684211	7	21	2014	2014	0	14
0.28421052631578947	8	21	2014	2014	0	13
0.17894736842105263	9	21	2014	2014	0	12
0.14736842105263157	10	21	2014	2014	0	11
0.021052631578947368	11	21	2014	2014	0	10
0.0	12	21	2014	2014	0	9
0.0	13	21	2014	2014	0	8
0.14736842105263157	14	21	2014	2014	0	7
0.010526315789473684	15	21	2014	2014	0	6
0.0	16	21	2014	2014	0	5
0.0	17	21	2014	2014	0	4
0.0	18	21	2014	2014	0	3
0.0	19	21	2014	2014	0	2
0.0	20	21	2014	2014	0	1
0.0	21	21	2014	2014	0	0
0.0	22	21	2014	2014	0	-1
0.0	23	21	2014	2014	0	-2
0.0	24	21	2014	2014	0	-3
0.0	25	21	2014	2014	0	-4
0.0	26	21	2014	2014	0	-5
0.0	27	21	2014	2014	0	-6
0.0	28	21	2014	2014	0	-7
0.0	29	21	2014	2014	0	-8
0.0	0	21	2015	2014	-1	21
0.0	1	21	2015	2014	-1	20
0.0	2	21	2015	2014	-1	19
0.013201320132013201	3	21	2015	2014	-1	18
0.0231023102310231	4	21	2015	2014	-1	17
0.013201320132013201	5	21	2015	2014	-1	16
0.0	6	21	2015	2014	-1	15
0.0858085808580858	7	21	2015	2014	-1	14
0.10231023102310231	8	21	2015	2014	-1	13
0.19141914191419143	9	21	2015	2014	-1	12
0.14521452145214522	10	21	2015	2014	-1	11
0.07260726072607261	11	21	2015	2014	-1	10
0.006600660066006601	12	21	2015	2014	-1	9
0.009900990099009901	13	21	2015	2014	-1	8
0.13861386138613863	14	21	2015	2014	-1	7
0.13861386138613863	15	21	2015	2014	-1	6
0.0462046204620462	16	21	2015	2014	-1	5
0.013201320132013201	17	21	2015	2014	-1	4
0.0	18	21	2015	2014	-1	3
0.0	19	21	2015	2014	-1	2
0.0	20	21	2015	2014	-1	1
0.0	21	21	2015	2014	-1	0
0.0	22	21	2015	2014	-1	-1
0.0	23	21	2015	2014	-1	-2
0.0	24	21	2015	2014	-1	-3
0.0	25	21	2015	2014	-1	-4
0.0	26	21	2015	2014	-1	-5
0.0	27	21	2015	2014	-1	-6
0.0	28	21	2015	2014	-1	-7
0.0	29	21	2015	2014	-1	-8
0.02631578947368421	0	21	2016	2014	-2	21
0.0	1	21	2016	2014	-2	20
0.0	2	21	2016	2014	-2	19
0.0	3	21	2016	2014	-2	18
0.03289473684210526	4	21	2016	2014	-2	17
0.0	5	21	2016	2014	-2	16
0.0	6	21	2016	2014	-2	15
0.006578947368421052	7	21	2016	2014	-2	14
0.013157894736842105	8	21	2016	2014	-2	13
0.16447368421052633	9	21	2016	2014	-2	12
0.08552631578947369	10	21	2016	2014	-2	11
0.10526315789473684	11	21	2016	2014	-2	10
0.0	12	21	2016	2014	-2	9
0.013157894736842105	13	21	2016	2014	-2	8
0.1513157894736842	14	21	2016	2014	-2	7
0.27631578947368424	15	21	2016	2014	-2	6
0.125	16	21	2016	2014	-2	5
0.0	17	21	2016	2014	-2	4
0.0	18	21	2016	2014	-2	3
0.0	19	21	2016	2014	-2	2
0.0	20	21	2016	2014	-2	1
0.0	21	21	2016	2014	-2	0
0.0	22	21	2016	2014	-2	-1
0.0	23	21	2016	2014	-2	-2
0.0	24	21	2016	2014	-2	-3
0.0	25	21	2016	2014	-2	-4
0.0	26	21	2016	2014	-2	-5
0.0	27	21	2016	2014	-2	-6
0.0	28	21	2016	2014	-2	-7
0.0	29	21	2016	2014	-2	-8
0.010869565217391304	0	21	2017	2014	-3	21
0.0	1	21	2017	2014	-3	20
0.0	2	21	2017	2014	-3	19
0.0	3	21	2017	2014	-3	18
0.0	4	21	2017	2014	-3	17
0.0	5	21	2017	2014	-3	16
0.0	6	21	2017	2014	-3	15
0.010869565217391304	7	21	2017	2014	-3	14
0.016304347826086956	8	21	2017	2014	-3	13
0.09239130434782608	9	21	2017	2014	-3	12
0.10326086956521739	10	21	2017	2014	-3	11
0.02717391304347826	11	21	2017	2014	-3	10
0.005434782608695652	12	21	2017	2014	-3	9
0.0	13	21	2017	2014	-3	8
0.18478260869565216	14	21	2017	2014	-3	7
0.22282608695652173	15	21	2017	2014	-3	6
0.32608695652173914	16	21	2017	2014	-3	5
0.0	17	21	2017	2014	-3	4
0.0	18	21	2017	2014	-3	3
0.0	19	21	2017	2014	-3	2
0.0	20	21	2017	2014	-3	1
0.0	21	21	2017	2014	-3	0
0.0	22	21	2017	2014	-3	-1
0.0	23	21	2017	2014	-3	-2
0.0	24	21	2017	2014	-3	-3
0.0	25	21	2017	2014	-3	-4
0.0	26	21	2017	2014	-3	-5
0.0	27	21	2017	2014	-3	-6
0.0	28	21	2017	2014	-3	-7
0.0	29	21	2017	2014	-3	-8
0.012987012987012988	0	21	2018	2014	-4	21
0.0	1	21	2018	2014	-4	20
0.0	2	21	2018	2014	-4	19
0.0	3	21	2018	2014	-4	18
0.012987012987012988	4	21	2018	2014	-4	17
0.00974025974025974	5	21	2018	2014	-4	16
0.0	6	21	2018	2014	-4	15
0.00974025974025974	7	21	2018	2014	-4	14
0.032467532467532464	8	21	2018	2014	-4	13
0.18506493506493507	9	21	2018	2014	-4	12
0.03571428571428571	10	21	2018	2014	-4	11
0.03896103896103896	11	21	2018	2014	-4	10
0.003246753246753247	12	21	2018	2014	-4	9
0.012987012987012988	13	21	2018	2014	-4	8
0.21103896103896103	14	21	2018	2014	-4	7
0.2077922077922078	15	21	2018	2014	-4	6
0.17207792207792208	16	21	2018	2014	-4	5
0.01948051948051948	17	21	2018	2014	-4	4
0.00974025974025974	18	21	2018	2014	-4	3
0.01948051948051948	19	21	2018	2014	-4	2
0.0	20	21	2018	2014	-4	1
0.006493506493506494	21	21	2018	2014	-4	0
0.0	22	21	2018	2014	-4	-1
0.0	23	21	2018	2014	-4	-2
0.0	24	21	2018	2014	-4	-3
0.0	25	21	2018	2014	-4	-4
0.0	26	21	2018	2014	-4	-5
0.0	27	21	2018	2014	-4	-6
0.0	28	21	2018	2014	-4	-7
0.0	29	21	2018	2014	-4	-8
0.0	0	21	2019	2014	-5	21
0.0	1	21	2019	2014	-5	20
0.0	2	21	2019	2014	-5	19
0.0	3	21	2019	2014	-5	18
0.0	4	21	2019	2014	-5	17
0.04477611940298507	5	21	2019	2014	-5	16
0.0	6	21	2019	2014	-5	15
0.007462686567164179	7	21	2019	2014	-5	14
0.022388059701492536	8	21	2019	2014	-5	13
0.07462686567164178	9	21	2019	2014	-5	12
0.0	10	21	2019	2014	-5	11
0.0	11	21	2019	2014	-5	10
0.0	12	21	2019	2014	-5	9
0.022388059701492536	13	21	2019	2014	-5	8
0.17164179104477612	14	21	2019	2014	-5	7
0.14925373134328357	15	21	2019	2014	-5	6
0.2537313432835821	16	21	2019	2014	-5	5
0.1044776119402985	17	21	2019	2014	-5	4
0.007462686567164179	18	21	2019	2014	-5	3
0.12686567164179105	19	21	2019	2014	-5	2
0.0	20	21	2019	2014	-5	1
0.007462686567164179	21	21	2019	2014	-5	0
0.0	22	21	2019	2014	-5	-1
0.007462686567164179	23	21	2019	2014	-5	-2
0.0	24	21	2019	2014	-5	-3
0.0	25	21	2019	2014	-5	-4
0.0	26	21	2019	2014	-5	-5
0.0	27	21	2019	2014	-5	-6
0.0	28	21	2019	2014	-5	-7
0.0	29	21	2019	2014	-5	-8
0.0	0	21	2020	2014	-6	21
0.0	1	21	2020	2014	-6	20
0.0	2	21	2020	2014	-6	19
0.0	3	21	2020	2014	-6	18
0.0	4	21	2020	2014	-6	17
0.010830324909747292	5	21	2020	2014	-6	16
0.0	6	21	2020	2014	-6	15
0.19494584837545126	7	21	2020	2014	-6	14
0.010830324909747292	8	21	2020	2014	-6	13
0.018050541516245487	9	21	2020	2014	-6	12
0.021660649819494584	10	21	2020	2014	-6	11
0.0036101083032490976	11	21	2020	2014	-6	10
0.0	12	21	2020	2014	-6	9
0.0	13	21	2020	2014	-6	8
0.18772563176895307	14	21	2020	2014	-6	7
0.27075812274368233	15	21	2020	2014	-6	6
0.19494584837545126	16	21	2020	2014	-6	5
0.039711191335740074	17	21	2020	2014	-6	4
0.007220216606498195	18	21	2020	2014	-6	3
0.021660649819494584	19	21	2020	2014	-6	2
0.0036101083032490976	20	21	2020	2014	-6	1
0.007220216606498195	21	21	2020	2014	-6	0
0.0	22	21	2020	2014	-6	-1
0.0036101083032490976	23	21	2020	2014	-6	-2
0.0036101083032490976	24	21	2020	2014	-6	-3
0.0	25	21	2020	2014	-6	-4
0.0	26	21	2020	2014	-6	-5
0.0	27	21	2020	2014	-6	-6
0.0	28	21	2020	2014	-6	-7
0.0	29	21	2020	2014	-6	-8
0.01327433628318584	0	21	2021	2014	-7	21
0.0	1	21	2021	2014	-7	20
0.0	2	21	2021	2014	-7	19
0.0	3	21	2021	2014	-7	18
0.0022123893805309734	4	21	2021	2014	-7	17
0.05088495575221239	5	21	2021	2014	-7	16
0.0022123893805309734	6	21	2021	2014	-7	15
0.34292035398230086	7	21	2021	2014	-7	14
0.01327433628318584	8	21	2021	2014	-7	13
0.05309734513274336	9	21	2021	2014	-7	12
0.028761061946902654	10	21	2021	2014	-7	11
0.015486725663716814	11	21	2021	2014	-7	10
0.0022123893805309734	12	21	2021	2014	-7	9
0.008849557522123894	13	21	2021	2014	-7	8
0.18584070796460178	14	21	2021	2014	-7	7
0.028761061946902654	15	21	2021	2014	-7	6
0.1592920353982301	16	21	2021	2014	-7	5
0.033185840707964605	17	21	2021	2014	-7	4
0.0	18	21	2021	2014	-7	3
0.030973451327433628	19	21	2021	2014	-7	2
0.0	20	21	2021	2014	-7	1
0.022123893805309734	21	21	2021	2014	-7	0
0.0	22	21	2021	2014	-7	-1
0.00663716814159292	23	21	2021	2014	-7	-2
0.0	24	21	2021	2014	-7	-3
0.0	25	21	2021	2014	-7	-4
0.0	26	21	2021	2014	-7	-5
0.0	27	21	2021	2014	-7	-6
0.0	28	21	2021	2014	-7	-7
0.0	29	21	2021	2014	-7	-8
0.0	0	22	2010	2015	5	22
0.037383177570093455	1	22	2010	2015	5	21
0.028037383177570093	2	22	2010	2015	5	20
0.6728971962616822	3	22	2010	2015	5	19
0.1308411214953271	4	22	2010	2015	5	18
0.028037383177570093	5	22	2010	2015	5	17
0.0	6	22	2010	2015	5	16
0.037383177570093455	7	22	2010	2015	5	15
0.009345794392523364	8	22	2010	2015	5	14
0.018691588785046728	9	22	2010	2015	5	13
0.018691588785046728	10	22	2010	2015	5	12
0.0	11	22	2010	2015	5	11
0.0	12	22	2010	2015	5	10
0.0	13	22	2010	2015	5	9
0.009345794392523364	14	22	2010	2015	5	8
0.0	15	22	2010	2015	5	7
0.0	16	22	2010	2015	5	6
0.0	17	22	2010	2015	5	5
0.0	18	22	2010	2015	5	4
0.009345794392523364	19	22	2010	2015	5	3
0.0	20	22	2010	2015	5	2
0.0	21	22	2010	2015	5	1
0.0	22	22	2010	2015	5	0
0.0	23	22	2010	2015	5	-1
0.0	24	22	2010	2015	5	-2
0.0	25	22	2010	2015	5	-3
0.0	26	22	2010	2015	5	-4
0.0	27	22	2010	2015	5	-5
0.0	28	22	2010	2015	5	-6
0.0	29	22	2010	2015	5	-7
0.0	0	22	2011	2015	4	22
0.0	1	22	2011	2015	4	21
0.0	2	22	2011	2015	4	20
0.0	3	22	2011	2015	4	19
1.0	4	22	2011	2015	4	18
0.0	5	22	2011	2015	4	17
0.0	6	22	2011	2015	4	16
0.0	7	22	2011	2015	4	15
0.0	8	22	2011	2015	4	14
0.0	9	22	2011	2015	4	13
0.0	10	22	2011	2015	4	12
0.0	11	22	2011	2015	4	11
0.0	12	22	2011	2015	4	10
0.0	13	22	2011	2015	4	9
0.0	14	22	2011	2015	4	8
0.0	15	22	2011	2015	4	7
0.0	16	22	2011	2015	4	6
0.0	17	22	2011	2015	4	5
0.0	18	22	2011	2015	4	4
0.0	19	22	2011	2015	4	3
0.0	20	22	2011	2015	4	2
0.0	21	22	2011	2015	4	1
0.0	22	22	2011	2015	4	0
0.0	23	22	2011	2015	4	-1
0.0	24	22	2011	2015	4	-2
0.0	25	22	2011	2015	4	-3
0.0	26	22	2011	2015	4	-4
0.0	27	22	2011	2015	4	-5
0.0	28	22	2011	2015	4	-6
0.0	29	22	2011	2015	4	-7
0.008928571428571428	0	22	2012	2015	3	22
0.004464285714285714	1	22	2012	2015	3	21
0.0	2	22	2012	2015	3	20
0.10714285714285714	3	22	2012	2015	3	19
0.28125	4	22	2012	2015	3	18
0.05357142857142857	5	22	2012	2015	3	17
0.013392857142857142	6	22	2012	2015	3	16
0.29464285714285715	7	22	2012	2015	3	15
0.21875	8	22	2012	2015	3	14
0.0	9	22	2012	2015	3	13
0.013392857142857142	10	22	2012	2015	3	12
0.0	11	22	2012	2015	3	11
0.0	12	22	2012	2015	3	10
0.0	13	22	2012	2015	3	9
0.0	14	22	2012	2015	3	8
0.004464285714285714	15	22	2012	2015	3	7
0.0	16	22	2012	2015	3	6
0.0	17	22	2012	2015	3	5
0.0	18	22	2012	2015	3	4
0.0	19	22	2012	2015	3	3
0.0	20	22	2012	2015	3	2
0.0	21	22	2012	2015	3	1
0.0	22	22	2012	2015	3	0
0.0	23	22	2012	2015	3	-1
0.0	24	22	2012	2015	3	-2
0.0	25	22	2012	2015	3	-3
0.0	26	22	2012	2015	3	-4
0.0	27	22	2012	2015	3	-5
0.0	28	22	2012	2015	3	-6
0.0	29	22	2012	2015	3	-7
0.0037593984962406013	0	22	2013	2015	2	22
0.0	1	22	2013	2015	2	21
0.0037593984962406013	2	22	2013	2015	2	20
0.06015037593984962	3	22	2013	2015	2	19
0.12030075187969924	4	22	2013	2015	2	18
0.018796992481203006	5	22	2013	2015	2	17
0.0	6	22	2013	2015	2	16
0.2593984962406015	7	22	2013	2015	2	15
0.41353383458646614	8	22	2013	2015	2	14
0.02631578947368421	9	22	2013	2015	2	13
0.03759398496240601	10	22	2013	2015	2	12
0.022556390977443608	11	22	2013	2015	2	11
0.0	12	22	2013	2015	2	10
0.011278195488721804	13	22	2013	2015	2	9
0.015037593984962405	14	22	2013	2015	2	8
0.0037593984962406013	15	22	2013	2015	2	7
0.0037593984962406013	16	22	2013	2015	2	6
0.0	17	22	2013	2015	2	5
0.0	18	22	2013	2015	2	4
0.0	19	22	2013	2015	2	3
0.0	20	22	2013	2015	2	2
0.0	21	22	2013	2015	2	1
0.0	22	22	2013	2015	2	0
0.0	23	22	2013	2015	2	-1
0.0	24	22	2013	2015	2	-2
0.0	25	22	2013	2015	2	-3
0.0	26	22	2013	2015	2	-4
0.0	27	22	2013	2015	2	-5
0.0	28	22	2013	2015	2	-6
0.0	29	22	2013	2015	2	-7
0.010526315789473684	0	22	2014	2015	1	22
0.010526315789473684	1	22	2014	2015	1	21
0.0	2	22	2014	2015	1	20
0.06315789473684211	3	22	2014	2015	1	19
0.05263157894736842	4	22	2014	2015	1	18
0.010526315789473684	5	22	2014	2015	1	17
0.0	6	22	2014	2015	1	16
0.06315789473684211	7	22	2014	2015	1	15
0.28421052631578947	8	22	2014	2015	1	14
0.17894736842105263	9	22	2014	2015	1	13
0.14736842105263157	10	22	2014	2015	1	12
0.021052631578947368	11	22	2014	2015	1	11
0.0	12	22	2014	2015	1	10
0.0	13	22	2014	2015	1	9
0.14736842105263157	14	22	2014	2015	1	8
0.010526315789473684	15	22	2014	2015	1	7
0.0	16	22	2014	2015	1	6
0.0	17	22	2014	2015	1	5
0.0	18	22	2014	2015	1	4
0.0	19	22	2014	2015	1	3
0.0	20	22	2014	2015	1	2
0.0	21	22	2014	2015	1	1
0.0	22	22	2014	2015	1	0
0.0	23	22	2014	2015	1	-1
0.0	24	22	2014	2015	1	-2
0.0	25	22	2014	2015	1	-3
0.0	26	22	2014	2015	1	-4
0.0	27	22	2014	2015	1	-5
0.0	28	22	2014	2015	1	-6
0.0	29	22	2014	2015	1	-7
0.0	0	22	2015	2015	0	22
0.0	1	22	2015	2015	0	21
0.0	2	22	2015	2015	0	20
0.013201320132013201	3	22	2015	2015	0	19
0.0231023102310231	4	22	2015	2015	0	18
0.013201320132013201	5	22	2015	2015	0	17
0.0	6	22	2015	2015	0	16
0.0858085808580858	7	22	2015	2015	0	15
0.10231023102310231	8	22	2015	2015	0	14
0.19141914191419143	9	22	2015	2015	0	13
0.14521452145214522	10	22	2015	2015	0	12
0.07260726072607261	11	22	2015	2015	0	11
0.006600660066006601	12	22	2015	2015	0	10
0.009900990099009901	13	22	2015	2015	0	9
0.13861386138613863	14	22	2015	2015	0	8
0.13861386138613863	15	22	2015	2015	0	7
0.0462046204620462	16	22	2015	2015	0	6
0.013201320132013201	17	22	2015	2015	0	5
0.0	18	22	2015	2015	0	4
0.0	19	22	2015	2015	0	3
0.0	20	22	2015	2015	0	2
0.0	21	22	2015	2015	0	1
0.0	22	22	2015	2015	0	0
0.0	23	22	2015	2015	0	-1
0.0	24	22	2015	2015	0	-2
0.0	25	22	2015	2015	0	-3
0.0	26	22	2015	2015	0	-4
0.0	27	22	2015	2015	0	-5
0.0	28	22	2015	2015	0	-6
0.0	29	22	2015	2015	0	-7
0.02631578947368421	0	22	2016	2015	-1	22
0.0	1	22	2016	2015	-1	21
0.0	2	22	2016	2015	-1	20
0.0	3	22	2016	2015	-1	19
0.03289473684210526	4	22	2016	2015	-1	18
0.0	5	22	2016	2015	-1	17
0.0	6	22	2016	2015	-1	16
0.006578947368421052	7	22	2016	2015	-1	15
0.013157894736842105	8	22	2016	2015	-1	14
0.16447368421052633	9	22	2016	2015	-1	13
0.08552631578947369	10	22	2016	2015	-1	12
0.10526315789473684	11	22	2016	2015	-1	11
0.0	12	22	2016	2015	-1	10
0.013157894736842105	13	22	2016	2015	-1	9
0.1513157894736842	14	22	2016	2015	-1	8
0.27631578947368424	15	22	2016	2015	-1	7
0.125	16	22	2016	2015	-1	6
0.0	17	22	2016	2015	-1	5
0.0	18	22	2016	2015	-1	4
0.0	19	22	2016	2015	-1	3
0.0	20	22	2016	2015	-1	2
0.0	21	22	2016	2015	-1	1
0.0	22	22	2016	2015	-1	0
0.0	23	22	2016	2015	-1	-1
0.0	24	22	2016	2015	-1	-2
0.0	25	22	2016	2015	-1	-3
0.0	26	22	2016	2015	-1	-4
0.0	27	22	2016	2015	-1	-5
0.0	28	22	2016	2015	-1	-6
0.0	29	22	2016	2015	-1	-7
0.010869565217391304	0	22	2017	2015	-2	22
0.0	1	22	2017	2015	-2	21
0.0	2	22	2017	2015	-2	20
0.0	3	22	2017	2015	-2	19
0.0	4	22	2017	2015	-2	18
0.0	5	22	2017	2015	-2	17
0.0	6	22	2017	2015	-2	16
0.010869565217391304	7	22	2017	2015	-2	15
0.016304347826086956	8	22	2017	2015	-2	14
0.09239130434782608	9	22	2017	2015	-2	13
0.10326086956521739	10	22	2017	2015	-2	12
0.02717391304347826	11	22	2017	2015	-2	11
0.005434782608695652	12	22	2017	2015	-2	10
0.0	13	22	2017	2015	-2	9
0.18478260869565216	14	22	2017	2015	-2	8
0.22282608695652173	15	22	2017	2015	-2	7
0.32608695652173914	16	22	2017	2015	-2	6
0.0	17	22	2017	2015	-2	5
0.0	18	22	2017	2015	-2	4
0.0	19	22	2017	2015	-2	3
0.0	20	22	2017	2015	-2	2
0.0	21	22	2017	2015	-2	1
0.0	22	22	2017	2015	-2	0
0.0	23	22	2017	2015	-2	-1
0.0	24	22	2017	2015	-2	-2
0.0	25	22	2017	2015	-2	-3
0.0	26	22	2017	2015	-2	-4
0.0	27	22	2017	2015	-2	-5
0.0	28	22	2017	2015	-2	-6
0.0	29	22	2017	2015	-2	-7
0.012987012987012988	0	22	2018	2015	-3	22
0.0	1	22	2018	2015	-3	21
0.0	2	22	2018	2015	-3	20
0.0	3	22	2018	2015	-3	19
0.012987012987012988	4	22	2018	2015	-3	18
0.00974025974025974	5	22	2018	2015	-3	17
0.0	6	22	2018	2015	-3	16
0.00974025974025974	7	22	2018	2015	-3	15
0.032467532467532464	8	22	2018	2015	-3	14
0.18506493506493507	9	22	2018	2015	-3	13
0.03571428571428571	10	22	2018	2015	-3	12
0.03896103896103896	11	22	2018	2015	-3	11
0.003246753246753247	12	22	2018	2015	-3	10
0.012987012987012988	13	22	2018	2015	-3	9
0.21103896103896103	14	22	2018	2015	-3	8
0.2077922077922078	15	22	2018	2015	-3	7
0.17207792207792208	16	22	2018	2015	-3	6
0.01948051948051948	17	22	2018	2015	-3	5
0.00974025974025974	18	22	2018	2015	-3	4
0.01948051948051948	19	22	2018	2015	-3	3
0.0	20	22	2018	2015	-3	2
0.006493506493506494	21	22	2018	2015	-3	1
0.0	22	22	2018	2015	-3	0
0.0	23	22	2018	2015	-3	-1
0.0	24	22	2018	2015	-3	-2
0.0	25	22	2018	2015	-3	-3
0.0	26	22	2018	2015	-3	-4
0.0	27	22	2018	2015	-3	-5
0.0	28	22	2018	2015	-3	-6
0.0	29	22	2018	2015	-3	-7
0.0	0	22	2019	2015	-4	22
0.0	1	22	2019	2015	-4	21
0.0	2	22	2019	2015	-4	20
0.0	3	22	2019	2015	-4	19
0.0	4	22	2019	2015	-4	18
0.04477611940298507	5	22	2019	2015	-4	17
0.0	6	22	2019	2015	-4	16
0.007462686567164179	7	22	2019	2015	-4	15
0.022388059701492536	8	22	2019	2015	-4	14
0.07462686567164178	9	22	2019	2015	-4	13
0.0	10	22	2019	2015	-4	12
0.0	11	22	2019	2015	-4	11
0.0	12	22	2019	2015	-4	10
0.022388059701492536	13	22	2019	2015	-4	9
0.17164179104477612	14	22	2019	2015	-4	8
0.14925373134328357	15	22	2019	2015	-4	7
0.2537313432835821	16	22	2019	2015	-4	6
0.1044776119402985	17	22	2019	2015	-4	5
0.007462686567164179	18	22	2019	2015	-4	4
0.12686567164179105	19	22	2019	2015	-4	3
0.0	20	22	2019	2015	-4	2
0.007462686567164179	21	22	2019	2015	-4	1
0.0	22	22	2019	2015	-4	0
0.007462686567164179	23	22	2019	2015	-4	-1
0.0	24	22	2019	2015	-4	-2
0.0	25	22	2019	2015	-4	-3
0.0	26	22	2019	2015	-4	-4
0.0	27	22	2019	2015	-4	-5
0.0	28	22	2019	2015	-4	-6
0.0	29	22	2019	2015	-4	-7
0.0	0	22	2020	2015	-5	22
0.0	1	22	2020	2015	-5	21
0.0	2	22	2020	2015	-5	20
0.0	3	22	2020	2015	-5	19
0.0	4	22	2020	2015	-5	18
0.010830324909747292	5	22	2020	2015	-5	17
0.0	6	22	2020	2015	-5	16
0.19494584837545126	7	22	2020	2015	-5	15
0.010830324909747292	8	22	2020	2015	-5	14
0.018050541516245487	9	22	2020	2015	-5	13
0.021660649819494584	10	22	2020	2015	-5	12
0.0036101083032490976	11	22	2020	2015	-5	11
0.0	12	22	2020	2015	-5	10
0.0	13	22	2020	2015	-5	9
0.18772563176895307	14	22	2020	2015	-5	8
0.27075812274368233	15	22	2020	2015	-5	7
0.19494584837545126	16	22	2020	2015	-5	6
0.039711191335740074	17	22	2020	2015	-5	5
0.007220216606498195	18	22	2020	2015	-5	4
0.021660649819494584	19	22	2020	2015	-5	3
0.0036101083032490976	20	22	2020	2015	-5	2
0.007220216606498195	21	22	2020	2015	-5	1
0.0	22	22	2020	2015	-5	0
0.0036101083032490976	23	22	2020	2015	-5	-1
0.0036101083032490976	24	22	2020	2015	-5	-2
0.0	25	22	2020	2015	-5	-3
0.0	26	22	2020	2015	-5	-4
0.0	27	22	2020	2015	-5	-5
0.0	28	22	2020	2015	-5	-6
0.0	29	22	2020	2015	-5	-7
0.01327433628318584	0	22	2021	2015	-6	22
0.0	1	22	2021	2015	-6	21
0.0	2	22	2021	2015	-6	20
0.0	3	22	2021	2015	-6	19
0.0022123893805309734	4	22	2021	2015	-6	18
0.05088495575221239	5	22	2021	2015	-6	17
0.0022123893805309734	6	22	2021	2015	-6	16
0.34292035398230086	7	22	2021	2015	-6	15
0.01327433628318584	8	22	2021	2015	-6	14
0.05309734513274336	9	22	2021	2015	-6	13
0.028761061946902654	10	22	2021	2015	-6	12
0.015486725663716814	11	22	2021	2015	-6	11
0.0022123893805309734	12	22	2021	2015	-6	10
0.008849557522123894	13	22	2021	2015	-6	9
0.18584070796460178	14	22	2021	2015	-6	8
0.028761061946902654	15	22	2021	2015	-6	7
0.1592920353982301	16	22	2021	2015	-6	6
0.033185840707964605	17	22	2021	2015	-6	5
0.0	18	22	2021	2015	-6	4
0.030973451327433628	19	22	2021	2015	-6	3
0.0	20	22	2021	2015	-6	2
0.022123893805309734	21	22	2021	2015	-6	1
0.0	22	22	2021	2015	-6	0
0.00663716814159292	23	22	2021	2015	-6	-1
0.0	24	22	2021	2015	-6	-2
0.0	25	22	2021	2015	-6	-3
0.0	26	22	2021	2015	-6	-4
0.0	27	22	2021	2015	-6	-5
0.0	28	22	2021	2015	-6	-6
0.0	29	22	2021	2015	-6	-7
0.0	0	23	2010	2015	5	23
0.037383177570093455	1	23	2010	2015	5	22
0.028037383177570093	2	23	2010	2015	5	21
0.6728971962616822	3	23	2010	2015	5	20
0.1308411214953271	4	23	2010	2015	5	19
0.028037383177570093	5	23	2010	2015	5	18
0.0	6	23	2010	2015	5	17
0.037383177570093455	7	23	2010	2015	5	16
0.009345794392523364	8	23	2010	2015	5	15
0.018691588785046728	9	23	2010	2015	5	14
0.018691588785046728	10	23	2010	2015	5	13
0.0	11	23	2010	2015	5	12
0.0	12	23	2010	2015	5	11
0.0	13	23	2010	2015	5	10
0.009345794392523364	14	23	2010	2015	5	9
0.0	15	23	2010	2015	5	8
0.0	16	23	2010	2015	5	7
0.0	17	23	2010	2015	5	6
0.0	18	23	2010	2015	5	5
0.009345794392523364	19	23	2010	2015	5	4
0.0	20	23	2010	2015	5	3
0.0	21	23	2010	2015	5	2
0.0	22	23	2010	2015	5	1
0.0	23	23	2010	2015	5	0
0.0	24	23	2010	2015	5	-1
0.0	25	23	2010	2015	5	-2
0.0	26	23	2010	2015	5	-3
0.0	27	23	2010	2015	5	-4
0.0	28	23	2010	2015	5	-5
0.0	29	23	2010	2015	5	-6
0.0	0	23	2011	2015	4	23
0.0	1	23	2011	2015	4	22
0.0	2	23	2011	2015	4	21
0.0	3	23	2011	2015	4	20
1.0	4	23	2011	2015	4	19
0.0	5	23	2011	2015	4	18
0.0	6	23	2011	2015	4	17
0.0	7	23	2011	2015	4	16
0.0	8	23	2011	2015	4	15
0.0	9	23	2011	2015	4	14
0.0	10	23	2011	2015	4	13
0.0	11	23	2011	2015	4	12
0.0	12	23	2011	2015	4	11
0.0	13	23	2011	2015	4	10
0.0	14	23	2011	2015	4	9
0.0	15	23	2011	2015	4	8
0.0	16	23	2011	2015	4	7
0.0	17	23	2011	2015	4	6
0.0	18	23	2011	2015	4	5
0.0	19	23	2011	2015	4	4
0.0	20	23	2011	2015	4	3
0.0	21	23	2011	2015	4	2
0.0	22	23	2011	2015	4	1
0.0	23	23	2011	2015	4	0
0.0	24	23	2011	2015	4	-1
0.0	25	23	2011	2015	4	-2
0.0	26	23	2011	2015	4	-3
0.0	27	23	2011	2015	4	-4
0.0	28	23	2011	2015	4	-5
0.0	29	23	2011	2015	4	-6
0.008928571428571428	0	23	2012	2015	3	23
0.004464285714285714	1	23	2012	2015	3	22
0.0	2	23	2012	2015	3	21
0.10714285714285714	3	23	2012	2015	3	20
0.28125	4	23	2012	2015	3	19
0.05357142857142857	5	23	2012	2015	3	18
0.013392857142857142	6	23	2012	2015	3	17
0.29464285714285715	7	23	2012	2015	3	16
0.21875	8	23	2012	2015	3	15
0.0	9	23	2012	2015	3	14
0.013392857142857142	10	23	2012	2015	3	13
0.0	11	23	2012	2015	3	12
0.0	12	23	2012	2015	3	11
0.0	13	23	2012	2015	3	10
0.0	14	23	2012	2015	3	9
0.004464285714285714	15	23	2012	2015	3	8
0.0	16	23	2012	2015	3	7
0.0	17	23	2012	2015	3	6
0.0	18	23	2012	2015	3	5
0.0	19	23	2012	2015	3	4
0.0	20	23	2012	2015	3	3
0.0	21	23	2012	2015	3	2
0.0	22	23	2012	2015	3	1
0.0	23	23	2012	2015	3	0
0.0	24	23	2012	2015	3	-1
0.0	25	23	2012	2015	3	-2
0.0	26	23	2012	2015	3	-3
0.0	27	23	2012	2015	3	-4
0.0	28	23	2012	2015	3	-5
0.0	29	23	2012	2015	3	-6
0.0037593984962406013	0	23	2013	2015	2	23
0.0	1	23	2013	2015	2	22
0.0037593984962406013	2	23	2013	2015	2	21
0.06015037593984962	3	23	2013	2015	2	20
0.12030075187969924	4	23	2013	2015	2	19
0.018796992481203006	5	23	2013	2015	2	18
0.0	6	23	2013	2015	2	17
0.2593984962406015	7	23	2013	2015	2	16
0.41353383458646614	8	23	2013	2015	2	15
0.02631578947368421	9	23	2013	2015	2	14
0.03759398496240601	10	23	2013	2015	2	13
0.022556390977443608	11	23	2013	2015	2	12
0.0	12	23	2013	2015	2	11
0.011278195488721804	13	23	2013	2015	2	10
0.015037593984962405	14	23	2013	2015	2	9
0.0037593984962406013	15	23	2013	2015	2	8
0.0037593984962406013	16	23	2013	2015	2	7
0.0	17	23	2013	2015	2	6
0.0	18	23	2013	2015	2	5
0.0	19	23	2013	2015	2	4
0.0	20	23	2013	2015	2	3
0.0	21	23	2013	2015	2	2
0.0	22	23	2013	2015	2	1
0.0	23	23	2013	2015	2	0
0.0	24	23	2013	2015	2	-1
0.0	25	23	2013	2015	2	-2
0.0	26	23	2013	2015	2	-3
0.0	27	23	2013	2015	2	-4
0.0	28	23	2013	2015	2	-5
0.0	29	23	2013	2015	2	-6
0.010526315789473684	0	23	2014	2015	1	23
0.010526315789473684	1	23	2014	2015	1	22
0.0	2	23	2014	2015	1	21
0.06315789473684211	3	23	2014	2015	1	20
0.05263157894736842	4	23	2014	2015	1	19
0.010526315789473684	5	23	2014	2015	1	18
0.0	6	23	2014	2015	1	17
0.06315789473684211	7	23	2014	2015	1	16
0.28421052631578947	8	23	2014	2015	1	15
0.17894736842105263	9	23	2014	2015	1	14
0.14736842105263157	10	23	2014	2015	1	13
0.021052631578947368	11	23	2014	2015	1	12
0.0	12	23	2014	2015	1	11
0.0	13	23	2014	2015	1	10
0.14736842105263157	14	23	2014	2015	1	9
0.010526315789473684	15	23	2014	2015	1	8
0.0	16	23	2014	2015	1	7
0.0	17	23	2014	2015	1	6
0.0	18	23	2014	2015	1	5
0.0	19	23	2014	2015	1	4
0.0	20	23	2014	2015	1	3
0.0	21	23	2014	2015	1	2
0.0	22	23	2014	2015	1	1
0.0	23	23	2014	2015	1	0
0.0	24	23	2014	2015	1	-1
0.0	25	23	2014	2015	1	-2
0.0	26	23	2014	2015	1	-3
0.0	27	23	2014	2015	1	-4
0.0	28	23	2014	2015	1	-5
0.0	29	23	2014	2015	1	-6
0.0	0	23	2015	2015	0	23
0.0	1	23	2015	2015	0	22
0.0	2	23	2015	2015	0	21
0.013201320132013201	3	23	2015	2015	0	20
0.0231023102310231	4	23	2015	2015	0	19
0.013201320132013201	5	23	2015	2015	0	18
0.0	6	23	2015	2015	0	17
0.0858085808580858	7	23	2015	2015	0	16
0.10231023102310231	8	23	2015	2015	0	15
0.19141914191419143	9	23	2015	2015	0	14
0.14521452145214522	10	23	2015	2015	0	13
0.07260726072607261	11	23	2015	2015	0	12
0.006600660066006601	12	23	2015	2015	0	11
0.009900990099009901	13	23	2015	2015	0	10
0.13861386138613863	14	23	2015	2015	0	9
0.13861386138613863	15	23	2015	2015	0	8
0.0462046204620462	16	23	2015	2015	0	7
0.013201320132013201	17	23	2015	2015	0	6
0.0	18	23	2015	2015	0	5
0.0	19	23	2015	2015	0	4
0.0	20	23	2015	2015	0	3
0.0	21	23	2015	2015	0	2
0.0	22	23	2015	2015	0	1
0.0	23	23	2015	2015	0	0
0.0	24	23	2015	2015	0	-1
0.0	25	23	2015	2015	0	-2
0.0	26	23	2015	2015	0	-3
0.0	27	23	2015	2015	0	-4
0.0	28	23	2015	2015	0	-5
0.0	29	23	2015	2015	0	-6
0.02631578947368421	0	23	2016	2015	-1	23
0.0	1	23	2016	2015	-1	22
0.0	2	23	2016	2015	-1	21
0.0	3	23	2016	2015	-1	20
0.03289473684210526	4	23	2016	2015	-1	19
0.0	5	23	2016	2015	-1	18
0.0	6	23	2016	2015	-1	17
0.006578947368421052	7	23	2016	2015	-1	16
0.013157894736842105	8	23	2016	2015	-1	15
0.16447368421052633	9	23	2016	2015	-1	14
0.08552631578947369	10	23	2016	2015	-1	13
0.10526315789473684	11	23	2016	2015	-1	12
0.0	12	23	2016	2015	-1	11
0.013157894736842105	13	23	2016	2015	-1	10
0.1513157894736842	14	23	2016	2015	-1	9
0.27631578947368424	15	23	2016	2015	-1	8
0.125	16	23	2016	2015	-1	7
0.0	17	23	2016	2015	-1	6
0.0	18	23	2016	2015	-1	5
0.0	19	23	2016	2015	-1	4
0.0	20	23	2016	2015	-1	3
0.0	21	23	2016	2015	-1	2
0.0	22	23	2016	2015	-1	1
0.0	23	23	2016	2015	-1	0
0.0	24	23	2016	2015	-1	-1
0.0	25	23	2016	2015	-1	-2
0.0	26	23	2016	2015	-1	-3
0.0	27	23	2016	2015	-1	-4
0.0	28	23	2016	2015	-1	-5
0.0	29	23	2016	2015	-1	-6
0.010869565217391304	0	23	2017	2015	-2	23
0.0	1	23	2017	2015	-2	22
0.0	2	23	2017	2015	-2	21
0.0	3	23	2017	2015	-2	20
0.0	4	23	2017	2015	-2	19
0.0	5	23	2017	2015	-2	18
0.0	6	23	2017	2015	-2	17
0.010869565217391304	7	23	2017	2015	-2	16
0.016304347826086956	8	23	2017	2015	-2	15
0.09239130434782608	9	23	2017	2015	-2	14
0.10326086956521739	10	23	2017	2015	-2	13
0.02717391304347826	11	23	2017	2015	-2	12
0.005434782608695652	12	23	2017	2015	-2	11
0.0	13	23	2017	2015	-2	10
0.18478260869565216	14	23	2017	2015	-2	9
0.22282608695652173	15	23	2017	2015	-2	8
0.32608695652173914	16	23	2017	2015	-2	7
0.0	17	23	2017	2015	-2	6
0.0	18	23	2017	2015	-2	5
0.0	19	23	2017	2015	-2	4
0.0	20	23	2017	2015	-2	3
0.0	21	23	2017	2015	-2	2
0.0	22	23	2017	2015	-2	1
0.0	23	23	2017	2015	-2	0
0.0	24	23	2017	2015	-2	-1
0.0	25	23	2017	2015	-2	-2
0.0	26	23	2017	2015	-2	-3
0.0	27	23	2017	2015	-2	-4
0.0	28	23	2017	2015	-2	-5
0.0	29	23	2017	2015	-2	-6
0.012987012987012988	0	23	2018	2015	-3	23
0.0	1	23	2018	2015	-3	22
0.0	2	23	2018	2015	-3	21
0.0	3	23	2018	2015	-3	20
0.012987012987012988	4	23	2018	2015	-3	19
0.00974025974025974	5	23	2018	2015	-3	18
0.0	6	23	2018	2015	-3	17
0.00974025974025974	7	23	2018	2015	-3	16
0.032467532467532464	8	23	2018	2015	-3	15
0.18506493506493507	9	23	2018	2015	-3	14
0.03571428571428571	10	23	2018	2015	-3	13
0.03896103896103896	11	23	2018	2015	-3	12
0.003246753246753247	12	23	2018	2015	-3	11
0.012987012987012988	13	23	2018	2015	-3	10
0.21103896103896103	14	23	2018	2015	-3	9
0.2077922077922078	15	23	2018	2015	-3	8
0.17207792207792208	16	23	2018	2015	-3	7
0.01948051948051948	17	23	2018	2015	-3	6
0.00974025974025974	18	23	2018	2015	-3	5
0.01948051948051948	19	23	2018	2015	-3	4
0.0	20	23	2018	2015	-3	3
0.006493506493506494	21	23	2018	2015	-3	2
0.0	22	23	2018	2015	-3	1
0.0	23	23	2018	2015	-3	0
0.0	24	23	2018	2015	-3	-1
0.0	25	23	2018	2015	-3	-2
0.0	26	23	2018	2015	-3	-3
0.0	27	23	2018	2015	-3	-4
0.0	28	23	2018	2015	-3	-5
0.0	29	23	2018	2015	-3	-6
0.0	0	23	2019	2015	-4	23
0.0	1	23	2019	2015	-4	22
0.0	2	23	2019	2015	-4	21
0.0	3	23	2019	2015	-4	20
0.0	4	23	2019	2015	-4	19
0.04477611940298507	5	23	2019	2015	-4	18
0.0	6	23	2019	2015	-4	17
0.007462686567164179	7	23	2019	2015	-4	16
0.022388059701492536	8	23	2019	2015	-4	15
0.07462686567164178	9	23	2019	2015	-4	14
0.0	10	23	2019	2015	-4	13
0.0	11	23	2019	2015	-4	12
0.0	12	23	2019	2015	-4	11
0.022388059701492536	13	23	2019	2015	-4	10
0.17164179104477612	14	23	2019	2015	-4	9
0.14925373134328357	15	23	2019	2015	-4	8
0.2537313432835821	16	23	2019	2015	-4	7
0.1044776119402985	17	23	2019	2015	-4	6
0.007462686567164179	18	23	2019	2015	-4	5
0.12686567164179105	19	23	2019	2015	-4	4
0.0	20	23	2019	2015	-4	3
0.007462686567164179	21	23	2019	2015	-4	2
0.0	22	23	2019	2015	-4	1
0.007462686567164179	23	23	2019	2015	-4	0
0.0	24	23	2019	2015	-4	-1
0.0	25	23	2019	2015	-4	-2
0.0	26	23	2019	2015	-4	-3
0.0	27	23	2019	2015	-4	-4
0.0	28	23	2019	2015	-4	-5
0.0	29	23	2019	2015	-4	-6
0.0	0	23	2020	2015	-5	23
0.0	1	23	2020	2015	-5	22
0.0	2	23	2020	2015	-5	21
0.0	3	23	2020	2015	-5	20
0.0	4	23	2020	2015	-5	19
0.010830324909747292	5	23	2020	2015	-5	18
0.0	6	23	2020	2015	-5	17
0.19494584837545126	7	23	2020	2015	-5	16
0.010830324909747292	8	23	2020	2015	-5	15
0.018050541516245487	9	23	2020	2015	-5	14
0.021660649819494584	10	23	2020	2015	-5	13
0.0036101083032490976	11	23	2020	2015	-5	12
0.0	12	23	2020	2015	-5	11
0.0	13	23	2020	2015	-5	10
0.18772563176895307	14	23	2020	2015	-5	9
0.27075812274368233	15	23	2020	2015	-5	8
0.19494584837545126	16	23	2020	2015	-5	7
0.039711191335740074	17	23	2020	2015	-5	6
0.007220216606498195	18	23	2020	2015	-5	5
0.021660649819494584	19	23	2020	2015	-5	4
0.0036101083032490976	20	23	2020	2015	-5	3
0.007220216606498195	21	23	2020	2015	-5	2
0.0	22	23	2020	2015	-5	1
0.0036101083032490976	23	23	2020	2015	-5	0
0.0036101083032490976	24	23	2020	2015	-5	-1
0.0	25	23	2020	2015	-5	-2
0.0	26	23	2020	2015	-5	-3
0.0	27	23	2020	2015	-5	-4
0.0	28	23	2020	2015	-5	-5
0.0	29	23	2020	2015	-5	-6
0.01327433628318584	0	23	2021	2015	-6	23
0.0	1	23	2021	2015	-6	22
0.0	2	23	2021	2015	-6	21
0.0	3	23	2021	2015	-6	20
0.0022123893805309734	4	23	2021	2015	-6	19
0.05088495575221239	5	23	2021	2015	-6	18
0.0022123893805309734	6	23	2021	2015	-6	17
0.34292035398230086	7	23	2021	2015	-6	16
0.01327433628318584	8	23	2021	2015	-6	15
0.05309734513274336	9	23	2021	2015	-6	14
0.028761061946902654	10	23	2021	2015	-6	13
0.015486725663716814	11	23	2021	2015	-6	12
0.0022123893805309734	12	23	2021	2015	-6	11
0.008849557522123894	13	23	2021	2015	-6	10
0.18584070796460178	14	23	2021	2015	-6	9
0.028761061946902654	15	23	2021	2015	-6	8
0.1592920353982301	16	23	2021	2015	-6	7
0.033185840707964605	17	23	2021	2015	-6	6
0.0	18	23	2021	2015	-6	5
0.030973451327433628	19	23	2021	2015	-6	4
0.0	20	23	2021	2015	-6	3
0.022123893805309734	21	23	2021	2015	-6	2
0.0	22	23	2021	2015	-6	1
0.00663716814159292	23	23	2021	2015	-6	0
0.0	24	23	2021	2015	-6	-1
0.0	25	23	2021	2015	-6	-2
0.0	26	23	2021	2015	-6	-3
0.0	27	23	2021	2015	-6	-4
0.0	28	23	2021	2015	-6	-5
0.0	29	23	2021	2015	-6	-6
0.0	0	24	2010	2016	6	24
0.037383177570093455	1	24	2010	2016	6	23
0.028037383177570093	2	24	2010	2016	6	22
0.6728971962616822	3	24	2010	2016	6	21
0.1308411214953271	4	24	2010	2016	6	20
0.028037383177570093	5	24	2010	2016	6	19
0.0	6	24	2010	2016	6	18
0.037383177570093455	7	24	2010	2016	6	17
0.009345794392523364	8	24	2010	2016	6	16
0.018691588785046728	9	24	2010	2016	6	15
0.018691588785046728	10	24	2010	2016	6	14
0.0	11	24	2010	2016	6	13
0.0	12	24	2010	2016	6	12
0.0	13	24	2010	2016	6	11
0.009345794392523364	14	24	2010	2016	6	10
0.0	15	24	2010	2016	6	9
0.0	16	24	2010	2016	6	8
0.0	17	24	2010	2016	6	7
0.0	18	24	2010	2016	6	6
0.009345794392523364	19	24	2010	2016	6	5
0.0	20	24	2010	2016	6	4
0.0	21	24	2010	2016	6	3
0.0	22	24	2010	2016	6	2
0.0	23	24	2010	2016	6	1
0.0	24	24	2010	2016	6	0
0.0	25	24	2010	2016	6	-1
0.0	26	24	2010	2016	6	-2
0.0	27	24	2010	2016	6	-3
0.0	28	24	2010	2016	6	-4
0.0	29	24	2010	2016	6	-5
0.0	0	24	2011	2016	5	24
0.0	1	24	2011	2016	5	23
0.0	2	24	2011	2016	5	22
0.0	3	24	2011	2016	5	21
1.0	4	24	2011	2016	5	20
0.0	5	24	2011	2016	5	19
0.0	6	24	2011	2016	5	18
0.0	7	24	2011	2016	5	17
0.0	8	24	2011	2016	5	16
0.0	9	24	2011	2016	5	15
0.0	10	24	2011	2016	5	14
0.0	11	24	2011	2016	5	13
0.0	12	24	2011	2016	5	12
0.0	13	24	2011	2016	5	11
0.0	14	24	2011	2016	5	10
0.0	15	24	2011	2016	5	9
0.0	16	24	2011	2016	5	8
0.0	17	24	2011	2016	5	7
0.0	18	24	2011	2016	5	6
0.0	19	24	2011	2016	5	5
0.0	20	24	2011	2016	5	4
0.0	21	24	2011	2016	5	3
0.0	22	24	2011	2016	5	2
0.0	23	24	2011	2016	5	1
0.0	24	24	2011	2016	5	0
0.0	25	24	2011	2016	5	-1
0.0	26	24	2011	2016	5	-2
0.0	27	24	2011	2016	5	-3
0.0	28	24	2011	2016	5	-4
0.0	29	24	2011	2016	5	-5
0.008928571428571428	0	24	2012	2016	4	24
0.004464285714285714	1	24	2012	2016	4	23
0.0	2	24	2012	2016	4	22
0.10714285714285714	3	24	2012	2016	4	21
0.28125	4	24	2012	2016	4	20
0.05357142857142857	5	24	2012	2016	4	19
0.013392857142857142	6	24	2012	2016	4	18
0.29464285714285715	7	24	2012	2016	4	17
0.21875	8	24	2012	2016	4	16
0.0	9	24	2012	2016	4	15
0.013392857142857142	10	24	2012	2016	4	14
0.0	11	24	2012	2016	4	13
0.0	12	24	2012	2016	4	12
0.0	13	24	2012	2016	4	11
0.0	14	24	2012	2016	4	10
0.004464285714285714	15	24	2012	2016	4	9
0.0	16	24	2012	2016	4	8
0.0	17	24	2012	2016	4	7
0.0	18	24	2012	2016	4	6
0.0	19	24	2012	2016	4	5
0.0	20	24	2012	2016	4	4
0.0	21	24	2012	2016	4	3
0.0	22	24	2012	2016	4	2
0.0	23	24	2012	2016	4	1
0.0	24	24	2012	2016	4	0
0.0	25	24	2012	2016	4	-1
0.0	26	24	2012	2016	4	-2
0.0	27	24	2012	2016	4	-3
0.0	28	24	2012	2016	4	-4
0.0	29	24	2012	2016	4	-5
0.0037593984962406013	0	24	2013	2016	3	24
0.0	1	24	2013	2016	3	23
0.0037593984962406013	2	24	2013	2016	3	22
0.06015037593984962	3	24	2013	2016	3	21
0.12030075187969924	4	24	2013	2016	3	20
0.018796992481203006	5	24	2013	2016	3	19
0.0	6	24	2013	2016	3	18
0.2593984962406015	7	24	2013	2016	3	17
0.41353383458646614	8	24	2013	2016	3	16
0.02631578947368421	9	24	2013	2016	3	15
0.03759398496240601	10	24	2013	2016	3	14
0.022556390977443608	11	24	2013	2016	3	13
0.0	12	24	2013	2016	3	12
0.011278195488721804	13	24	2013	2016	3	11
0.015037593984962405	14	24	2013	2016	3	10
0.0037593984962406013	15	24	2013	2016	3	9
0.0037593984962406013	16	24	2013	2016	3	8
0.0	17	24	2013	2016	3	7
0.0	18	24	2013	2016	3	6
0.0	19	24	2013	2016	3	5
0.0	20	24	2013	2016	3	4
0.0	21	24	2013	2016	3	3
0.0	22	24	2013	2016	3	2
0.0	23	24	2013	2016	3	1
0.0	24	24	2013	2016	3	0
0.0	25	24	2013	2016	3	-1
0.0	26	24	2013	2016	3	-2
0.0	27	24	2013	2016	3	-3
0.0	28	24	2013	2016	3	-4
0.0	29	24	2013	2016	3	-5
0.010526315789473684	0	24	2014	2016	2	24
0.010526315789473684	1	24	2014	2016	2	23
0.0	2	24	2014	2016	2	22
0.06315789473684211	3	24	2014	2016	2	21
0.05263157894736842	4	24	2014	2016	2	20
0.010526315789473684	5	24	2014	2016	2	19
0.0	6	24	2014	2016	2	18
0.06315789473684211	7	24	2014	2016	2	17
0.28421052631578947	8	24	2014	2016	2	16
0.17894736842105263	9	24	2014	2016	2	15
0.14736842105263157	10	24	2014	2016	2	14
0.021052631578947368	11	24	2014	2016	2	13
0.0	12	24	2014	2016	2	12
0.0	13	24	2014	2016	2	11
0.14736842105263157	14	24	2014	2016	2	10
0.010526315789473684	15	24	2014	2016	2	9
0.0	16	24	2014	2016	2	8
0.0	17	24	2014	2016	2	7
0.0	18	24	2014	2016	2	6
0.0	19	24	2014	2016	2	5
0.0	20	24	2014	2016	2	4
0.0	21	24	2014	2016	2	3
0.0	22	24	2014	2016	2	2
0.0	23	24	2014	2016	2	1
0.0	24	24	2014	2016	2	0
0.0	25	24	2014	2016	2	-1
0.0	26	24	2014	2016	2	-2
0.0	27	24	2014	2016	2	-3
0.0	28	24	2014	2016	2	-4
0.0	29	24	2014	2016	2	-5
0.0	0	24	2015	2016	1	24
0.0	1	24	2015	2016	1	23
0.0	2	24	2015	2016	1	22
0.013201320132013201	3	24	2015	2016	1	21
0.0231023102310231	4	24	2015	2016	1	20
0.013201320132013201	5	24	2015	2016	1	19
0.0	6	24	2015	2016	1	18
0.0858085808580858	7	24	2015	2016	1	17
0.10231023102310231	8	24	2015	2016	1	16
0.19141914191419143	9	24	2015	2016	1	15
0.14521452145214522	10	24	2015	2016	1	14
0.07260726072607261	11	24	2015	2016	1	13
0.006600660066006601	12	24	2015	2016	1	12
0.009900990099009901	13	24	2015	2016	1	11
0.13861386138613863	14	24	2015	2016	1	10
0.13861386138613863	15	24	2015	2016	1	9
0.0462046204620462	16	24	2015	2016	1	8
0.013201320132013201	17	24	2015	2016	1	7
0.0	18	24	2015	2016	1	6
0.0	19	24	2015	2016	1	5
0.0	20	24	2015	2016	1	4
0.0	21	24	2015	2016	1	3
0.0	22	24	2015	2016	1	2
0.0	23	24	2015	2016	1	1
0.0	24	24	2015	2016	1	0
0.0	25	24	2015	2016	1	-1
0.0	26	24	2015	2016	1	-2
0.0	27	24	2015	2016	1	-3
0.0	28	24	2015	2016	1	-4
0.0	29	24	2015	2016	1	-5
0.02631578947368421	0	24	2016	2016	0	24
0.0	1	24	2016	2016	0	23
0.0	2	24	2016	2016	0	22
0.0	3	24	2016	2016	0	21
0.03289473684210526	4	24	2016	2016	0	20
0.0	5	24	2016	2016	0	19
0.0	6	24	2016	2016	0	18
0.006578947368421052	7	24	2016	2016	0	17
0.013157894736842105	8	24	2016	2016	0	16
0.16447368421052633	9	24	2016	2016	0	15
0.08552631578947369	10	24	2016	2016	0	14
0.10526315789473684	11	24	2016	2016	0	13
0.0	12	24	2016	2016	0	12
0.013157894736842105	13	24	2016	2016	0	11
0.1513157894736842	14	24	2016	2016	0	10
0.27631578947368424	15	24	2016	2016	0	9
0.125	16	24	2016	2016	0	8
0.0	17	24	2016	2016	0	7
0.0	18	24	2016	2016	0	6
0.0	19	24	2016	2016	0	5
0.0	20	24	2016	2016	0	4
0.0	21	24	2016	2016	0	3
0.0	22	24	2016	2016	0	2
0.0	23	24	2016	2016	0	1
0.0	24	24	2016	2016	0	0
0.0	25	24	2016	2016	0	-1
0.0	26	24	2016	2016	0	-2
0.0	27	24	2016	2016	0	-3
0.0	28	24	2016	2016	0	-4
0.0	29	24	2016	2016	0	-5
0.010869565217391304	0	24	2017	2016	-1	24
0.0	1	24	2017	2016	-1	23
0.0	2	24	2017	2016	-1	22
0.0	3	24	2017	2016	-1	21
0.0	4	24	2017	2016	-1	20
0.0	5	24	2017	2016	-1	19
0.0	6	24	2017	2016	-1	18
0.010869565217391304	7	24	2017	2016	-1	17
0.016304347826086956	8	24	2017	2016	-1	16
0.09239130434782608	9	24	2017	2016	-1	15
0.10326086956521739	10	24	2017	2016	-1	14
0.02717391304347826	11	24	2017	2016	-1	13
0.005434782608695652	12	24	2017	2016	-1	12
0.0	13	24	2017	2016	-1	11
0.18478260869565216	14	24	2017	2016	-1	10
0.22282608695652173	15	24	2017	2016	-1	9
0.32608695652173914	16	24	2017	2016	-1	8
0.0	17	24	2017	2016	-1	7
0.0	18	24	2017	2016	-1	6
0.0	19	24	2017	2016	-1	5
0.0	20	24	2017	2016	-1	4
0.0	21	24	2017	2016	-1	3
0.0	22	24	2017	2016	-1	2
0.0	23	24	2017	2016	-1	1
0.0	24	24	2017	2016	-1	0
0.0	25	24	2017	2016	-1	-1
0.0	26	24	2017	2016	-1	-2
0.0	27	24	2017	2016	-1	-3
0.0	28	24	2017	2016	-1	-4
0.0	29	24	2017	2016	-1	-5
0.012987012987012988	0	24	2018	2016	-2	24
0.0	1	24	2018	2016	-2	23
0.0	2	24	2018	2016	-2	22
0.0	3	24	2018	2016	-2	21
0.012987012987012988	4	24	2018	2016	-2	20
0.00974025974025974	5	24	2018	2016	-2	19
0.0	6	24	2018	2016	-2	18
0.00974025974025974	7	24	2018	2016	-2	17
0.032467532467532464	8	24	2018	2016	-2	16
0.18506493506493507	9	24	2018	2016	-2	15
0.03571428571428571	10	24	2018	2016	-2	14
0.03896103896103896	11	24	2018	2016	-2	13
0.003246753246753247	12	24	2018	2016	-2	12
0.012987012987012988	13	24	2018	2016	-2	11
0.21103896103896103	14	24	2018	2016	-2	10
0.2077922077922078	15	24	2018	2016	-2	9
0.17207792207792208	16	24	2018	2016	-2	8
0.01948051948051948	17	24	2018	2016	-2	7
0.00974025974025974	18	24	2018	2016	-2	6
0.01948051948051948	19	24	2018	2016	-2	5
0.0	20	24	2018	2016	-2	4
0.006493506493506494	21	24	2018	2016	-2	3
0.0	22	24	2018	2016	-2	2
0.0	23	24	2018	2016	-2	1
0.0	24	24	2018	2016	-2	0
0.0	25	24	2018	2016	-2	-1
0.0	26	24	2018	2016	-2	-2
0.0	27	24	2018	2016	-2	-3
0.0	28	24	2018	2016	-2	-4
0.0	29	24	2018	2016	-2	-5
0.0	0	24	2019	2016	-3	24
0.0	1	24	2019	2016	-3	23
0.0	2	24	2019	2016	-3	22
0.0	3	24	2019	2016	-3	21
0.0	4	24	2019	2016	-3	20
0.04477611940298507	5	24	2019	2016	-3	19
0.0	6	24	2019	2016	-3	18
0.007462686567164179	7	24	2019	2016	-3	17
0.022388059701492536	8	24	2019	2016	-3	16
0.07462686567164178	9	24	2019	2016	-3	15
0.0	10	24	2019	2016	-3	14
0.0	11	24	2019	2016	-3	13
0.0	12	24	2019	2016	-3	12
0.022388059701492536	13	24	2019	2016	-3	11
0.17164179104477612	14	24	2019	2016	-3	10
0.14925373134328357	15	24	2019	2016	-3	9
0.2537313432835821	16	24	2019	2016	-3	8
0.1044776119402985	17	24	2019	2016	-3	7
0.007462686567164179	18	24	2019	2016	-3	6
0.12686567164179105	19	24	2019	2016	-3	5
0.0	20	24	2019	2016	-3	4
0.007462686567164179	21	24	2019	2016	-3	3
0.0	22	24	2019	2016	-3	2
0.007462686567164179	23	24	2019	2016	-3	1
0.0	24	24	2019	2016	-3	0
0.0	25	24	2019	2016	-3	-1
0.0	26	24	2019	2016	-3	-2
0.0	27	24	2019	2016	-3	-3
0.0	28	24	2019	2016	-3	-4
0.0	29	24	2019	2016	-3	-5
0.0	0	24	2020	2016	-4	24
0.0	1	24	2020	2016	-4	23
0.0	2	24	2020	2016	-4	22
0.0	3	24	2020	2016	-4	21
0.0	4	24	2020	2016	-4	20
0.010830324909747292	5	24	2020	2016	-4	19
0.0	6	24	2020	2016	-4	18
0.19494584837545126	7	24	2020	2016	-4	17
0.010830324909747292	8	24	2020	2016	-4	16
0.018050541516245487	9	24	2020	2016	-4	15
0.021660649819494584	10	24	2020	2016	-4	14
0.0036101083032490976	11	24	2020	2016	-4	13
0.0	12	24	2020	2016	-4	12
0.0	13	24	2020	2016	-4	11
0.18772563176895307	14	24	2020	2016	-4	10
0.27075812274368233	15	24	2020	2016	-4	9
0.19494584837545126	16	24	2020	2016	-4	8
0.039711191335740074	17	24	2020	2016	-4	7
0.007220216606498195	18	24	2020	2016	-4	6
0.021660649819494584	19	24	2020	2016	-4	5
0.0036101083032490976	20	24	2020	2016	-4	4
0.007220216606498195	21	24	2020	2016	-4	3
0.0	22	24	2020	2016	-4	2
0.0036101083032490976	23	24	2020	2016	-4	1
0.0036101083032490976	24	24	2020	2016	-4	0
0.0	25	24	2020	2016	-4	-1
0.0	26	24	2020	2016	-4	-2
0.0	27	24	2020	2016	-4	-3
0.0	28	24	2020	2016	-4	-4
0.0	29	24	2020	2016	-4	-5
0.01327433628318584	0	24	2021	2016	-5	24
0.0	1	24	2021	2016	-5	23
0.0	2	24	2021	2016	-5	22
0.0	3	24	2021	2016	-5	21
0.0022123893805309734	4	24	2021	2016	-5	20
0.05088495575221239	5	24	2021	2016	-5	19
0.0022123893805309734	6	24	2021	2016	-5	18
0.34292035398230086	7	24	2021	2016	-5	17
0.01327433628318584	8	24	2021	2016	-5	16
0.05309734513274336	9	24	2021	2016	-5	15
0.028761061946902654	10	24	2021	2016	-5	14
0.015486725663716814	11	24	2021	2016	-5	13
0.0022123893805309734	12	24	2021	2016	-5	12
0.008849557522123894	13	24	2021	2016	-5	11
0.18584070796460178	14	24	2021	2016	-5	10
0.028761061946902654	15	24	2021	2016	-5	9
0.1592920353982301	16	24	2021	2016	-5	8
0.033185840707964605	17	24	2021	2016	-5	7
0.0	18	24	2021	2016	-5	6
0.030973451327433628	19	24	2021	2016	-5	5
0.0	20	24	2021	2016	-5	4
0.022123893805309734	21	24	2021	2016	-5	3
0.0	22	24	2021	2016	-5	2
0.00663716814159292	23	24	2021	2016	-5	1
0.0	24	24	2021	2016	-5	0
0.0	25	24	2021	2016	-5	-1
0.0	26	24	2021	2016	-5	-2
0.0	27	24	2021	2016	-5	-3
0.0	28	24	2021	2016	-5	-4
0.0	29	24	2021	2016	-5	-5
0.0	0	25	2010	2016	6	25
0.037383177570093455	1	25	2010	2016	6	24
0.028037383177570093	2	25	2010	2016	6	23
0.6728971962616822	3	25	2010	2016	6	22
0.1308411214953271	4	25	2010	2016	6	21
0.028037383177570093	5	25	2010	2016	6	20
0.0	6	25	2010	2016	6	19
0.037383177570093455	7	25	2010	2016	6	18
0.009345794392523364	8	25	2010	2016	6	17
0.018691588785046728	9	25	2010	2016	6	16
0.018691588785046728	10	25	2010	2016	6	15
0.0	11	25	2010	2016	6	14
0.0	12	25	2010	2016	6	13
0.0	13	25	2010	2016	6	12
0.009345794392523364	14	25	2010	2016	6	11
0.0	15	25	2010	2016	6	10
0.0	16	25	2010	2016	6	9
0.0	17	25	2010	2016	6	8
0.0	18	25	2010	2016	6	7
0.009345794392523364	19	25	2010	2016	6	6
0.0	20	25	2010	2016	6	5
0.0	21	25	2010	2016	6	4
0.0	22	25	2010	2016	6	3
0.0	23	25	2010	2016	6	2
0.0	24	25	2010	2016	6	1
0.0	25	25	2010	2016	6	0
0.0	26	25	2010	2016	6	-1
0.0	27	25	2010	2016	6	-2
0.0	28	25	2010	2016	6	-3
0.0	29	25	2010	2016	6	-4
0.0	0	25	2011	2016	5	25
0.0	1	25	2011	2016	5	24
0.0	2	25	2011	2016	5	23
0.0	3	25	2011	2016	5	22
1.0	4	25	2011	2016	5	21
0.0	5	25	2011	2016	5	20
0.0	6	25	2011	2016	5	19
0.0	7	25	2011	2016	5	18
0.0	8	25	2011	2016	5	17
0.0	9	25	2011	2016	5	16
0.0	10	25	2011	2016	5	15
0.0	11	25	2011	2016	5	14
0.0	12	25	2011	2016	5	13
0.0	13	25	2011	2016	5	12
0.0	14	25	2011	2016	5	11
0.0	15	25	2011	2016	5	10
0.0	16	25	2011	2016	5	9
0.0	17	25	2011	2016	5	8
0.0	18	25	2011	2016	5	7
0.0	19	25	2011	2016	5	6
0.0	20	25	2011	2016	5	5
0.0	21	25	2011	2016	5	4
0.0	22	25	2011	2016	5	3
0.0	23	25	2011	2016	5	2
0.0	24	25	2011	2016	5	1
0.0	25	25	2011	2016	5	0
0.0	26	25	2011	2016	5	-1
0.0	27	25	2011	2016	5	-2
0.0	28	25	2011	2016	5	-3
0.0	29	25	2011	2016	5	-4
0.008928571428571428	0	25	2012	2016	4	25
0.004464285714285714	1	25	2012	2016	4	24
0.0	2	25	2012	2016	4	23
0.10714285714285714	3	25	2012	2016	4	22
0.28125	4	25	2012	2016	4	21
0.05357142857142857	5	25	2012	2016	4	20
0.013392857142857142	6	25	2012	2016	4	19
0.29464285714285715	7	25	2012	2016	4	18
0.21875	8	25	2012	2016	4	17
0.0	9	25	2012	2016	4	16
0.013392857142857142	10	25	2012	2016	4	15
0.0	11	25	2012	2016	4	14
0.0	12	25	2012	2016	4	13
0.0	13	25	2012	2016	4	12
0.0	14	25	2012	2016	4	11
0.004464285714285714	15	25	2012	2016	4	10
0.0	16	25	2012	2016	4	9
0.0	17	25	2012	2016	4	8
0.0	18	25	2012	2016	4	7
0.0	19	25	2012	2016	4	6
0.0	20	25	2012	2016	4	5
0.0	21	25	2012	2016	4	4
0.0	22	25	2012	2016	4	3
0.0	23	25	2012	2016	4	2
0.0	24	25	2012	2016	4	1
0.0	25	25	2012	2016	4	0
0.0	26	25	2012	2016	4	-1
0.0	27	25	2012	2016	4	-2
0.0	28	25	2012	2016	4	-3
0.0	29	25	2012	2016	4	-4
0.0037593984962406013	0	25	2013	2016	3	25
0.0	1	25	2013	2016	3	24
0.0037593984962406013	2	25	2013	2016	3	23
0.06015037593984962	3	25	2013	2016	3	22
0.12030075187969924	4	25	2013	2016	3	21
0.018796992481203006	5	25	2013	2016	3	20
0.0	6	25	2013	2016	3	19
0.2593984962406015	7	25	2013	2016	3	18
0.41353383458646614	8	25	2013	2016	3	17
0.02631578947368421	9	25	2013	2016	3	16
0.03759398496240601	10	25	2013	2016	3	15
0.022556390977443608	11	25	2013	2016	3	14
0.0	12	25	2013	2016	3	13
0.011278195488721804	13	25	2013	2016	3	12
0.015037593984962405	14	25	2013	2016	3	11
0.0037593984962406013	15	25	2013	2016	3	10
0.0037593984962406013	16	25	2013	2016	3	9
0.0	17	25	2013	2016	3	8
0.0	18	25	2013	2016	3	7
0.0	19	25	2013	2016	3	6
0.0	20	25	2013	2016	3	5
0.0	21	25	2013	2016	3	4
0.0	22	25	2013	2016	3	3
0.0	23	25	2013	2016	3	2
0.0	24	25	2013	2016	3	1
0.0	25	25	2013	2016	3	0
0.0	26	25	2013	2016	3	-1
0.0	27	25	2013	2016	3	-2
0.0	28	25	2013	2016	3	-3
0.0	29	25	2013	2016	3	-4
0.010526315789473684	0	25	2014	2016	2	25
0.010526315789473684	1	25	2014	2016	2	24
0.0	2	25	2014	2016	2	23
0.06315789473684211	3	25	2014	2016	2	22
0.05263157894736842	4	25	2014	2016	2	21
0.010526315789473684	5	25	2014	2016	2	20
0.0	6	25	2014	2016	2	19
0.06315789473684211	7	25	2014	2016	2	18
0.28421052631578947	8	25	2014	2016	2	17
0.17894736842105263	9	25	2014	2016	2	16
0.14736842105263157	10	25	2014	2016	2	15
0.021052631578947368	11	25	2014	2016	2	14
0.0	12	25	2014	2016	2	13
0.0	13	25	2014	2016	2	12
0.14736842105263157	14	25	2014	2016	2	11
0.010526315789473684	15	25	2014	2016	2	10
0.0	16	25	2014	2016	2	9
0.0	17	25	2014	2016	2	8
0.0	18	25	2014	2016	2	7
0.0	19	25	2014	2016	2	6
0.0	20	25	2014	2016	2	5
0.0	21	25	2014	2016	2	4
0.0	22	25	2014	2016	2	3
0.0	23	25	2014	2016	2	2
0.0	24	25	2014	2016	2	1
0.0	25	25	2014	2016	2	0
0.0	26	25	2014	2016	2	-1
0.0	27	25	2014	2016	2	-2
0.0	28	25	2014	2016	2	-3
0.0	29	25	2014	2016	2	-4
0.0	0	25	2015	2016	1	25
0.0	1	25	2015	2016	1	24
0.0	2	25	2015	2016	1	23
0.013201320132013201	3	25	2015	2016	1	22
0.0231023102310231	4	25	2015	2016	1	21
0.013201320132013201	5	25	2015	2016	1	20
0.0	6	25	2015	2016	1	19
0.0858085808580858	7	25	2015	2016	1	18
0.10231023102310231	8	25	2015	2016	1	17
0.19141914191419143	9	25	2015	2016	1	16
0.14521452145214522	10	25	2015	2016	1	15
0.07260726072607261	11	25	2015	2016	1	14
0.006600660066006601	12	25	2015	2016	1	13
0.009900990099009901	13	25	2015	2016	1	12
0.13861386138613863	14	25	2015	2016	1	11
0.13861386138613863	15	25	2015	2016	1	10
0.0462046204620462	16	25	2015	2016	1	9
0.013201320132013201	17	25	2015	2016	1	8
0.0	18	25	2015	2016	1	7
0.0	19	25	2015	2016	1	6
0.0	20	25	2015	2016	1	5
0.0	21	25	2015	2016	1	4
0.0	22	25	2015	2016	1	3
0.0	23	25	2015	2016	1	2
0.0	24	25	2015	2016	1	1
0.0	25	25	2015	2016	1	0
0.0	26	25	2015	2016	1	-1
0.0	27	25	2015	2016	1	-2
0.0	28	25	2015	2016	1	-3
0.0	29	25	2015	2016	1	-4
0.02631578947368421	0	25	2016	2016	0	25
0.0	1	25	2016	2016	0	24
0.0	2	25	2016	2016	0	23
0.0	3	25	2016	2016	0	22
0.03289473684210526	4	25	2016	2016	0	21
0.0	5	25	2016	2016	0	20
0.0	6	25	2016	2016	0	19
0.006578947368421052	7	25	2016	2016	0	18
0.013157894736842105	8	25	2016	2016	0	17
0.16447368421052633	9	25	2016	2016	0	16
0.08552631578947369	10	25	2016	2016	0	15
0.10526315789473684	11	25	2016	2016	0	14
0.0	12	25	2016	2016	0	13
0.013157894736842105	13	25	2016	2016	0	12
0.1513157894736842	14	25	2016	2016	0	11
0.27631578947368424	15	25	2016	2016	0	10
0.125	16	25	2016	2016	0	9
0.0	17	25	2016	2016	0	8
0.0	18	25	2016	2016	0	7
0.0	19	25	2016	2016	0	6
0.0	20	25	2016	2016	0	5
0.0	21	25	2016	2016	0	4
0.0	22	25	2016	2016	0	3
0.0	23	25	2016	2016	0	2
0.0	24	25	2016	2016	0	1
0.0	25	25	2016	2016	0	0
0.0	26	25	2016	2016	0	-1
0.0	27	25	2016	2016	0	-2
0.0	28	25	2016	2016	0	-3
0.0	29	25	2016	2016	0	-4
0.010869565217391304	0	25	2017	2016	-1	25
0.0	1	25	2017	2016	-1	24
0.0	2	25	2017	2016	-1	23
0.0	3	25	2017	2016	-1	22
0.0	4	25	2017	2016	-1	21
0.0	5	25	2017	2016	-1	20
0.0	6	25	2017	2016	-1	19
0.010869565217391304	7	25	2017	2016	-1	18
0.016304347826086956	8	25	2017	2016	-1	17
0.09239130434782608	9	25	2017	2016	-1	16
0.10326086956521739	10	25	2017	2016	-1	15
0.02717391304347826	11	25	2017	2016	-1	14
0.005434782608695652	12	25	2017	2016	-1	13
0.0	13	25	2017	2016	-1	12
0.18478260869565216	14	25	2017	2016	-1	11
0.22282608695652173	15	25	2017	2016	-1	10
0.32608695652173914	16	25	2017	2016	-1	9
0.0	17	25	2017	2016	-1	8
0.0	18	25	2017	2016	-1	7
0.0	19	25	2017	2016	-1	6
0.0	20	25	2017	2016	-1	5
0.0	21	25	2017	2016	-1	4
0.0	22	25	2017	2016	-1	3
0.0	23	25	2017	2016	-1	2
0.0	24	25	2017	2016	-1	1
0.0	25	25	2017	2016	-1	0
0.0	26	25	2017	2016	-1	-1
0.0	27	25	2017	2016	-1	-2
0.0	28	25	2017	2016	-1	-3
0.0	29	25	2017	2016	-1	-4
0.012987012987012988	0	25	2018	2016	-2	25
0.0	1	25	2018	2016	-2	24
0.0	2	25	2018	2016	-2	23
0.0	3	25	2018	2016	-2	22
0.012987012987012988	4	25	2018	2016	-2	21
0.00974025974025974	5	25	2018	2016	-2	20
0.0	6	25	2018	2016	-2	19
0.00974025974025974	7	25	2018	2016	-2	18
0.032467532467532464	8	25	2018	2016	-2	17
0.18506493506493507	9	25	2018	2016	-2	16
0.03571428571428571	10	25	2018	2016	-2	15
0.03896103896103896	11	25	2018	2016	-2	14
0.003246753246753247	12	25	2018	2016	-2	13
0.012987012987012988	13	25	2018	2016	-2	12
0.21103896103896103	14	25	2018	2016	-2	11
0.2077922077922078	15	25	2018	2016	-2	10
0.17207792207792208	16	25	2018	2016	-2	9
0.01948051948051948	17	25	2018	2016	-2	8
0.00974025974025974	18	25	2018	2016	-2	7
0.01948051948051948	19	25	2018	2016	-2	6
0.0	20	25	2018	2016	-2	5
0.006493506493506494	21	25	2018	2016	-2	4
0.0	22	25	2018	2016	-2	3
0.0	23	25	2018	2016	-2	2
0.0	24	25	2018	2016	-2	1
0.0	25	25	2018	2016	-2	0
0.0	26	25	2018	2016	-2	-1
0.0	27	25	2018	2016	-2	-2
0.0	28	25	2018	2016	-2	-3
0.0	29	25	2018	2016	-2	-4
0.0	0	25	2019	2016	-3	25
0.0	1	25	2019	2016	-3	24
0.0	2	25	2019	2016	-3	23
0.0	3	25	2019	2016	-3	22
0.0	4	25	2019	2016	-3	21
0.04477611940298507	5	25	2019	2016	-3	20
0.0	6	25	2019	2016	-3	19
0.007462686567164179	7	25	2019	2016	-3	18
0.022388059701492536	8	25	2019	2016	-3	17
0.07462686567164178	9	25	2019	2016	-3	16
0.0	10	25	2019	2016	-3	15
0.0	11	25	2019	2016	-3	14
0.0	12	25	2019	2016	-3	13
0.022388059701492536	13	25	2019	2016	-3	12
0.17164179104477612	14	25	2019	2016	-3	11
0.14925373134328357	15	25	2019	2016	-3	10
0.2537313432835821	16	25	2019	2016	-3	9
0.1044776119402985	17	25	2019	2016	-3	8
0.007462686567164179	18	25	2019	2016	-3	7
0.12686567164179105	19	25	2019	2016	-3	6
0.0	20	25	2019	2016	-3	5
0.007462686567164179	21	25	2019	2016	-3	4
0.0	22	25	2019	2016	-3	3
0.007462686567164179	23	25	2019	2016	-3	2
0.0	24	25	2019	2016	-3	1
0.0	25	25	2019	2016	-3	0
0.0	26	25	2019	2016	-3	-1
0.0	27	25	2019	2016	-3	-2
0.0	28	25	2019	2016	-3	-3
0.0	29	25	2019	2016	-3	-4
0.0	0	25	2020	2016	-4	25
0.0	1	25	2020	2016	-4	24
0.0	2	25	2020	2016	-4	23
0.0	3	25	2020	2016	-4	22
0.0	4	25	2020	2016	-4	21
0.010830324909747292	5	25	2020	2016	-4	20
0.0	6	25	2020	2016	-4	19
0.19494584837545126	7	25	2020	2016	-4	18
0.010830324909747292	8	25	2020	2016	-4	17
0.018050541516245487	9	25	2020	2016	-4	16
0.021660649819494584	10	25	2020	2016	-4	15
0.0036101083032490976	11	25	2020	2016	-4	14
0.0	12	25	2020	2016	-4	13
0.0	13	25	2020	2016	-4	12
0.18772563176895307	14	25	2020	2016	-4	11
0.27075812274368233	15	25	2020	2016	-4	10
0.19494584837545126	16	25	2020	2016	-4	9
0.039711191335740074	17	25	2020	2016	-4	8
0.007220216606498195	18	25	2020	2016	-4	7
0.021660649819494584	19	25	2020	2016	-4	6
0.0036101083032490976	20	25	2020	2016	-4	5
0.007220216606498195	21	25	2020	2016	-4	4
0.0	22	25	2020	2016	-4	3
0.0036101083032490976	23	25	2020	2016	-4	2
0.0036101083032490976	24	25	2020	2016	-4	1
0.0	25	25	2020	2016	-4	0
0.0	26	25	2020	2016	-4	-1
0.0	27	25	2020	2016	-4	-2
0.0	28	25	2020	2016	-4	-3
0.0	29	25	2020	2016	-4	-4
0.01327433628318584	0	25	2021	2016	-5	25
0.0	1	25	2021	2016	-5	24
0.0	2	25	2021	2016	-5	23
0.0	3	25	2021	2016	-5	22
0.0022123893805309734	4	25	2021	2016	-5	21
0.05088495575221239	5	25	2021	2016	-5	20
0.0022123893805309734	6	25	2021	2016	-5	19
0.34292035398230086	7	25	2021	2016	-5	18
0.01327433628318584	8	25	2021	2016	-5	17
0.05309734513274336	9	25	2021	2016	-5	16
0.028761061946902654	10	25	2021	2016	-5	15
0.015486725663716814	11	25	2021	2016	-5	14
0.0022123893805309734	12	25	2021	2016	-5	13
0.008849557522123894	13	25	2021	2016	-5	12
0.18584070796460178	14	25	2021	2016	-5	11
0.028761061946902654	15	25	2021	2016	-5	10
0.1592920353982301	16	25	2021	2016	-5	9
0.033185840707964605	17	25	2021	2016	-5	8
0.0	18	25	2021	2016	-5	7
0.030973451327433628	19	25	2021	2016	-5	6
0.0	20	25	2021	2016	-5	5
0.022123893805309734	21	25	2021	2016	-5	4
0.0	22	25	2021	2016	-5	3
0.00663716814159292	23	25	2021	2016	-5	2
0.0	24	25	2021	2016	-5	1
0.0	25	25	2021	2016	-5	0
0.0	26	25	2021	2016	-5	-1
0.0	27	25	2021	2016	-5	-2
0.0	28	25	2021	2016	-5	-3
0.0	29	25	2021	2016	-5	-4
0.0	0	26	2010	2017	7	26
0.037383177570093455	1	26	2010	2017	7	25
0.028037383177570093	2	26	2010	2017	7	24
0.6728971962616822	3	26	2010	2017	7	23
0.1308411214953271	4	26	2010	2017	7	22
0.028037383177570093	5	26	2010	2017	7	21
0.0	6	26	2010	2017	7	20
0.037383177570093455	7	26	2010	2017	7	19
0.009345794392523364	8	26	2010	2017	7	18
0.018691588785046728	9	26	2010	2017	7	17
0.018691588785046728	10	26	2010	2017	7	16
0.0	11	26	2010	2017	7	15
0.0	12	26	2010	2017	7	14
0.0	13	26	2010	2017	7	13
0.009345794392523364	14	26	2010	2017	7	12
0.0	15	26	2010	2017	7	11
0.0	16	26	2010	2017	7	10
0.0	17	26	2010	2017	7	9
0.0	18	26	2010	2017	7	8
0.009345794392523364	19	26	2010	2017	7	7
0.0	20	26	2010	2017	7	6
0.0	21	26	2010	2017	7	5
0.0	22	26	2010	2017	7	4
0.0	23	26	2010	2017	7	3
0.0	24	26	2010	2017	7	2
0.0	25	26	2010	2017	7	1
0.0	26	26	2010	2017	7	0
0.0	27	26	2010	2017	7	-1
0.0	28	26	2010	2017	7	-2
0.0	29	26	2010	2017	7	-3
0.0	0	26	2011	2017	6	26
0.0	1	26	2011	2017	6	25
0.0	2	26	2011	2017	6	24
0.0	3	26	2011	2017	6	23
1.0	4	26	2011	2017	6	22
0.0	5	26	2011	2017	6	21
0.0	6	26	2011	2017	6	20
0.0	7	26	2011	2017	6	19
0.0	8	26	2011	2017	6	18
0.0	9	26	2011	2017	6	17
0.0	10	26	2011	2017	6	16
0.0	11	26	2011	2017	6	15
0.0	12	26	2011	2017	6	14
0.0	13	26	2011	2017	6	13
0.0	14	26	2011	2017	6	12
0.0	15	26	2011	2017	6	11
0.0	16	26	2011	2017	6	10
0.0	17	26	2011	2017	6	9
0.0	18	26	2011	2017	6	8
0.0	19	26	2011	2017	6	7
0.0	20	26	2011	2017	6	6
0.0	21	26	2011	2017	6	5
0.0	22	26	2011	2017	6	4
0.0	23	26	2011	2017	6	3
0.0	24	26	2011	2017	6	2
0.0	25	26	2011	2017	6	1
0.0	26	26	2011	2017	6	0
0.0	27	26	2011	2017	6	-1
0.0	28	26	2011	2017	6	-2
0.0	29	26	2011	2017	6	-3
0.008928571428571428	0	26	2012	2017	5	26
0.004464285714285714	1	26	2012	2017	5	25
0.0	2	26	2012	2017	5	24
0.10714285714285714	3	26	2012	2017	5	23
0.28125	4	26	2012	2017	5	22
0.05357142857142857	5	26	2012	2017	5	21
0.013392857142857142	6	26	2012	2017	5	20
0.29464285714285715	7	26	2012	2017	5	19
0.21875	8	26	2012	2017	5	18
0.0	9	26	2012	2017	5	17
0.013392857142857142	10	26	2012	2017	5	16
0.0	11	26	2012	2017	5	15
0.0	12	26	2012	2017	5	14
0.0	13	26	2012	2017	5	13
0.0	14	26	2012	2017	5	12
0.004464285714285714	15	26	2012	2017	5	11
0.0	16	26	2012	2017	5	10
0.0	17	26	2012	2017	5	9
0.0	18	26	2012	2017	5	8
0.0	19	26	2012	2017	5	7
0.0	20	26	2012	2017	5	6
0.0	21	26	2012	2017	5	5
0.0	22	26	2012	2017	5	4
0.0	23	26	2012	2017	5	3
0.0	24	26	2012	2017	5	2
0.0	25	26	2012	2017	5	1
0.0	26	26	2012	2017	5	0
0.0	27	26	2012	2017	5	-1
0.0	28	26	2012	2017	5	-2
0.0	29	26	2012	2017	5	-3
0.0037593984962406013	0	26	2013	2017	4	26
0.0	1	26	2013	2017	4	25
0.0037593984962406013	2	26	2013	2017	4	24
0.06015037593984962	3	26	2013	2017	4	23
0.12030075187969924	4	26	2013	2017	4	22
0.018796992481203006	5	26	2013	2017	4	21
0.0	6	26	2013	2017	4	20
0.2593984962406015	7	26	2013	2017	4	19
0.41353383458646614	8	26	2013	2017	4	18
0.02631578947368421	9	26	2013	2017	4	17
0.03759398496240601	10	26	2013	2017	4	16
0.022556390977443608	11	26	2013	2017	4	15
0.0	12	26	2013	2017	4	14
0.011278195488721804	13	26	2013	2017	4	13
0.015037593984962405	14	26	2013	2017	4	12
0.0037593984962406013	15	26	2013	2017	4	11
0.0037593984962406013	16	26	2013	2017	4	10
0.0	17	26	2013	2017	4	9
0.0	18	26	2013	2017	4	8
0.0	19	26	2013	2017	4	7
0.0	20	26	2013	2017	4	6
0.0	21	26	2013	2017	4	5
0.0	22	26	2013	2017	4	4
0.0	23	26	2013	2017	4	3
0.0	24	26	2013	2017	4	2
0.0	25	26	2013	2017	4	1
0.0	26	26	2013	2017	4	0
0.0	27	26	2013	2017	4	-1
0.0	28	26	2013	2017	4	-2
0.0	29	26	2013	2017	4	-3
0.010526315789473684	0	26	2014	2017	3	26
0.010526315789473684	1	26	2014	2017	3	25
0.0	2	26	2014	2017	3	24
0.06315789473684211	3	26	2014	2017	3	23
0.05263157894736842	4	26	2014	2017	3	22
0.010526315789473684	5	26	2014	2017	3	21
0.0	6	26	2014	2017	3	20
0.06315789473684211	7	26	2014	2017	3	19
0.28421052631578947	8	26	2014	2017	3	18
0.17894736842105263	9	26	2014	2017	3	17
0.14736842105263157	10	26	2014	2017	3	16
0.021052631578947368	11	26	2014	2017	3	15
0.0	12	26	2014	2017	3	14
0.0	13	26	2014	2017	3	13
0.14736842105263157	14	26	2014	2017	3	12
0.010526315789473684	15	26	2014	2017	3	11
0.0	16	26	2014	2017	3	10
0.0	17	26	2014	2017	3	9
0.0	18	26	2014	2017	3	8
0.0	19	26	2014	2017	3	7
0.0	20	26	2014	2017	3	6
0.0	21	26	2014	2017	3	5
0.0	22	26	2014	2017	3	4
0.0	23	26	2014	2017	3	3
0.0	24	26	2014	2017	3	2
0.0	25	26	2014	2017	3	1
0.0	26	26	2014	2017	3	0
0.0	27	26	2014	2017	3	-1
0.0	28	26	2014	2017	3	-2
0.0	29	26	2014	2017	3	-3
0.0	0	26	2015	2017	2	26
0.0	1	26	2015	2017	2	25
0.0	2	26	2015	2017	2	24
0.013201320132013201	3	26	2015	2017	2	23
0.0231023102310231	4	26	2015	2017	2	22
0.013201320132013201	5	26	2015	2017	2	21
0.0	6	26	2015	2017	2	20
0.0858085808580858	7	26	2015	2017	2	19
0.10231023102310231	8	26	2015	2017	2	18
0.19141914191419143	9	26	2015	2017	2	17
0.14521452145214522	10	26	2015	2017	2	16
0.07260726072607261	11	26	2015	2017	2	15
0.006600660066006601	12	26	2015	2017	2	14
0.009900990099009901	13	26	2015	2017	2	13
0.13861386138613863	14	26	2015	2017	2	12
0.13861386138613863	15	26	2015	2017	2	11
0.0462046204620462	16	26	2015	2017	2	10
0.013201320132013201	17	26	2015	2017	2	9
0.0	18	26	2015	2017	2	8
0.0	19	26	2015	2017	2	7
0.0	20	26	2015	2017	2	6
0.0	21	26	2015	2017	2	5
0.0	22	26	2015	2017	2	4
0.0	23	26	2015	2017	2	3
0.0	24	26	2015	2017	2	2
0.0	25	26	2015	2017	2	1
0.0	26	26	2015	2017	2	0
0.0	27	26	2015	2017	2	-1
0.0	28	26	2015	2017	2	-2
0.0	29	26	2015	2017	2	-3
0.02631578947368421	0	26	2016	2017	1	26
0.0	1	26	2016	2017	1	25
0.0	2	26	2016	2017	1	24
0.0	3	26	2016	2017	1	23
0.03289473684210526	4	26	2016	2017	1	22
0.0	5	26	2016	2017	1	21
0.0	6	26	2016	2017	1	20
0.006578947368421052	7	26	2016	2017	1	19
0.013157894736842105	8	26	2016	2017	1	18
0.16447368421052633	9	26	2016	2017	1	17
0.08552631578947369	10	26	2016	2017	1	16
0.10526315789473684	11	26	2016	2017	1	15
0.0	12	26	2016	2017	1	14
0.013157894736842105	13	26	2016	2017	1	13
0.1513157894736842	14	26	2016	2017	1	12
0.27631578947368424	15	26	2016	2017	1	11
0.125	16	26	2016	2017	1	10
0.0	17	26	2016	2017	1	9
0.0	18	26	2016	2017	1	8
0.0	19	26	2016	2017	1	7
0.0	20	26	2016	2017	1	6
0.0	21	26	2016	2017	1	5
0.0	22	26	2016	2017	1	4
0.0	23	26	2016	2017	1	3
0.0	24	26	2016	2017	1	2
0.0	25	26	2016	2017	1	1
0.0	26	26	2016	2017	1	0
0.0	27	26	2016	2017	1	-1
0.0	28	26	2016	2017	1	-2
0.0	29	26	2016	2017	1	-3
0.010869565217391304	0	26	2017	2017	0	26
0.0	1	26	2017	2017	0	25
0.0	2	26	2017	2017	0	24
0.0	3	26	2017	2017	0	23
0.0	4	26	2017	2017	0	22
0.0	5	26	2017	2017	0	21
0.0	6	26	2017	2017	0	20
0.010869565217391304	7	26	2017	2017	0	19
0.016304347826086956	8	26	2017	2017	0	18
0.09239130434782608	9	26	2017	2017	0	17
0.10326086956521739	10	26	2017	2017	0	16
0.02717391304347826	11	26	2017	2017	0	15
0.005434782608695652	12	26	2017	2017	0	14
0.0	13	26	2017	2017	0	13
0.18478260869565216	14	26	2017	2017	0	12
0.22282608695652173	15	26	2017	2017	0	11
0.32608695652173914	16	26	2017	2017	0	10
0.0	17	26	2017	2017	0	9
0.0	18	26	2017	2017	0	8
0.0	19	26	2017	2017	0	7
0.0	20	26	2017	2017	0	6
0.0	21	26	2017	2017	0	5
0.0	22	26	2017	2017	0	4
0.0	23	26	2017	2017	0	3
0.0	24	26	2017	2017	0	2
0.0	25	26	2017	2017	0	1
0.0	26	26	2017	2017	0	0
0.0	27	26	2017	2017	0	-1
0.0	28	26	2017	2017	0	-2
0.0	29	26	2017	2017	0	-3
0.012987012987012988	0	26	2018	2017	-1	26
0.0	1	26	2018	2017	-1	25
0.0	2	26	2018	2017	-1	24
0.0	3	26	2018	2017	-1	23
0.012987012987012988	4	26	2018	2017	-1	22
0.00974025974025974	5	26	2018	2017	-1	21
0.0	6	26	2018	2017	-1	20
0.00974025974025974	7	26	2018	2017	-1	19
0.032467532467532464	8	26	2018	2017	-1	18
0.18506493506493507	9	26	2018	2017	-1	17
0.03571428571428571	10	26	2018	2017	-1	16
0.03896103896103896	11	26	2018	2017	-1	15
0.003246753246753247	12	26	2018	2017	-1	14
0.012987012987012988	13	26	2018	2017	-1	13
0.21103896103896103	14	26	2018	2017	-1	12
0.2077922077922078	15	26	2018	2017	-1	11
0.17207792207792208	16	26	2018	2017	-1	10
0.01948051948051948	17	26	2018	2017	-1	9
0.00974025974025974	18	26	2018	2017	-1	8
0.01948051948051948	19	26	2018	2017	-1	7
0.0	20	26	2018	2017	-1	6
0.006493506493506494	21	26	2018	2017	-1	5
0.0	22	26	2018	2017	-1	4
0.0	23	26	2018	2017	-1	3
0.0	24	26	2018	2017	-1	2
0.0	25	26	2018	2017	-1	1
0.0	26	26	2018	2017	-1	0
0.0	27	26	2018	2017	-1	-1
0.0	28	26	2018	2017	-1	-2
0.0	29	26	2018	2017	-1	-3
0.0	0	26	2019	2017	-2	26
0.0	1	26	2019	2017	-2	25
0.0	2	26	2019	2017	-2	24
0.0	3	26	2019	2017	-2	23
0.0	4	26	2019	2017	-2	22
0.04477611940298507	5	26	2019	2017	-2	21
0.0	6	26	2019	2017	-2	20
0.007462686567164179	7	26	2019	2017	-2	19
0.022388059701492536	8	26	2019	2017	-2	18
0.07462686567164178	9	26	2019	2017	-2	17
0.0	10	26	2019	2017	-2	16
0.0	11	26	2019	2017	-2	15
0.0	12	26	2019	2017	-2	14
0.022388059701492536	13	26	2019	2017	-2	13
0.17164179104477612	14	26	2019	2017	-2	12
0.14925373134328357	15	26	2019	2017	-2	11
0.2537313432835821	16	26	2019	2017	-2	10
0.1044776119402985	17	26	2019	2017	-2	9
0.007462686567164179	18	26	2019	2017	-2	8
0.12686567164179105	19	26	2019	2017	-2	7
0.0	20	26	2019	2017	-2	6
0.007462686567164179	21	26	2019	2017	-2	5
0.0	22	26	2019	2017	-2	4
0.007462686567164179	23	26	2019	2017	-2	3
0.0	24	26	2019	2017	-2	2
0.0	25	26	2019	2017	-2	1
0.0	26	26	2019	2017	-2	0
0.0	27	26	2019	2017	-2	-1
0.0	28	26	2019	2017	-2	-2
0.0	29	26	2019	2017	-2	-3
0.0	0	26	2020	2017	-3	26
0.0	1	26	2020	2017	-3	25
0.0	2	26	2020	2017	-3	24
0.0	3	26	2020	2017	-3	23
0.0	4	26	2020	2017	-3	22
0.010830324909747292	5	26	2020	2017	-3	21
0.0	6	26	2020	2017	-3	20
0.19494584837545126	7	26	2020	2017	-3	19
0.010830324909747292	8	26	2020	2017	-3	18
0.018050541516245487	9	26	2020	2017	-3	17
0.021660649819494584	10	26	2020	2017	-3	16
0.0036101083032490976	11	26	2020	2017	-3	15
0.0	12	26	2020	2017	-3	14
0.0	13	26	2020	2017	-3	13
0.18772563176895307	14	26	2020	2017	-3	12
0.27075812274368233	15	26	2020	2017	-3	11
0.19494584837545126	16	26	2020	2017	-3	10
0.039711191335740074	17	26	2020	2017	-3	9
0.007220216606498195	18	26	2020	2017	-3	8
0.021660649819494584	19	26	2020	2017	-3	7
0.0036101083032490976	20	26	2020	2017	-3	6
0.007220216606498195	21	26	2020	2017	-3	5
0.0	22	26	2020	2017	-3	4
0.0036101083032490976	23	26	2020	2017	-3	3
0.0036101083032490976	24	26	2020	2017	-3	2
0.0	25	26	2020	2017	-3	1
0.0	26	26	2020	2017	-3	0
0.0	27	26	2020	2017	-3	-1
0.0	28	26	2020	2017	-3	-2
0.0	29	26	2020	2017	-3	-3
0.01327433628318584	0	26	2021	2017	-4	26
0.0	1	26	2021	2017	-4	25
0.0	2	26	2021	2017	-4	24
0.0	3	26	2021	2017	-4	23
0.0022123893805309734	4	26	2021	2017	-4	22
0.05088495575221239	5	26	2021	2017	-4	21
0.0022123893805309734	6	26	2021	2017	-4	20
0.34292035398230086	7	26	2021	2017	-4	19
0.01327433628318584	8	26	2021	2017	-4	18
0.05309734513274336	9	26	2021	2017	-4	17
0.028761061946902654	10	26	2021	2017	-4	16
0.015486725663716814	11	26	2021	2017	-4	15
0.0022123893805309734	12	26	2021	2017	-4	14
0.008849557522123894	13	26	2021	2017	-4	13
0.18584070796460178	14	26	2021	2017	-4	12
0.028761061946902654	15	26	2021	2017	-4	11
0.1592920353982301	16	26	2021	2017	-4	10
0.033185840707964605	17	26	2021	2017	-4	9
0.0	18	26	2021	2017	-4	8
0.030973451327433628	19	26	2021	2017	-4	7
0.0	20	26	2021	2017	-4	6
0.022123893805309734	21	26	2021	2017	-4	5
0.0	22	26	2021	2017	-4	4
0.00663716814159292	23	26	2021	2017	-4	3
0.0	24	26	2021	2017	-4	2
0.0	25	26	2021	2017	-4	1
0.0	26	26	2021	2017	-4	0
0.0	27	26	2021	2017	-4	-1
0.0	28	26	2021	2017	-4	-2
0.0	29	26	2021	2017	-4	-3
0.0	0	27	2010	2017	7	27
0.037383177570093455	1	27	2010	2017	7	26
0.028037383177570093	2	27	2010	2017	7	25
0.6728971962616822	3	27	2010	2017	7	24
0.1308411214953271	4	27	2010	2017	7	23
0.028037383177570093	5	27	2010	2017	7	22
0.0	6	27	2010	2017	7	21
0.037383177570093455	7	27	2010	2017	7	20
0.009345794392523364	8	27	2010	2017	7	19
0.018691588785046728	9	27	2010	2017	7	18
0.018691588785046728	10	27	2010	2017	7	17
0.0	11	27	2010	2017	7	16
0.0	12	27	2010	2017	7	15
0.0	13	27	2010	2017	7	14
0.009345794392523364	14	27	2010	2017	7	13
0.0	15	27	2010	2017	7	12
0.0	16	27	2010	2017	7	11
0.0	17	27	2010	2017	7	10
0.0	18	27	2010	2017	7	9
0.009345794392523364	19	27	2010	2017	7	8
0.0	20	27	2010	2017	7	7
0.0	21	27	2010	2017	7	6
0.0	22	27	2010	2017	7	5
0.0	23	27	2010	2017	7	4
0.0	24	27	2010	2017	7	3
0.0	25	27	2010	2017	7	2
0.0	26	27	2010	2017	7	1
0.0	27	27	2010	2017	7	0
0.0	28	27	2010	2017	7	-1
0.0	29	27	2010	2017	7	-2
0.0	0	27	2011	2017	6	27
0.0	1	27	2011	2017	6	26
0.0	2	27	2011	2017	6	25
0.0	3	27	2011	2017	6	24
1.0	4	27	2011	2017	6	23
0.0	5	27	2011	2017	6	22
0.0	6	27	2011	2017	6	21
0.0	7	27	2011	2017	6	20
0.0	8	27	2011	2017	6	19
0.0	9	27	2011	2017	6	18
0.0	10	27	2011	2017	6	17
0.0	11	27	2011	2017	6	16
0.0	12	27	2011	2017	6	15
0.0	13	27	2011	2017	6	14
0.0	14	27	2011	2017	6	13
0.0	15	27	2011	2017	6	12
0.0	16	27	2011	2017	6	11
0.0	17	27	2011	2017	6	10
0.0	18	27	2011	2017	6	9
0.0	19	27	2011	2017	6	8
0.0	20	27	2011	2017	6	7
0.0	21	27	2011	2017	6	6
0.0	22	27	2011	2017	6	5
0.0	23	27	2011	2017	6	4
0.0	24	27	2011	2017	6	3
0.0	25	27	2011	2017	6	2
0.0	26	27	2011	2017	6	1
0.0	27	27	2011	2017	6	0
0.0	28	27	2011	2017	6	-1
0.0	29	27	2011	2017	6	-2
0.008928571428571428	0	27	2012	2017	5	27
0.004464285714285714	1	27	2012	2017	5	26
0.0	2	27	2012	2017	5	25
0.10714285714285714	3	27	2012	2017	5	24
0.28125	4	27	2012	2017	5	23
0.05357142857142857	5	27	2012	2017	5	22
0.013392857142857142	6	27	2012	2017	5	21
0.29464285714285715	7	27	2012	2017	5	20
0.21875	8	27	2012	2017	5	19
0.0	9	27	2012	2017	5	18
0.013392857142857142	10	27	2012	2017	5	17
0.0	11	27	2012	2017	5	16
0.0	12	27	2012	2017	5	15
0.0	13	27	2012	2017	5	14
0.0	14	27	2012	2017	5	13
0.004464285714285714	15	27	2012	2017	5	12
0.0	16	27	2012	2017	5	11
0.0	17	27	2012	2017	5	10
0.0	18	27	2012	2017	5	9
0.0	19	27	2012	2017	5	8
0.0	20	27	2012	2017	5	7
0.0	21	27	2012	2017	5	6
0.0	22	27	2012	2017	5	5
0.0	23	27	2012	2017	5	4
0.0	24	27	2012	2017	5	3
0.0	25	27	2012	2017	5	2
0.0	26	27	2012	2017	5	1
0.0	27	27	2012	2017	5	0
0.0	28	27	2012	2017	5	-1
0.0	29	27	2012	2017	5	-2
0.0037593984962406013	0	27	2013	2017	4	27
0.0	1	27	2013	2017	4	26
0.0037593984962406013	2	27	2013	2017	4	25
0.06015037593984962	3	27	2013	2017	4	24
0.12030075187969924	4	27	2013	2017	4	23
0.018796992481203006	5	27	2013	2017	4	22
0.0	6	27	2013	2017	4	21
0.2593984962406015	7	27	2013	2017	4	20
0.41353383458646614	8	27	2013	2017	4	19
0.02631578947368421	9	27	2013	2017	4	18
0.03759398496240601	10	27	2013	2017	4	17
0.022556390977443608	11	27	2013	2017	4	16
0.0	12	27	2013	2017	4	15
0.011278195488721804	13	27	2013	2017	4	14
0.015037593984962405	14	27	2013	2017	4	13
0.0037593984962406013	15	27	2013	2017	4	12
0.0037593984962406013	16	27	2013	2017	4	11
0.0	17	27	2013	2017	4	10
0.0	18	27	2013	2017	4	9
0.0	19	27	2013	2017	4	8
0.0	20	27	2013	2017	4	7
0.0	21	27	2013	2017	4	6
0.0	22	27	2013	2017	4	5
0.0	23	27	2013	2017	4	4
0.0	24	27	2013	2017	4	3
0.0	25	27	2013	2017	4	2
0.0	26	27	2013	2017	4	1
0.0	27	27	2013	2017	4	0
0.0	28	27	2013	2017	4	-1
0.0	29	27	2013	2017	4	-2
0.010526315789473684	0	27	2014	2017	3	27
0.010526315789473684	1	27	2014	2017	3	26
0.0	2	27	2014	2017	3	25
0.06315789473684211	3	27	2014	2017	3	24
0.05263157894736842	4	27	2014	2017	3	23
0.010526315789473684	5	27	2014	2017	3	22
0.0	6	27	2014	2017	3	21
0.06315789473684211	7	27	2014	2017	3	20
0.28421052631578947	8	27	2014	2017	3	19
0.17894736842105263	9	27	2014	2017	3	18
0.14736842105263157	10	27	2014	2017	3	17
0.021052631578947368	11	27	2014	2017	3	16
0.0	12	27	2014	2017	3	15
0.0	13	27	2014	2017	3	14
0.14736842105263157	14	27	2014	2017	3	13
0.010526315789473684	15	27	2014	2017	3	12
0.0	16	27	2014	2017	3	11
0.0	17	27	2014	2017	3	10
0.0	18	27	2014	2017	3	9
0.0	19	27	2014	2017	3	8
0.0	20	27	2014	2017	3	7
0.0	21	27	2014	2017	3	6
0.0	22	27	2014	2017	3	5
0.0	23	27	2014	2017	3	4
0.0	24	27	2014	2017	3	3
0.0	25	27	2014	2017	3	2
0.0	26	27	2014	2017	3	1
0.0	27	27	2014	2017	3	0
0.0	28	27	2014	2017	3	-1
0.0	29	27	2014	2017	3	-2
0.0	0	27	2015	2017	2	27
0.0	1	27	2015	2017	2	26
0.0	2	27	2015	2017	2	25
0.013201320132013201	3	27	2015	2017	2	24
0.0231023102310231	4	27	2015	2017	2	23
0.013201320132013201	5	27	2015	2017	2	22
0.0	6	27	2015	2017	2	21
0.0858085808580858	7	27	2015	2017	2	20
0.10231023102310231	8	27	2015	2017	2	19
0.19141914191419143	9	27	2015	2017	2	18
0.14521452145214522	10	27	2015	2017	2	17
0.07260726072607261	11	27	2015	2017	2	16
0.006600660066006601	12	27	2015	2017	2	15
0.009900990099009901	13	27	2015	2017	2	14
0.13861386138613863	14	27	2015	2017	2	13
0.13861386138613863	15	27	2015	2017	2	12
0.0462046204620462	16	27	2015	2017	2	11
0.013201320132013201	17	27	2015	2017	2	10
0.0	18	27	2015	2017	2	9
0.0	19	27	2015	2017	2	8
0.0	20	27	2015	2017	2	7
0.0	21	27	2015	2017	2	6
0.0	22	27	2015	2017	2	5
0.0	23	27	2015	2017	2	4
0.0	24	27	2015	2017	2	3
0.0	25	27	2015	2017	2	2
0.0	26	27	2015	2017	2	1
0.0	27	27	2015	2017	2	0
0.0	28	27	2015	2017	2	-1
0.0	29	27	2015	2017	2	-2
0.02631578947368421	0	27	2016	2017	1	27
0.0	1	27	2016	2017	1	26
0.0	2	27	2016	2017	1	25
0.0	3	27	2016	2017	1	24
0.03289473684210526	4	27	2016	2017	1	23
0.0	5	27	2016	2017	1	22
0.0	6	27	2016	2017	1	21
0.006578947368421052	7	27	2016	2017	1	20
0.013157894736842105	8	27	2016	2017	1	19
0.16447368421052633	9	27	2016	2017	1	18
0.08552631578947369	10	27	2016	2017	1	17
0.10526315789473684	11	27	2016	2017	1	16
0.0	12	27	2016	2017	1	15
0.013157894736842105	13	27	2016	2017	1	14
0.1513157894736842	14	27	2016	2017	1	13
0.27631578947368424	15	27	2016	2017	1	12
0.125	16	27	2016	2017	1	11
0.0	17	27	2016	2017	1	10
0.0	18	27	2016	2017	1	9
0.0	19	27	2016	2017	1	8
0.0	20	27	2016	2017	1	7
0.0	21	27	2016	2017	1	6
0.0	22	27	2016	2017	1	5
0.0	23	27	2016	2017	1	4
0.0	24	27	2016	2017	1	3
0.0	25	27	2016	2017	1	2
0.0	26	27	2016	2017	1	1
0.0	27	27	2016	2017	1	0
0.0	28	27	2016	2017	1	-1
0.0	29	27	2016	2017	1	-2
0.010869565217391304	0	27	2017	2017	0	27
0.0	1	27	2017	2017	0	26
0.0	2	27	2017	2017	0	25
0.0	3	27	2017	2017	0	24
0.0	4	27	2017	2017	0	23
0.0	5	27	2017	2017	0	22
0.0	6	27	2017	2017	0	21
0.010869565217391304	7	27	2017	2017	0	20
0.016304347826086956	8	27	2017	2017	0	19
0.09239130434782608	9	27	2017	2017	0	18
0.10326086956521739	10	27	2017	2017	0	17
0.02717391304347826	11	27	2017	2017	0	16
0.005434782608695652	12	27	2017	2017	0	15
0.0	13	27	2017	2017	0	14
0.18478260869565216	14	27	2017	2017	0	13
0.22282608695652173	15	27	2017	2017	0	12
0.32608695652173914	16	27	2017	2017	0	11
0.0	17	27	2017	2017	0	10
0.0	18	27	2017	2017	0	9
0.0	19	27	2017	2017	0	8
0.0	20	27	2017	2017	0	7
0.0	21	27	2017	2017	0	6
0.0	22	27	2017	2017	0	5
0.0	23	27	2017	2017	0	4
0.0	24	27	2017	2017	0	3
0.0	25	27	2017	2017	0	2
0.0	26	27	2017	2017	0	1
0.0	27	27	2017	2017	0	0
0.0	28	27	2017	2017	0	-1
0.0	29	27	2017	2017	0	-2
0.012987012987012988	0	27	2018	2017	-1	27
0.0	1	27	2018	2017	-1	26
0.0	2	27	2018	2017	-1	25
0.0	3	27	2018	2017	-1	24
0.012987012987012988	4	27	2018	2017	-1	23
0.00974025974025974	5	27	2018	2017	-1	22
0.0	6	27	2018	2017	-1	21
0.00974025974025974	7	27	2018	2017	-1	20
0.032467532467532464	8	27	2018	2017	-1	19
0.18506493506493507	9	27	2018	2017	-1	18
0.03571428571428571	10	27	2018	2017	-1	17
0.03896103896103896	11	27	2018	2017	-1	16
0.003246753246753247	12	27	2018	2017	-1	15
0.012987012987012988	13	27	2018	2017	-1	14
0.21103896103896103	14	27	2018	2017	-1	13
0.2077922077922078	15	27	2018	2017	-1	12
0.17207792207792208	16	27	2018	2017	-1	11
0.01948051948051948	17	27	2018	2017	-1	10
0.00974025974025974	18	27	2018	2017	-1	9
0.01948051948051948	19	27	2018	2017	-1	8
0.0	20	27	2018	2017	-1	7
0.006493506493506494	21	27	2018	2017	-1	6
0.0	22	27	2018	2017	-1	5
0.0	23	27	2018	2017	-1	4
0.0	24	27	2018	2017	-1	3
0.0	25	27	2018	2017	-1	2
0.0	26	27	2018	2017	-1	1
0.0	27	27	2018	2017	-1	0
0.0	28	27	2018	2017	-1	-1
0.0	29	27	2018	2017	-1	-2
0.0	0	27	2019	2017	-2	27
0.0	1	27	2019	2017	-2	26
0.0	2	27	2019	2017	-2	25
0.0	3	27	2019	2017	-2	24
0.0	4	27	2019	2017	-2	23
0.04477611940298507	5	27	2019	2017	-2	22
0.0	6	27	2019	2017	-2	21
0.007462686567164179	7	27	2019	2017	-2	20
0.022388059701492536	8	27	2019	2017	-2	19
0.07462686567164178	9	27	2019	2017	-2	18
0.0	10	27	2019	2017	-2	17
0.0	11	27	2019	2017	-2	16
0.0	12	27	2019	2017	-2	15
0.022388059701492536	13	27	2019	2017	-2	14
0.17164179104477612	14	27	2019	2017	-2	13
0.14925373134328357	15	27	2019	2017	-2	12
0.2537313432835821	16	27	2019	2017	-2	11
0.1044776119402985	17	27	2019	2017	-2	10
0.007462686567164179	18	27	2019	2017	-2	9
0.12686567164179105	19	27	2019	2017	-2	8
0.0	20	27	2019	2017	-2	7
0.007462686567164179	21	27	2019	2017	-2	6
0.0	22	27	2019	2017	-2	5
0.007462686567164179	23	27	2019	2017	-2	4
0.0	24	27	2019	2017	-2	3
0.0	25	27	2019	2017	-2	2
0.0	26	27	2019	2017	-2	1
0.0	27	27	2019	2017	-2	0
0.0	28	27	2019	2017	-2	-1
0.0	29	27	2019	2017	-2	-2
0.0	0	27	2020	2017	-3	27
0.0	1	27	2020	2017	-3	26
0.0	2	27	2020	2017	-3	25
0.0	3	27	2020	2017	-3	24
0.0	4	27	2020	2017	-3	23
0.010830324909747292	5	27	2020	2017	-3	22
0.0	6	27	2020	2017	-3	21
0.19494584837545126	7	27	2020	2017	-3	20
0.010830324909747292	8	27	2020	2017	-3	19
0.018050541516245487	9	27	2020	2017	-3	18
0.021660649819494584	10	27	2020	2017	-3	17
0.0036101083032490976	11	27	2020	2017	-3	16
0.0	12	27	2020	2017	-3	15
0.0	13	27	2020	2017	-3	14
0.18772563176895307	14	27	2020	2017	-3	13
0.27075812274368233	15	27	2020	2017	-3	12
0.19494584837545126	16	27	2020	2017	-3	11
0.039711191335740074	17	27	2020	2017	-3	10
0.007220216606498195	18	27	2020	2017	-3	9
0.021660649819494584	19	27	2020	2017	-3	8
0.0036101083032490976	20	27	2020	2017	-3	7
0.007220216606498195	21	27	2020	2017	-3	6
0.0	22	27	2020	2017	-3	5
0.0036101083032490976	23	27	2020	2017	-3	4
0.0036101083032490976	24	27	2020	2017	-3	3
0.0	25	27	2020	2017	-3	2
0.0	26	27	2020	2017	-3	1
0.0	27	27	2020	2017	-3	0
0.0	28	27	2020	2017	-3	-1
0.0	29	27	2020	2017	-3	-2
0.01327433628318584	0	27	2021	2017	-4	27
0.0	1	27	2021	2017	-4	26
0.0	2	27	2021	2017	-4	25
0.0	3	27	2021	2017	-4	24
0.0022123893805309734	4	27	2021	2017	-4	23
0.05088495575221239	5	27	2021	2017	-4	22
0.0022123893805309734	6	27	2021	2017	-4	21
0.34292035398230086	7	27	2021	2017	-4	20
0.01327433628318584	8	27	2021	2017	-4	19
0.05309734513274336	9	27	2021	2017	-4	18
0.028761061946902654	10	27	2021	2017	-4	17
0.015486725663716814	11	27	2021	2017	-4	16
0.0022123893805309734	12	27	2021	2017	-4	15
0.008849557522123894	13	27	2021	2017	-4	14
0.18584070796460178	14	27	2021	2017	-4	13
0.028761061946902654	15	27	2021	2017	-4	12
0.1592920353982301	16	27	2021	2017	-4	11
0.033185840707964605	17	27	2021	2017	-4	10
0.0	18	27	2021	2017	-4	9
0.030973451327433628	19	27	2021	2017	-4	8
0.0	20	27	2021	2017	-4	7
0.022123893805309734	21	27	2021	2017	-4	6
0.0	22	27	2021	2017	-4	5
0.00663716814159292	23	27	2021	2017	-4	4
0.0	24	27	2021	2017	-4	3
0.0	25	27	2021	2017	-4	2
0.0	26	27	2021	2017	-4	1
0.0	27	27	2021	2017	-4	0
0.0	28	27	2021	2017	-4	-1
0.0	29	27	2021	2017	-4	-2
0.0	0	28	2010	2018	8	28
0.037383177570093455	1	28	2010	2018	8	27
0.028037383177570093	2	28	2010	2018	8	26
0.6728971962616822	3	28	2010	2018	8	25
0.1308411214953271	4	28	2010	2018	8	24
0.028037383177570093	5	28	2010	2018	8	23
0.0	6	28	2010	2018	8	22
0.037383177570093455	7	28	2010	2018	8	21
0.009345794392523364	8	28	2010	2018	8	20
0.018691588785046728	9	28	2010	2018	8	19
0.018691588785046728	10	28	2010	2018	8	18
0.0	11	28	2010	2018	8	17
0.0	12	28	2010	2018	8	16
0.0	13	28	2010	2018	8	15
0.009345794392523364	14	28	2010	2018	8	14
0.0	15	28	2010	2018	8	13
0.0	16	28	2010	2018	8	12
0.0	17	28	2010	2018	8	11
0.0	18	28	2010	2018	8	10
0.009345794392523364	19	28	2010	2018	8	9
0.0	20	28	2010	2018	8	8
0.0	21	28	2010	2018	8	7
0.0	22	28	2010	2018	8	6
0.0	23	28	2010	2018	8	5
0.0	24	28	2010	2018	8	4
0.0	25	28	2010	2018	8	3
0.0	26	28	2010	2018	8	2
0.0	27	28	2010	2018	8	1
0.0	28	28	2010	2018	8	0
0.0	29	28	2010	2018	8	-1
0.0	0	28	2011	2018	7	28
0.0	1	28	2011	2018	7	27
0.0	2	28	2011	2018	7	26
0.0	3	28	2011	2018	7	25
1.0	4	28	2011	2018	7	24
0.0	5	28	2011	2018	7	23
0.0	6	28	2011	2018	7	22
0.0	7	28	2011	2018	7	21
0.0	8	28	2011	2018	7	20
0.0	9	28	2011	2018	7	19
0.0	10	28	2011	2018	7	18
0.0	11	28	2011	2018	7	17
0.0	12	28	2011	2018	7	16
0.0	13	28	2011	2018	7	15
0.0	14	28	2011	2018	7	14
0.0	15	28	2011	2018	7	13
0.0	16	28	2011	2018	7	12
0.0	17	28	2011	2018	7	11
0.0	18	28	2011	2018	7	10
0.0	19	28	2011	2018	7	9
0.0	20	28	2011	2018	7	8
0.0	21	28	2011	2018	7	7
0.0	22	28	2011	2018	7	6
0.0	23	28	2011	2018	7	5
0.0	24	28	2011	2018	7	4
0.0	25	28	2011	2018	7	3
0.0	26	28	2011	2018	7	2
0.0	27	28	2011	2018	7	1
0.0	28	28	2011	2018	7	0
0.0	29	28	2011	2018	7	-1
0.008928571428571428	0	28	2012	2018	6	28
0.004464285714285714	1	28	2012	2018	6	27
0.0	2	28	2012	2018	6	26
0.10714285714285714	3	28	2012	2018	6	25
0.28125	4	28	2012	2018	6	24
0.05357142857142857	5	28	2012	2018	6	23
0.013392857142857142	6	28	2012	2018	6	22
0.29464285714285715	7	28	2012	2018	6	21
0.21875	8	28	2012	2018	6	20
0.0	9	28	2012	2018	6	19
0.013392857142857142	10	28	2012	2018	6	18
0.0	11	28	2012	2018	6	17
0.0	12	28	2012	2018	6	16
0.0	13	28	2012	2018	6	15
0.0	14	28	2012	2018	6	14
0.004464285714285714	15	28	2012	2018	6	13
0.0	16	28	2012	2018	6	12
0.0	17	28	2012	2018	6	11
0.0	18	28	2012	2018	6	10
0.0	19	28	2012	2018	6	9
0.0	20	28	2012	2018	6	8
0.0	21	28	2012	2018	6	7
0.0	22	28	2012	2018	6	6
0.0	23	28	2012	2018	6	5
0.0	24	28	2012	2018	6	4
0.0	25	28	2012	2018	6	3
0.0	26	28	2012	2018	6	2
0.0	27	28	2012	2018	6	1
0.0	28	28	2012	2018	6	0
0.0	29	28	2012	2018	6	-1
0.0037593984962406013	0	28	2013	2018	5	28
0.0	1	28	2013	2018	5	27
0.0037593984962406013	2	28	2013	2018	5	26
0.06015037593984962	3	28	2013	2018	5	25
0.12030075187969924	4	28	2013	2018	5	24
0.018796992481203006	5	28	2013	2018	5	23
0.0	6	28	2013	2018	5	22
0.2593984962406015	7	28	2013	2018	5	21
0.41353383458646614	8	28	2013	2018	5	20
0.02631578947368421	9	28	2013	2018	5	19
0.03759398496240601	10	28	2013	2018	5	18
0.022556390977443608	11	28	2013	2018	5	17
0.0	12	28	2013	2018	5	16
0.011278195488721804	13	28	2013	2018	5	15
0.015037593984962405	14	28	2013	2018	5	14
0.0037593984962406013	15	28	2013	2018	5	13
0.0037593984962406013	16	28	2013	2018	5	12
0.0	17	28	2013	2018	5	11
0.0	18	28	2013	2018	5	10
0.0	19	28	2013	2018	5	9
0.0	20	28	2013	2018	5	8
0.0	21	28	2013	2018	5	7
0.0	22	28	2013	2018	5	6
0.0	23	28	2013	2018	5	5
0.0	24	28	2013	2018	5	4
0.0	25	28	2013	2018	5	3
0.0	26	28	2013	2018	5	2
0.0	27	28	2013	2018	5	1
0.0	28	28	2013	2018	5	0
0.0	29	28	2013	2018	5	-1
0.010526315789473684	0	28	2014	2018	4	28
0.010526315789473684	1	28	2014	2018	4	27
0.0	2	28	2014	2018	4	26
0.06315789473684211	3	28	2014	2018	4	25
0.05263157894736842	4	28	2014	2018	4	24
0.010526315789473684	5	28	2014	2018	4	23
0.0	6	28	2014	2018	4	22
0.06315789473684211	7	28	2014	2018	4	21
0.28421052631578947	8	28	2014	2018	4	20
0.17894736842105263	9	28	2014	2018	4	19
0.14736842105263157	10	28	2014	2018	4	18
0.021052631578947368	11	28	2014	2018	4	17
0.0	12	28	2014	2018	4	16
0.0	13	28	2014	2018	4	15
0.14736842105263157	14	28	2014	2018	4	14
0.010526315789473684	15	28	2014	2018	4	13
0.0	16	28	2014	2018	4	12
0.0	17	28	2014	2018	4	11
0.0	18	28	2014	2018	4	10
0.0	19	28	2014	2018	4	9
0.0	20	28	2014	2018	4	8
0.0	21	28	2014	2018	4	7
0.0	22	28	2014	2018	4	6
0.0	23	28	2014	2018	4	5
0.0	24	28	2014	2018	4	4
0.0	25	28	2014	2018	4	3
0.0	26	28	2014	2018	4	2
0.0	27	28	2014	2018	4	1
0.0	28	28	2014	2018	4	0
0.0	29	28	2014	2018	4	-1
0.0	0	28	2015	2018	3	28
0.0	1	28	2015	2018	3	27
0.0	2	28	2015	2018	3	26
0.013201320132013201	3	28	2015	2018	3	25
0.0231023102310231	4	28	2015	2018	3	24
0.013201320132013201	5	28	2015	2018	3	23
0.0	6	28	2015	2018	3	22
0.0858085808580858	7	28	2015	2018	3	21
0.10231023102310231	8	28	2015	2018	3	20
0.19141914191419143	9	28	2015	2018	3	19
0.14521452145214522	10	28	2015	2018	3	18
0.07260726072607261	11	28	2015	2018	3	17
0.006600660066006601	12	28	2015	2018	3	16
0.009900990099009901	13	28	2015	2018	3	15
0.13861386138613863	14	28	2015	2018	3	14
0.13861386138613863	15	28	2015	2018	3	13
0.0462046204620462	16	28	2015	2018	3	12
0.013201320132013201	17	28	2015	2018	3	11
0.0	18	28	2015	2018	3	10
0.0	19	28	2015	2018	3	9
0.0	20	28	2015	2018	3	8
0.0	21	28	2015	2018	3	7
0.0	22	28	2015	2018	3	6
0.0	23	28	2015	2018	3	5
0.0	24	28	2015	2018	3	4
0.0	25	28	2015	2018	3	3
0.0	26	28	2015	2018	3	2
0.0	27	28	2015	2018	3	1
0.0	28	28	2015	2018	3	0
0.0	29	28	2015	2018	3	-1
0.02631578947368421	0	28	2016	2018	2	28
0.0	1	28	2016	2018	2	27
0.0	2	28	2016	2018	2	26
0.0	3	28	2016	2018	2	25
0.03289473684210526	4	28	2016	2018	2	24
0.0	5	28	2016	2018	2	23
0.0	6	28	2016	2018	2	22
0.006578947368421052	7	28	2016	2018	2	21
0.013157894736842105	8	28	2016	2018	2	20
0.16447368421052633	9	28	2016	2018	2	19
0.08552631578947369	10	28	2016	2018	2	18
0.10526315789473684	11	28	2016	2018	2	17
0.0	12	28	2016	2018	2	16
0.013157894736842105	13	28	2016	2018	2	15
0.1513157894736842	14	28	2016	2018	2	14
0.27631578947368424	15	28	2016	2018	2	13
0.125	16	28	2016	2018	2	12
0.0	17	28	2016	2018	2	11
0.0	18	28	2016	2018	2	10
0.0	19	28	2016	2018	2	9
0.0	20	28	2016	2018	2	8
0.0	21	28	2016	2018	2	7
0.0	22	28	2016	2018	2	6
0.0	23	28	2016	2018	2	5
0.0	24	28	2016	2018	2	4
0.0	25	28	2016	2018	2	3
0.0	26	28	2016	2018	2	2
0.0	27	28	2016	2018	2	1
0.0	28	28	2016	2018	2	0
0.0	29	28	2016	2018	2	-1
0.010869565217391304	0	28	2017	2018	1	28
0.0	1	28	2017	2018	1	27
0.0	2	28	2017	2018	1	26
0.0	3	28	2017	2018	1	25
0.0	4	28	2017	2018	1	24
0.0	5	28	2017	2018	1	23
0.0	6	28	2017	2018	1	22
0.010869565217391304	7	28	2017	2018	1	21
0.016304347826086956	8	28	2017	2018	1	20
0.09239130434782608	9	28	2017	2018	1	19
0.10326086956521739	10	28	2017	2018	1	18
0.02717391304347826	11	28	2017	2018	1	17
0.005434782608695652	12	28	2017	2018	1	16
0.0	13	28	2017	2018	1	15
0.18478260869565216	14	28	2017	2018	1	14
0.22282608695652173	15	28	2017	2018	1	13
0.32608695652173914	16	28	2017	2018	1	12
0.0	17	28	2017	2018	1	11
0.0	18	28	2017	2018	1	10
0.0	19	28	2017	2018	1	9
0.0	20	28	2017	2018	1	8
0.0	21	28	2017	2018	1	7
0.0	22	28	2017	2018	1	6
0.0	23	28	2017	2018	1	5
0.0	24	28	2017	2018	1	4
0.0	25	28	2017	2018	1	3
0.0	26	28	2017	2018	1	2
0.0	27	28	2017	2018	1	1
0.0	28	28	2017	2018	1	0
0.0	29	28	2017	2018	1	-1
0.012987012987012988	0	28	2018	2018	0	28
0.0	1	28	2018	2018	0	27
0.0	2	28	2018	2018	0	26
0.0	3	28	2018	2018	0	25
0.012987012987012988	4	28	2018	2018	0	24
0.00974025974025974	5	28	2018	2018	0	23
0.0	6	28	2018	2018	0	22
0.00974025974025974	7	28	2018	2018	0	21
0.032467532467532464	8	28	2018	2018	0	20
0.18506493506493507	9	28	2018	2018	0	19
0.03571428571428571	10	28	2018	2018	0	18
0.03896103896103896	11	28	2018	2018	0	17
0.003246753246753247	12	28	2018	2018	0	16
0.012987012987012988	13	28	2018	2018	0	15
0.21103896103896103	14	28	2018	2018	0	14
0.2077922077922078	15	28	2018	2018	0	13
0.17207792207792208	16	28	2018	2018	0	12
0.01948051948051948	17	28	2018	2018	0	11
0.00974025974025974	18	28	2018	2018	0	10
0.01948051948051948	19	28	2018	2018	0	9
0.0	20	28	2018	2018	0	8
0.006493506493506494	21	28	2018	2018	0	7
0.0	22	28	2018	2018	0	6
0.0	23	28	2018	2018	0	5
0.0	24	28	2018	2018	0	4
0.0	25	28	2018	2018	0	3
0.0	26	28	2018	2018	0	2
0.0	27	28	2018	2018	0	1
0.0	28	28	2018	2018	0	0
0.0	29	28	2018	2018	0	-1
0.0	0	28	2019	2018	-1	28
0.0	1	28	2019	2018	-1	27
0.0	2	28	2019	2018	-1	26
0.0	3	28	2019	2018	-1	25
0.0	4	28	2019	2018	-1	24
0.04477611940298507	5	28	2019	2018	-1	23
0.0	6	28	2019	2018	-1	22
0.007462686567164179	7	28	2019	2018	-1	21
0.022388059701492536	8	28	2019	2018	-1	20
0.07462686567164178	9	28	2019	2018	-1	19
0.0	10	28	2019	2018	-1	18
0.0	11	28	2019	2018	-1	17
0.0	12	28	2019	2018	-1	16
0.022388059701492536	13	28	2019	2018	-1	15
0.17164179104477612	14	28	2019	2018	-1	14
0.14925373134328357	15	28	2019	2018	-1	13
0.2537313432835821	16	28	2019	2018	-1	12
0.1044776119402985	17	28	2019	2018	-1	11
0.007462686567164179	18	28	2019	2018	-1	10
0.12686567164179105	19	28	2019	2018	-1	9
0.0	20	28	2019	2018	-1	8
0.007462686567164179	21	28	2019	2018	-1	7
0.0	22	28	2019	2018	-1	6
0.007462686567164179	23	28	2019	2018	-1	5
0.0	24	28	2019	2018	-1	4
0.0	25	28	2019	2018	-1	3
0.0	26	28	2019	2018	-1	2
0.0	27	28	2019	2018	-1	1
0.0	28	28	2019	2018	-1	0
0.0	29	28	2019	2018	-1	-1
0.0	0	28	2020	2018	-2	28
0.0	1	28	2020	2018	-2	27
0.0	2	28	2020	2018	-2	26
0.0	3	28	2020	2018	-2	25
0.0	4	28	2020	2018	-2	24
0.010830324909747292	5	28	2020	2018	-2	23
0.0	6	28	2020	2018	-2	22
0.19494584837545126	7	28	2020	2018	-2	21
0.010830324909747292	8	28	2020	2018	-2	20
0.018050541516245487	9	28	2020	2018	-2	19
0.021660649819494584	10	28	2020	2018	-2	18
0.0036101083032490976	11	28	2020	2018	-2	17
0.0	12	28	2020	2018	-2	16
0.0	13	28	2020	2018	-2	15
0.18772563176895307	14	28	2020	2018	-2	14
0.27075812274368233	15	28	2020	2018	-2	13
0.19494584837545126	16	28	2020	2018	-2	12
0.039711191335740074	17	28	2020	2018	-2	11
0.007220216606498195	18	28	2020	2018	-2	10
0.021660649819494584	19	28	2020	2018	-2	9
0.0036101083032490976	20	28	2020	2018	-2	8
0.007220216606498195	21	28	2020	2018	-2	7
0.0	22	28	2020	2018	-2	6
0.0036101083032490976	23	28	2020	2018	-2	5
0.0036101083032490976	24	28	2020	2018	-2	4
0.0	25	28	2020	2018	-2	3
0.0	26	28	2020	2018	-2	2
0.0	27	28	2020	2018	-2	1
0.0	28	28	2020	2018	-2	0
0.0	29	28	2020	2018	-2	-1
0.01327433628318584	0	28	2021	2018	-3	28
0.0	1	28	2021	2018	-3	27
0.0	2	28	2021	2018	-3	26
0.0	3	28	2021	2018	-3	25
0.0022123893805309734	4	28	2021	2018	-3	24
0.05088495575221239	5	28	2021	2018	-3	23
0.0022123893805309734	6	28	2021	2018	-3	22
0.34292035398230086	7	28	2021	2018	-3	21
0.01327433628318584	8	28	2021	2018	-3	20
0.05309734513274336	9	28	2021	2018	-3	19
0.028761061946902654	10	28	2021	2018	-3	18
0.015486725663716814	11	28	2021	2018	-3	17
0.0022123893805309734	12	28	2021	2018	-3	16
0.008849557522123894	13	28	2021	2018	-3	15
0.18584070796460178	14	28	2021	2018	-3	14
0.028761061946902654	15	28	2021	2018	-3	13
0.1592920353982301	16	28	2021	2018	-3	12
0.033185840707964605	17	28	2021	2018	-3	11
0.0	18	28	2021	2018	-3	10
0.030973451327433628	19	28	2021	2018	-3	9
0.0	20	28	2021	2018	-3	8
0.022123893805309734	21	28	2021	2018	-3	7
0.0	22	28	2021	2018	-3	6
0.00663716814159292	23	28	2021	2018	-3	5
0.0	24	28	2021	2018	-3	4
0.0	25	28	2021	2018	-3	3
0.0	26	28	2021	2018	-3	2
0.0	27	28	2021	2018	-3	1
0.0	28	28	2021	2018	-3	0
0.0	29	28	2021	2018	-3	-1
0.0	0	29	2010	2019	9	29
0.037383177570093455	1	29	2010	2019	9	28
0.028037383177570093	2	29	2010	2019	9	27
0.6728971962616822	3	29	2010	2019	9	26
0.1308411214953271	4	29	2010	2019	9	25
0.028037383177570093	5	29	2010	2019	9	24
0.0	6	29	2010	2019	9	23
0.037383177570093455	7	29	2010	2019	9	22
0.009345794392523364	8	29	2010	2019	9	21
0.018691588785046728	9	29	2010	2019	9	20
0.018691588785046728	10	29	2010	2019	9	19
0.0	11	29	2010	2019	9	18
0.0	12	29	2010	2019	9	17
0.0	13	29	2010	2019	9	16
0.009345794392523364	14	29	2010	2019	9	15
0.0	15	29	2010	2019	9	14
0.0	16	29	2010	2019	9	13
0.0	17	29	2010	2019	9	12
0.0	18	29	2010	2019	9	11
0.009345794392523364	19	29	2010	2019	9	10
0.0	20	29	2010	2019	9	9
0.0	21	29	2010	2019	9	8
0.0	22	29	2010	2019	9	7
0.0	23	29	2010	2019	9	6
0.0	24	29	2010	2019	9	5
0.0	25	29	2010	2019	9	4
0.0	26	29	2010	2019	9	3
0.0	27	29	2010	2019	9	2
0.0	28	29	2010	2019	9	1
0.0	29	29	2010	2019	9	0
0.0	0	29	2011	2019	8	29
0.0	1	29	2011	2019	8	28
0.0	2	29	2011	2019	8	27
0.0	3	29	2011	2019	8	26
1.0	4	29	2011	2019	8	25
0.0	5	29	2011	2019	8	24
0.0	6	29	2011	2019	8	23
0.0	7	29	2011	2019	8	22
0.0	8	29	2011	2019	8	21
0.0	9	29	2011	2019	8	20
0.0	10	29	2011	2019	8	19
0.0	11	29	2011	2019	8	18
0.0	12	29	2011	2019	8	17
0.0	13	29	2011	2019	8	16
0.0	14	29	2011	2019	8	15
0.0	15	29	2011	2019	8	14
0.0	16	29	2011	2019	8	13
0.0	17	29	2011	2019	8	12
0.0	18	29	2011	2019	8	11
0.0	19	29	2011	2019	8	10
0.0	20	29	2011	2019	8	9
0.0	21	29	2011	2019	8	8
0.0	22	29	2011	2019	8	7
0.0	23	29	2011	2019	8	6
0.0	24	29	2011	2019	8	5
0.0	25	29	2011	2019	8	4
0.0	26	29	2011	2019	8	3
0.0	27	29	2011	2019	8	2
0.0	28	29	2011	2019	8	1
0.0	29	29	2011	2019	8	0
0.008928571428571428	0	29	2012	2019	7	29
0.004464285714285714	1	29	2012	2019	7	28
0.0	2	29	2012	2019	7	27
0.10714285714285714	3	29	2012	2019	7	26
0.28125	4	29	2012	2019	7	25
0.05357142857142857	5	29	2012	2019	7	24
0.013392857142857142	6	29	2012	2019	7	23
0.29464285714285715	7	29	2012	2019	7	22
0.21875	8	29	2012	2019	7	21
0.0	9	29	2012	2019	7	20
0.013392857142857142	10	29	2012	2019	7	19
0.0	11	29	2012	2019	7	18
0.0	12	29	2012	2019	7	17
0.0	13	29	2012	2019	7	16
0.0	14	29	2012	2019	7	15
0.004464285714285714	15	29	2012	2019	7	14
0.0	16	29	2012	2019	7	13
0.0	17	29	2012	2019	7	12
0.0	18	29	2012	2019	7	11
0.0	19	29	2012	2019	7	10
0.0	20	29	2012	2019	7	9
0.0	21	29	2012	2019	7	8
0.0	22	29	2012	2019	7	7
0.0	23	29	2012	2019	7	6
0.0	24	29	2012	2019	7	5
0.0	25	29	2012	2019	7	4
0.0	26	29	2012	2019	7	3
0.0	27	29	2012	2019	7	2
0.0	28	29	2012	2019	7	1
0.0	29	29	2012	2019	7	0
0.0037593984962406013	0	29	2013	2019	6	29
0.0	1	29	2013	2019	6	28
0.0037593984962406013	2	29	2013	2019	6	27
0.06015037593984962	3	29	2013	2019	6	26
0.12030075187969924	4	29	2013	2019	6	25
0.018796992481203006	5	29	2013	2019	6	24
0.0	6	29	2013	2019	6	23
0.2593984962406015	7	29	2013	2019	6	22
0.41353383458646614	8	29	2013	2019	6	21
0.02631578947368421	9	29	2013	2019	6	20
0.03759398496240601	10	29	2013	2019	6	19
0.022556390977443608	11	29	2013	2019	6	18
0.0	12	29	2013	2019	6	17
0.011278195488721804	13	29	2013	2019	6	16
0.015037593984962405	14	29	2013	2019	6	15
0.0037593984962406013	15	29	2013	2019	6	14
0.0037593984962406013	16	29	2013	2019	6	13
0.0	17	29	2013	2019	6	12
0.0	18	29	2013	2019	6	11
0.0	19	29	2013	2019	6	10
0.0	20	29	2013	2019	6	9
0.0	21	29	2013	2019	6	8
0.0	22	29	2013	2019	6	7
0.0	23	29	2013	2019	6	6
0.0	24	29	2013	2019	6	5
0.0	25	29	2013	2019	6	4
0.0	26	29	2013	2019	6	3
0.0	27	29	2013	2019	6	2
0.0	28	29	2013	2019	6	1
0.0	29	29	2013	2019	6	0
0.010526315789473684	0	29	2014	2019	5	29
0.010526315789473684	1	29	2014	2019	5	28
0.0	2	29	2014	2019	5	27
0.06315789473684211	3	29	2014	2019	5	26
0.05263157894736842	4	29	2014	2019	5	25
0.010526315789473684	5	29	2014	2019	5	24
0.0	6	29	2014	2019	5	23
0.06315789473684211	7	29	2014	2019	5	22
0.28421052631578947	8	29	2014	2019	5	21
0.17894736842105263	9	29	2014	2019	5	20
0.14736842105263157	10	29	2014	2019	5	19
0.021052631578947368	11	29	2014	2019	5	18
0.0	12	29	2014	2019	5	17
0.0	13	29	2014	2019	5	16
0.14736842105263157	14	29	2014	2019	5	15
0.010526315789473684	15	29	2014	2019	5	14
0.0	16	29	2014	2019	5	13
0.0	17	29	2014	2019	5	12
0.0	18	29	2014	2019	5	11
0.0	19	29	2014	2019	5	10
0.0	20	29	2014	2019	5	9
0.0	21	29	2014	2019	5	8
0.0	22	29	2014	2019	5	7
0.0	23	29	2014	2019	5	6
0.0	24	29	2014	2019	5	5
0.0	25	29	2014	2019	5	4
0.0	26	29	2014	2019	5	3
0.0	27	29	2014	2019	5	2
0.0	28	29	2014	2019	5	1
0.0	29	29	2014	2019	5	0
0.0	0	29	2015	2019	4	29
0.0	1	29	2015	2019	4	28
0.0	2	29	2015	2019	4	27
0.013201320132013201	3	29	2015	2019	4	26
0.0231023102310231	4	29	2015	2019	4	25
0.013201320132013201	5	29	2015	2019	4	24
0.0	6	29	2015	2019	4	23
0.0858085808580858	7	29	2015	2019	4	22
0.10231023102310231	8	29	2015	2019	4	21
0.19141914191419143	9	29	2015	2019	4	20
0.14521452145214522	10	29	2015	2019	4	19
0.07260726072607261	11	29	2015	2019	4	18
0.006600660066006601	12	29	2015	2019	4	17
0.009900990099009901	13	29	2015	2019	4	16
0.13861386138613863	14	29	2015	2019	4	15
0.13861386138613863	15	29	2015	2019	4	14
0.0462046204620462	16	29	2015	2019	4	13
0.013201320132013201	17	29	2015	2019	4	12
0.0	18	29	2015	2019	4	11
0.0	19	29	2015	2019	4	10
0.0	20	29	2015	2019	4	9
0.0	21	29	2015	2019	4	8
0.0	22	29	2015	2019	4	7
0.0	23	29	2015	2019	4	6
0.0	24	29	2015	2019	4	5
0.0	25	29	2015	2019	4	4
0.0	26	29	2015	2019	4	3
0.0	27	29	2015	2019	4	2
0.0	28	29	2015	2019	4	1
0.0	29	29	2015	2019	4	0
0.02631578947368421	0	29	2016	2019	3	29
0.0	1	29	2016	2019	3	28
0.0	2	29	2016	2019	3	27
0.0	3	29	2016	2019	3	26
0.03289473684210526	4	29	2016	2019	3	25
0.0	5	29	2016	2019	3	24
0.0	6	29	2016	2019	3	23
0.006578947368421052	7	29	2016	2019	3	22
0.013157894736842105	8	29	2016	2019	3	21
0.16447368421052633	9	29	2016	2019	3	20
0.08552631578947369	10	29	2016	2019	3	19
0.10526315789473684	11	29	2016	2019	3	18
0.0	12	29	2016	2019	3	17
0.013157894736842105	13	29	2016	2019	3	16
0.1513157894736842	14	29	2016	2019	3	15
0.27631578947368424	15	29	2016	2019	3	14
0.125	16	29	2016	2019	3	13
0.0	17	29	2016	2019	3	12
0.0	18	29	2016	2019	3	11
0.0	19	29	2016	2019	3	10
0.0	20	29	2016	2019	3	9
0.0	21	29	2016	2019	3	8
0.0	22	29	2016	2019	3	7
0.0	23	29	2016	2019	3	6
0.0	24	29	2016	2019	3	5
0.0	25	29	2016	2019	3	4
0.0	26	29	2016	2019	3	3
0.0	27	29	2016	2019	3	2
0.0	28	29	2016	2019	3	1
0.0	29	29	2016	2019	3	0
0.010869565217391304	0	29	2017	2019	2	29
0.0	1	29	2017	2019	2	28
0.0	2	29	2017	2019	2	27
0.0	3	29	2017	2019	2	26
0.0	4	29	2017	2019	2	25
0.0	5	29	2017	2019	2	24
0.0	6	29	2017	2019	2	23
0.010869565217391304	7	29	2017	2019	2	22
0.016304347826086956	8	29	2017	2019	2	21
0.09239130434782608	9	29	2017	2019	2	20
0.10326086956521739	10	29	2017	2019	2	19
0.02717391304347826	11	29	2017	2019	2	18
0.005434782608695652	12	29	2017	2019	2	17
0.0	13	29	2017	2019	2	16
0.18478260869565216	14	29	2017	2019	2	15
0.22282608695652173	15	29	2017	2019	2	14
0.32608695652173914	16	29	2017	2019	2	13
0.0	17	29	2017	2019	2	12
0.0	18	29	2017	2019	2	11
0.0	19	29	2017	2019	2	10
0.0	20	29	2017	2019	2	9
0.0	21	29	2017	2019	2	8
0.0	22	29	2017	2019	2	7
0.0	23	29	2017	2019	2	6
0.0	24	29	2017	2019	2	5
0.0	25	29	2017	2019	2	4
0.0	26	29	2017	2019	2	3
0.0	27	29	2017	2019	2	2
0.0	28	29	2017	2019	2	1
0.0	29	29	2017	2019	2	0
0.012987012987012988	0	29	2018	2019	1	29
0.0	1	29	2018	2019	1	28
0.0	2	29	2018	2019	1	27
0.0	3	29	2018	2019	1	26
0.012987012987012988	4	29	2018	2019	1	25
0.00974025974025974	5	29	2018	2019	1	24
0.0	6	29	2018	2019	1	23
0.00974025974025974	7	29	2018	2019	1	22
0.032467532467532464	8	29	2018	2019	1	21
0.18506493506493507	9	29	2018	2019	1	20
0.03571428571428571	10	29	2018	2019	1	19
0.03896103896103896	11	29	2018	2019	1	18
0.003246753246753247	12	29	2018	2019	1	17
0.012987012987012988	13	29	2018	2019	1	16
0.21103896103896103	14	29	2018	2019	1	15
0.2077922077922078	15	29	2018	2019	1	14
0.17207792207792208	16	29	2018	2019	1	13
0.01948051948051948	17	29	2018	2019	1	12
0.00974025974025974	18	29	2018	2019	1	11
0.01948051948051948	19	29	2018	2019	1	10
0.0	20	29	2018	2019	1	9
0.006493506493506494	21	29	2018	2019	1	8
0.0	22	29	2018	2019	1	7
0.0	23	29	2018	2019	1	6
0.0	24	29	2018	2019	1	5
0.0	25	29	2018	2019	1	4
0.0	26	29	2018	2019	1	3
0.0	27	29	2018	2019	1	2
0.0	28	29	2018	2019	1	1
0.0	29	29	2018	2019	1	0
0.0	0	29	2019	2019	0	29
0.0	1	29	2019	2019	0	28
0.0	2	29	2019	2019	0	27
0.0	3	29	2019	2019	0	26
0.0	4	29	2019	2019	0	25
0.04477611940298507	5	29	2019	2019	0	24
0.0	6	29	2019	2019	0	23
0.007462686567164179	7	29	2019	2019	0	22
0.022388059701492536	8	29	2019	2019	0	21
0.07462686567164178	9	29	2019	2019	0	20
0.0	10	29	2019	2019	0	19
0.0	11	29	2019	2019	0	18
0.0	12	29	2019	2019	0	17
0.022388059701492536	13	29	2019	2019	0	16
0.17164179104477612	14	29	2019	2019	0	15
0.14925373134328357	15	29	2019	2019	0	14
0.2537313432835821	16	29	2019	2019	0	13
0.1044776119402985	17	29	2019	2019	0	12
0.007462686567164179	18	29	2019	2019	0	11
0.12686567164179105	19	29	2019	2019	0	10
0.0	20	29	2019	2019	0	9
0.007462686567164179	21	29	2019	2019	0	8
0.0	22	29	2019	2019	0	7
0.007462686567164179	23	29	2019	2019	0	6
0.0	24	29	2019	2019	0	5
0.0	25	29	2019	2019	0	4
0.0	26	29	2019	2019	0	3
0.0	27	29	2019	2019	0	2
0.0	28	29	2019	2019	0	1
0.0	29	29	2019	2019	0	0
0.0	0	29	2020	2019	-1	29
0.0	1	29	2020	2019	-1	28
0.0	2	29	2020	2019	-1	27
0.0	3	29	2020	2019	-1	26
0.0	4	29	2020	2019	-1	25
0.010830324909747292	5	29	2020	2019	-1	24
0.0	6	29	2020	2019	-1	23
0.19494584837545126	7	29	2020	2019	-1	22
0.010830324909747292	8	29	2020	2019	-1	21
0.018050541516245487	9	29	2020	2019	-1	20
0.021660649819494584	10	29	2020	2019	-1	19
0.0036101083032490976	11	29	2020	2019	-1	18
0.0	12	29	2020	2019	-1	17
0.0	13	29	2020	2019	-1	16
0.18772563176895307	14	29	2020	2019	-1	15
0.27075812274368233	15	29	2020	2019	-1	14
0.19494584837545126	16	29	2020	2019	-1	13
0.039711191335740074	17	29	2020	2019	-1	12
0.007220216606498195	18	29	2020	2019	-1	11
0.021660649819494584	19	29	2020	2019	-1	10
0.0036101083032490976	20	29	2020	2019	-1	9
0.007220216606498195	21	29	2020	2019	-1	8
0.0	22	29	2020	2019	-1	7
0.0036101083032490976	23	29	2020	2019	-1	6
0.0036101083032490976	24	29	2020	2019	-1	5
0.0	25	29	2020	2019	-1	4
0.0	26	29	2020	2019	-1	3
0.0	27	29	2020	2019	-1	2
0.0	28	29	2020	2019	-1	1
0.0	29	29	2020	2019	-1	0
0.01327433628318584	0	29	2021	2019	-2	29
0.0	1	29	2021	2019	-2	28
0.0	2	29	2021	2019	-2	27
0.0	3	29	2021	2019	-2	26
0.0022123893805309734	4	29	2021	2019	-2	25
0.05088495575221239	5	29	2021	2019	-2	24
0.0022123893805309734	6	29	2021	2019	-2	23
0.34292035398230086	7	29	2021	2019	-2	22
0.01327433628318584	8	29	2021	2019	-2	21
0.05309734513274336	9	29	2021	2019	-2	20
0.028761061946902654	10	29	2021	2019	-2	19
0.015486725663716814	11	29	2021	2019	-2	18
0.0022123893805309734	12	29	2021	2019	-2	17
0.008849557522123894	13	29	2021	2019	-2	16
0.18584070796460178	14	29	2021	2019	-2	15
0.028761061946902654	15	29	2021	2019	-2	14
0.1592920353982301	16	29	2021	2019	-2	13
0.033185840707964605	17	29	2021	2019	-2	12
0.0	18	29	2021	2019	-2	11
0.030973451327433628	19	29	2021	2019	-2	10
0.0	20	29	2021	2019	-2	9
0.022123893805309734	21	29	2021	2019	-2	8
0.0	22	29	2021	2019	-2	7
0.00663716814159292	23	29	2021	2019	-2	6
0.0	24	29	2021	2019	-2	5
0.0	25	29	2021	2019	-2	4
0.0	26	29	2021	2019	-2	3
0.0	27	29	2021	2019	-2	2
0.0	28	29	2021	2019	-2	1
0.0	29	29	2021	2019	-2	0
