failure rate	min sdk	api level	year	api's year	api-year	api-min
0.008032128514056224	0	19	2010	2013	3	19
0.05622489959839357	1	19	2010	2013	3	18
0.04417670682730924	2	19	2010	2013	3	17
0.6626506024096386	3	19	2010	2013	3	16
0.14056224899598393	4	19	2010	2013	3	15
0.012048192771084338	5	19	2010	2013	3	14
0.008032128514056224	6	19	2010	2013	3	13
0.0321285140562249	7	19	2010	2013	3	12
0.020080321285140562	8	19	2010	2013	3	11
0.0	9	19	2010	2013	3	10
0.004016064257028112	10	19	2010	2013	3	9
0.0	11	19	2010	2013	3	8
0.0	12	19	2010	2013	3	7
0.0	13	19	2010	2013	3	6
0.0	14	19	2010	2013	3	5
0.0	15	19	2010	2013	3	4
0.0	16	19	2010	2013	3	3
0.0	17	19	2010	2013	3	2
0.0	18	19	2010	2013	3	1
0.004016064257028112	19	19	2010	2013	3	0
0.0	20	19	2010	2013	3	-1
0.008032128514056224	21	19	2010	2013	3	-2
0.0	22	19	2010	2013	3	-3
0.0	23	19	2010	2013	3	-4
0.0	24	19	2010	2013	3	-5
0.0	25	19	2010	2013	3	-6
0.0	26	19	2010	2013	3	-7
0.0	27	19	2010	2013	3	-8
0.0	28	19	2010	2013	3	-9
0.0	29	19	2010	2013	3	-10
0.013513513513513514	0	19	2011	2013	2	19
0.0	1	19	2011	2013	2	18
0.0	2	19	2011	2013	2	17
0.1891891891891892	3	19	2011	2013	2	16
0.40540540540540543	4	19	2011	2013	2	15
0.04054054054054054	5	19	2011	2013	2	14
0.0	6	19	2011	2013	2	13
0.24324324324324326	7	19	2011	2013	2	12
0.0945945945945946	8	19	2011	2013	2	11
0.0	9	19	2011	2013	2	10
0.013513513513513514	10	19	2011	2013	2	9
0.0	11	19	2011	2013	2	8
0.0	12	19	2011	2013	2	7
0.0	13	19	2011	2013	2	6
0.0	14	19	2011	2013	2	5
0.0	15	19	2011	2013	2	4
0.0	16	19	2011	2013	2	3
0.0	17	19	2011	2013	2	2
0.0	18	19	2011	2013	2	1
0.0	19	19	2011	2013	2	0
0.0	20	19	2011	2013	2	-1
0.0	21	19	2011	2013	2	-2
0.0	22	19	2011	2013	2	-3
0.0	23	19	2011	2013	2	-4
0.0	24	19	2011	2013	2	-5
0.0	25	19	2011	2013	2	-6
0.0	26	19	2011	2013	2	-7
0.0	27	19	2011	2013	2	-8
0.0	28	19	2011	2013	2	-9
0.0	29	19	2011	2013	2	-10
0.004784688995215311	0	19	2012	2013	1	19
0.006379585326953748	1	19	2012	2013	1	18
0.003189792663476874	2	19	2012	2013	1	17
0.09250398724082935	3	19	2012	2013	1	16
0.23763955342902712	4	19	2012	2013	1	15
0.03668261562998405	5	19	2012	2013	1	14
0.007974481658692184	6	19	2012	2013	1	13
0.3365231259968102	7	19	2012	2013	1	12
0.24082934609250398	8	19	2012	2013	1	11
0.001594896331738437	9	19	2012	2013	1	10
0.025518341307814992	10	19	2012	2013	1	9
0.0	11	19	2012	2013	1	8
0.0	12	19	2012	2013	1	7
0.001594896331738437	13	19	2012	2013	1	6
0.001594896331738437	14	19	2012	2013	1	5
0.003189792663476874	15	19	2012	2013	1	4
0.0	16	19	2012	2013	1	3
0.0	17	19	2012	2013	1	2
0.0	18	19	2012	2013	1	1
0.0	19	19	2012	2013	1	0
0.0	20	19	2012	2013	1	-1
0.0	21	19	2012	2013	1	-2
0.0	22	19	2012	2013	1	-3
0.0	23	19	2012	2013	1	-4
0.0	24	19	2012	2013	1	-5
0.0	25	19	2012	2013	1	-6
0.0	26	19	2012	2013	1	-7
0.0	27	19	2012	2013	1	-8
0.0	28	19	2012	2013	1	-9
0.0	29	19	2012	2013	1	-10
0.0	0	19	2013	2013	0	19
0.0014144271570014145	1	19	2013	2013	0	18
0.0014144271570014145	2	19	2013	2013	0	17
0.04101838755304102	3	19	2013	2013	0	16
0.08203677510608204	4	19	2013	2013	0	15
0.026874115983026876	5	19	2013	2013	0	14
0.007072135785007072	6	19	2013	2013	0	13
0.3055162659123055	7	19	2013	2013	0	12
0.4186704384724187	8	19	2013	2013	0	11
0.026874115983026876	9	19	2013	2013	0	10
0.03253182461103253	10	19	2013	2013	0	9
0.02263083451202263	11	19	2013	2013	0	8
0.0014144271570014145	12	19	2013	2013	0	7
0.002828854314002829	13	19	2013	2013	0	6
0.021216407355021217	14	19	2013	2013	0	5
0.004243281471004243	15	19	2013	2013	0	4
0.004243281471004243	16	19	2013	2013	0	3
0.0	17	19	2013	2013	0	2
0.0	18	19	2013	2013	0	1
0.0	19	19	2013	2013	0	0
0.0	20	19	2013	2013	0	-1
0.0	21	19	2013	2013	0	-2
0.0	22	19	2013	2013	0	-3
0.0	23	19	2013	2013	0	-4
0.0	24	19	2013	2013	0	-5
0.0	25	19	2013	2013	0	-6
0.0	26	19	2013	2013	0	-7
0.0	27	19	2013	2013	0	-8
0.0	28	19	2013	2013	0	-9
0.0	29	19	2013	2013	0	-10
0.010362694300518135	0	19	2014	2013	-1	19
0.0	1	19	2014	2013	-1	18
0.0	2	19	2014	2013	-1	17
0.03626943005181347	3	19	2014	2013	-1	16
0.05699481865284974	4	19	2014	2013	-1	15
0.010362694300518135	5	19	2014	2013	-1	14
0.0051813471502590676	6	19	2014	2013	-1	13
0.14507772020725387	7	19	2014	2013	-1	12
0.33678756476683935	8	19	2014	2013	-1	11
0.12953367875647667	9	19	2014	2013	-1	10
0.15544041450777202	10	19	2014	2013	-1	9
0.025906735751295335	11	19	2014	2013	-1	8
0.0051813471502590676	12	19	2014	2013	-1	7
0.0	13	19	2014	2013	-1	6
0.03626943005181347	14	19	2014	2013	-1	5
0.02072538860103627	15	19	2014	2013	-1	4
0.025906735751295335	16	19	2014	2013	-1	3
0.0	17	19	2014	2013	-1	2
0.0	18	19	2014	2013	-1	1
0.0	19	19	2014	2013	-1	0
0.0	20	19	2014	2013	-1	-1
0.0	21	19	2014	2013	-1	-2
0.0	22	19	2014	2013	-1	-3
0.0	23	19	2014	2013	-1	-4
0.0	24	19	2014	2013	-1	-5
0.0	25	19	2014	2013	-1	-6
0.0	26	19	2014	2013	-1	-7
0.0	27	19	2014	2013	-1	-8
0.0	28	19	2014	2013	-1	-9
0.0	29	19	2014	2013	-1	-10
0.0037735849056603774	0	19	2015	2013	-2	19
0.0	1	19	2015	2013	-2	18
0.0	2	19	2015	2013	-2	17
0.009433962264150943	3	19	2015	2013	-2	16
0.013207547169811321	4	19	2015	2013	-2	15
0.013207547169811321	5	19	2015	2013	-2	14
0.0	6	19	2015	2013	-2	13
0.12830188679245283	7	19	2015	2013	-2	12
0.14339622641509434	8	19	2015	2013	-2	11
0.15849056603773584	9	19	2015	2013	-2	10
0.13584905660377358	10	19	2015	2013	-2	9
0.07169811320754717	11	19	2015	2013	-2	8
0.005660377358490566	12	19	2015	2013	-2	7
0.007547169811320755	13	19	2015	2013	-2	6
0.1471698113207547	14	19	2015	2013	-2	5
0.10566037735849057	15	19	2015	2013	-2	4
0.04339622641509434	16	19	2015	2013	-2	3
0.009433962264150943	17	19	2015	2013	-2	2
0.0037735849056603774	18	19	2015	2013	-2	1
0.0	19	19	2015	2013	-2	0
0.0	20	19	2015	2013	-2	-1
0.0	21	19	2015	2013	-2	-2
0.0	22	19	2015	2013	-2	-3
0.0	23	19	2015	2013	-2	-4
0.0	24	19	2015	2013	-2	-5
0.0	25	19	2015	2013	-2	-6
0.0	26	19	2015	2013	-2	-7
0.0	27	19	2015	2013	-2	-8
0.0	28	19	2015	2013	-2	-9
0.0	29	19	2015	2013	-2	-10
0.010362694300518135	0	19	2016	2013	-3	19
0.0	1	19	2016	2013	-3	18
0.0	2	19	2016	2013	-3	17
0.0	3	19	2016	2013	-3	16
0.02072538860103627	4	19	2016	2013	-3	15
0.010362694300518135	5	19	2016	2013	-3	14
0.0	6	19	2016	2013	-3	13
0.012953367875647668	7	19	2016	2013	-3	12
0.015544041450777202	8	19	2016	2013	-3	11
0.13212435233160622	9	19	2016	2013	-3	10
0.10103626943005181	10	19	2016	2013	-3	9
0.08549222797927461	11	19	2016	2013	-3	8
0.0	12	19	2016	2013	-3	7
0.015544041450777202	13	19	2016	2013	-3	6
0.18652849740932642	14	19	2016	2013	-3	5
0.25129533678756477	15	19	2016	2013	-3	4
0.15025906735751296	16	19	2016	2013	-3	3
0.0051813471502590676	17	19	2016	2013	-3	2
0.0	18	19	2016	2013	-3	1
0.0025906735751295338	19	19	2016	2013	-3	0
0.0	20	19	2016	2013	-3	-1
0.0	21	19	2016	2013	-3	-2
0.0	22	19	2016	2013	-3	-3
0.0	23	19	2016	2013	-3	-4
0.0	24	19	2016	2013	-3	-5
0.0	25	19	2016	2013	-3	-6
0.0	26	19	2016	2013	-3	-7
0.0	27	19	2016	2013	-3	-8
0.0	28	19	2016	2013	-3	-9
0.0	29	19	2016	2013	-3	-10
0.006514657980456026	0	19	2017	2013	-4	19
0.0	1	19	2017	2013	-4	18
0.0	2	19	2017	2013	-4	17
0.006514657980456026	3	19	2017	2013	-4	16
0.003257328990228013	4	19	2017	2013	-4	15
0.0	5	19	2017	2013	-4	14
0.0	6	19	2017	2013	-4	13
0.0	7	19	2017	2013	-4	12
0.02280130293159609	8	19	2017	2013	-4	11
0.11074918566775244	9	19	2017	2013	-4	10
0.05211726384364821	10	19	2017	2013	-4	9
0.05863192182410423	11	19	2017	2013	-4	8
0.006514657980456026	12	19	2017	2013	-4	7
0.009771986970684038	13	19	2017	2013	-4	6
0.19218241042345277	14	19	2017	2013	-4	5
0.24429967426710097	15	19	2017	2013	-4	4
0.28664495114006516	16	19	2017	2013	-4	3
0.0	17	19	2017	2013	-4	2
0.0	18	19	2017	2013	-4	1
0.0	19	19	2017	2013	-4	0
0.0	20	19	2017	2013	-4	-1
0.0	21	19	2017	2013	-4	-2
0.0	22	19	2017	2013	-4	-3
0.0	23	19	2017	2013	-4	-4
0.0	24	19	2017	2013	-4	-5
0.0	25	19	2017	2013	-4	-6
0.0	26	19	2017	2013	-4	-7
0.0	27	19	2017	2013	-4	-8
0.0	28	19	2017	2013	-4	-9
0.0	29	19	2017	2013	-4	-10
0.006535947712418301	0	19	2018	2013	-5	19
0.0	1	19	2018	2013	-5	18
0.0	2	19	2018	2013	-5	17
0.0	3	19	2018	2013	-5	16
0.013071895424836602	4	19	2018	2013	-5	15
0.013071895424836602	5	19	2018	2013	-5	14
0.0	6	19	2018	2013	-5	13
0.013071895424836602	7	19	2018	2013	-5	12
0.0392156862745098	8	19	2018	2013	-5	11
0.1568627450980392	9	19	2018	2013	-5	10
0.06535947712418301	10	19	2018	2013	-5	9
0.08496732026143791	11	19	2018	2013	-5	8
0.0	12	19	2018	2013	-5	7
0.013071895424836602	13	19	2018	2013	-5	6
0.21568627450980393	14	19	2018	2013	-5	5
0.1568627450980392	15	19	2018	2013	-5	4
0.20261437908496732	16	19	2018	2013	-5	3
0.006535947712418301	17	19	2018	2013	-5	2
0.0	18	19	2018	2013	-5	1
0.006535947712418301	19	19	2018	2013	-5	0
0.0	20	19	2018	2013	-5	-1
0.006535947712418301	21	19	2018	2013	-5	-2
0.0	22	19	2018	2013	-5	-3
0.0	23	19	2018	2013	-5	-4
0.0	24	19	2018	2013	-5	-5
0.0	25	19	2018	2013	-5	-6
0.0	26	19	2018	2013	-5	-7
0.0	27	19	2018	2013	-5	-8
0.0	28	19	2018	2013	-5	-9
0.0	29	19	2018	2013	-5	-10
0.0	0	19	2019	2013	-6	19
0.0	1	19	2019	2013	-6	18
0.0	2	19	2019	2013	-6	17
0.0	3	19	2019	2013	-6	16
0.0	4	19	2019	2013	-6	15
0.028846153846153848	5	19	2019	2013	-6	14
0.0	6	19	2019	2013	-6	13
0.019230769230769232	7	19	2019	2013	-6	12
0.0	8	19	2019	2013	-6	11
0.11538461538461539	9	19	2019	2013	-6	10
0.019230769230769232	10	19	2019	2013	-6	9
0.019230769230769232	11	19	2019	2013	-6	8
0.0	12	19	2019	2013	-6	7
0.0	13	19	2019	2013	-6	6
0.21153846153846154	14	19	2019	2013	-6	5
0.10576923076923077	15	19	2019	2013	-6	4
0.25961538461538464	16	19	2019	2013	-6	3
0.04807692307692308	17	19	2019	2013	-6	2
0.019230769230769232	18	19	2019	2013	-6	1
0.11538461538461539	19	19	2019	2013	-6	0
0.0	20	19	2019	2013	-6	-1
0.028846153846153848	21	19	2019	2013	-6	-2
0.0	22	19	2019	2013	-6	-3
0.009615384615384616	23	19	2019	2013	-6	-4
0.0	24	19	2019	2013	-6	-5
0.0	25	19	2019	2013	-6	-6
0.0	26	19	2019	2013	-6	-7
0.0	27	19	2019	2013	-6	-8
0.0	28	19	2019	2013	-6	-9
0.0	29	19	2019	2013	-6	-10
0.0013717421124828531	0	19	2020	2013	-7	19
0.0	1	19	2020	2013	-7	18
0.0	2	19	2020	2013	-7	17
0.0013717421124828531	3	19	2020	2013	-7	16
0.0013717421124828531	4	19	2020	2013	-7	15
0.00823045267489712	5	19	2020	2013	-7	14
0.0	6	19	2020	2013	-7	13
0.13305898491083676	7	19	2020	2013	-7	12
0.019204389574759947	8	19	2020	2013	-7	11
0.038408779149519894	9	19	2020	2013	-7	10
0.0205761316872428	10	19	2020	2013	-7	9
0.00823045267489712	11	19	2020	2013	-7	8
0.00411522633744856	12	19	2020	2013	-7	7
0.0013717421124828531	13	19	2020	2013	-7	6
0.23593964334705075	14	19	2020	2013	-7	5
0.24005486968449932	15	19	2020	2013	-7	4
0.19615912208504802	16	19	2020	2013	-7	3
0.03566529492455418	17	19	2020	2013	-7	2
0.0054869684499314125	18	19	2020	2013	-7	1
0.02194787379972565	19	19	2020	2013	-7	0
0.0013717421124828531	20	19	2020	2013	-7	-1
0.015089163237311385	21	19	2020	2013	-7	-2
0.0	22	19	2020	2013	-7	-3
0.0054869684499314125	23	19	2020	2013	-7	-4
0.0054869684499314125	24	19	2020	2013	-7	-5
0.0	25	19	2020	2013	-7	-6
0.0	26	19	2020	2013	-7	-7
0.0	27	19	2020	2013	-7	-8
0.0	28	19	2020	2013	-7	-9
0.0	29	19	2020	2013	-7	-10
0.004524886877828055	0	19	2021	2013	-8	19
0.0	1	19	2021	2013	-8	18
0.0	2	19	2021	2013	-8	17
0.0	3	19	2021	2013	-8	16
0.006787330316742082	4	19	2021	2013	-8	15
0.03619909502262444	5	19	2021	2013	-8	14
0.0022624434389140274	6	19	2021	2013	-8	13
0.3076923076923077	7	19	2021	2013	-8	12
0.027149321266968326	8	19	2021	2013	-8	11
0.06108597285067873	9	19	2021	2013	-8	10
0.029411764705882353	10	19	2021	2013	-8	9
0.01809954751131222	11	19	2021	2013	-8	8
0.0022624434389140274	12	19	2021	2013	-8	7
0.00904977375565611	13	19	2021	2013	-8	6
0.16968325791855204	14	19	2021	2013	-8	5
0.029411764705882353	15	19	2021	2013	-8	4
0.15610859728506787	16	19	2021	2013	-8	3
0.04524886877828054	17	19	2021	2013	-8	2
0.0022624434389140274	18	19	2021	2013	-8	1
0.03619909502262444	19	19	2021	2013	-8	0
0.0	20	19	2021	2013	-8	-1
0.02262443438914027	21	19	2021	2013	-8	-2
0.0	22	19	2021	2013	-8	-3
0.03167420814479638	23	19	2021	2013	-8	-4
0.0	24	19	2021	2013	-8	-5
0.0022624434389140274	25	19	2021	2013	-8	-6
0.0	26	19	2021	2013	-8	-7
0.0	27	19	2021	2013	-8	-8
0.0	28	19	2021	2013	-8	-9
0.0	29	19	2021	2013	-8	-10
0.008032128514056224	0	21	2010	2014	4	21
0.05622489959839357	1	21	2010	2014	4	20
0.04417670682730924	2	21	2010	2014	4	19
0.6626506024096386	3	21	2010	2014	4	18
0.14056224899598393	4	21	2010	2014	4	17
0.012048192771084338	5	21	2010	2014	4	16
0.008032128514056224	6	21	2010	2014	4	15
0.0321285140562249	7	21	2010	2014	4	14
0.020080321285140562	8	21	2010	2014	4	13
0.0	9	21	2010	2014	4	12
0.004016064257028112	10	21	2010	2014	4	11
0.0	11	21	2010	2014	4	10
0.0	12	21	2010	2014	4	9
0.0	13	21	2010	2014	4	8
0.0	14	21	2010	2014	4	7
0.0	15	21	2010	2014	4	6
0.0	16	21	2010	2014	4	5
0.0	17	21	2010	2014	4	4
0.0	18	21	2010	2014	4	3
0.004016064257028112	19	21	2010	2014	4	2
0.0	20	21	2010	2014	4	1
0.008032128514056224	21	21	2010	2014	4	0
0.0	22	21	2010	2014	4	-1
0.0	23	21	2010	2014	4	-2
0.0	24	21	2010	2014	4	-3
0.0	25	21	2010	2014	4	-4
0.0	26	21	2010	2014	4	-5
0.0	27	21	2010	2014	4	-6
0.0	28	21	2010	2014	4	-7
0.0	29	21	2010	2014	4	-8
0.013513513513513514	0	21	2011	2014	3	21
0.0	1	21	2011	2014	3	20
0.0	2	21	2011	2014	3	19
0.1891891891891892	3	21	2011	2014	3	18
0.40540540540540543	4	21	2011	2014	3	17
0.04054054054054054	5	21	2011	2014	3	16
0.0	6	21	2011	2014	3	15
0.24324324324324326	7	21	2011	2014	3	14
0.0945945945945946	8	21	2011	2014	3	13
0.0	9	21	2011	2014	3	12
0.013513513513513514	10	21	2011	2014	3	11
0.0	11	21	2011	2014	3	10
0.0	12	21	2011	2014	3	9
0.0	13	21	2011	2014	3	8
0.0	14	21	2011	2014	3	7
0.0	15	21	2011	2014	3	6
0.0	16	21	2011	2014	3	5
0.0	17	21	2011	2014	3	4
0.0	18	21	2011	2014	3	3
0.0	19	21	2011	2014	3	2
0.0	20	21	2011	2014	3	1
0.0	21	21	2011	2014	3	0
0.0	22	21	2011	2014	3	-1
0.0	23	21	2011	2014	3	-2
0.0	24	21	2011	2014	3	-3
0.0	25	21	2011	2014	3	-4
0.0	26	21	2011	2014	3	-5
0.0	27	21	2011	2014	3	-6
0.0	28	21	2011	2014	3	-7
0.0	29	21	2011	2014	3	-8
0.004784688995215311	0	21	2012	2014	2	21
0.006379585326953748	1	21	2012	2014	2	20
0.003189792663476874	2	21	2012	2014	2	19
0.09250398724082935	3	21	2012	2014	2	18
0.23763955342902712	4	21	2012	2014	2	17
0.03668261562998405	5	21	2012	2014	2	16
0.007974481658692184	6	21	2012	2014	2	15
0.3365231259968102	7	21	2012	2014	2	14
0.24082934609250398	8	21	2012	2014	2	13
0.001594896331738437	9	21	2012	2014	2	12
0.025518341307814992	10	21	2012	2014	2	11
0.0	11	21	2012	2014	2	10
0.0	12	21	2012	2014	2	9
0.001594896331738437	13	21	2012	2014	2	8
0.001594896331738437	14	21	2012	2014	2	7
0.003189792663476874	15	21	2012	2014	2	6
0.0	16	21	2012	2014	2	5
0.0	17	21	2012	2014	2	4
0.0	18	21	2012	2014	2	3
0.0	19	21	2012	2014	2	2
0.0	20	21	2012	2014	2	1
0.0	21	21	2012	2014	2	0
0.0	22	21	2012	2014	2	-1
0.0	23	21	2012	2014	2	-2
0.0	24	21	2012	2014	2	-3
0.0	25	21	2012	2014	2	-4
0.0	26	21	2012	2014	2	-5
0.0	27	21	2012	2014	2	-6
0.0	28	21	2012	2014	2	-7
0.0	29	21	2012	2014	2	-8
0.0	0	21	2013	2014	1	21
0.0014144271570014145	1	21	2013	2014	1	20
0.0014144271570014145	2	21	2013	2014	1	19
0.04101838755304102	3	21	2013	2014	1	18
0.08203677510608204	4	21	2013	2014	1	17
0.026874115983026876	5	21	2013	2014	1	16
0.007072135785007072	6	21	2013	2014	1	15
0.3055162659123055	7	21	2013	2014	1	14
0.4186704384724187	8	21	2013	2014	1	13
0.026874115983026876	9	21	2013	2014	1	12
0.03253182461103253	10	21	2013	2014	1	11
0.02263083451202263	11	21	2013	2014	1	10
0.0014144271570014145	12	21	2013	2014	1	9
0.002828854314002829	13	21	2013	2014	1	8
0.021216407355021217	14	21	2013	2014	1	7
0.004243281471004243	15	21	2013	2014	1	6
0.004243281471004243	16	21	2013	2014	1	5
0.0	17	21	2013	2014	1	4
0.0	18	21	2013	2014	1	3
0.0	19	21	2013	2014	1	2
0.0	20	21	2013	2014	1	1
0.0	21	21	2013	2014	1	0
0.0	22	21	2013	2014	1	-1
0.0	23	21	2013	2014	1	-2
0.0	24	21	2013	2014	1	-3
0.0	25	21	2013	2014	1	-4
0.0	26	21	2013	2014	1	-5
0.0	27	21	2013	2014	1	-6
0.0	28	21	2013	2014	1	-7
0.0	29	21	2013	2014	1	-8
0.010362694300518135	0	21	2014	2014	0	21
0.0	1	21	2014	2014	0	20
0.0	2	21	2014	2014	0	19
0.03626943005181347	3	21	2014	2014	0	18
0.05699481865284974	4	21	2014	2014	0	17
0.010362694300518135	5	21	2014	2014	0	16
0.0051813471502590676	6	21	2014	2014	0	15
0.14507772020725387	7	21	2014	2014	0	14
0.33678756476683935	8	21	2014	2014	0	13
0.12953367875647667	9	21	2014	2014	0	12
0.15544041450777202	10	21	2014	2014	0	11
0.025906735751295335	11	21	2014	2014	0	10
0.0051813471502590676	12	21	2014	2014	0	9
0.0	13	21	2014	2014	0	8
0.03626943005181347	14	21	2014	2014	0	7
0.02072538860103627	15	21	2014	2014	0	6
0.025906735751295335	16	21	2014	2014	0	5
0.0	17	21	2014	2014	0	4
0.0	18	21	2014	2014	0	3
0.0	19	21	2014	2014	0	2
0.0	20	21	2014	2014	0	1
0.0	21	21	2014	2014	0	0
0.0	22	21	2014	2014	0	-1
0.0	23	21	2014	2014	0	-2
0.0	24	21	2014	2014	0	-3
0.0	25	21	2014	2014	0	-4
0.0	26	21	2014	2014	0	-5
0.0	27	21	2014	2014	0	-6
0.0	28	21	2014	2014	0	-7
0.0	29	21	2014	2014	0	-8
0.0037735849056603774	0	21	2015	2014	-1	21
0.0	1	21	2015	2014	-1	20
0.0	2	21	2015	2014	-1	19
0.009433962264150943	3	21	2015	2014	-1	18
0.013207547169811321	4	21	2015	2014	-1	17
0.013207547169811321	5	21	2015	2014	-1	16
0.0	6	21	2015	2014	-1	15
0.12830188679245283	7	21	2015	2014	-1	14
0.14339622641509434	8	21	2015	2014	-1	13
0.15849056603773584	9	21	2015	2014	-1	12
0.13584905660377358	10	21	2015	2014	-1	11
0.07169811320754717	11	21	2015	2014	-1	10
0.005660377358490566	12	21	2015	2014	-1	9
0.007547169811320755	13	21	2015	2014	-1	8
0.1471698113207547	14	21	2015	2014	-1	7
0.10566037735849057	15	21	2015	2014	-1	6
0.04339622641509434	16	21	2015	2014	-1	5
0.009433962264150943	17	21	2015	2014	-1	4
0.0037735849056603774	18	21	2015	2014	-1	3
0.0	19	21	2015	2014	-1	2
0.0	20	21	2015	2014	-1	1
0.0	21	21	2015	2014	-1	0
0.0	22	21	2015	2014	-1	-1
0.0	23	21	2015	2014	-1	-2
0.0	24	21	2015	2014	-1	-3
0.0	25	21	2015	2014	-1	-4
0.0	26	21	2015	2014	-1	-5
0.0	27	21	2015	2014	-1	-6
0.0	28	21	2015	2014	-1	-7
0.0	29	21	2015	2014	-1	-8
0.010362694300518135	0	21	2016	2014	-2	21
0.0	1	21	2016	2014	-2	20
0.0	2	21	2016	2014	-2	19
0.0	3	21	2016	2014	-2	18
0.02072538860103627	4	21	2016	2014	-2	17
0.010362694300518135	5	21	2016	2014	-2	16
0.0	6	21	2016	2014	-2	15
0.012953367875647668	7	21	2016	2014	-2	14
0.015544041450777202	8	21	2016	2014	-2	13
0.13212435233160622	9	21	2016	2014	-2	12
0.10103626943005181	10	21	2016	2014	-2	11
0.08549222797927461	11	21	2016	2014	-2	10
0.0	12	21	2016	2014	-2	9
0.015544041450777202	13	21	2016	2014	-2	8
0.18652849740932642	14	21	2016	2014	-2	7
0.25129533678756477	15	21	2016	2014	-2	6
0.15025906735751296	16	21	2016	2014	-2	5
0.0051813471502590676	17	21	2016	2014	-2	4
0.0	18	21	2016	2014	-2	3
0.0025906735751295338	19	21	2016	2014	-2	2
0.0	20	21	2016	2014	-2	1
0.0	21	21	2016	2014	-2	0
0.0	22	21	2016	2014	-2	-1
0.0	23	21	2016	2014	-2	-2
0.0	24	21	2016	2014	-2	-3
0.0	25	21	2016	2014	-2	-4
0.0	26	21	2016	2014	-2	-5
0.0	27	21	2016	2014	-2	-6
0.0	28	21	2016	2014	-2	-7
0.0	29	21	2016	2014	-2	-8
0.006514657980456026	0	21	2017	2014	-3	21
0.0	1	21	2017	2014	-3	20
0.0	2	21	2017	2014	-3	19
0.006514657980456026	3	21	2017	2014	-3	18
0.003257328990228013	4	21	2017	2014	-3	17
0.0	5	21	2017	2014	-3	16
0.0	6	21	2017	2014	-3	15
0.0	7	21	2017	2014	-3	14
0.02280130293159609	8	21	2017	2014	-3	13
0.11074918566775244	9	21	2017	2014	-3	12
0.05211726384364821	10	21	2017	2014	-3	11
0.05863192182410423	11	21	2017	2014	-3	10
0.006514657980456026	12	21	2017	2014	-3	9
0.009771986970684038	13	21	2017	2014	-3	8
0.19218241042345277	14	21	2017	2014	-3	7
0.24429967426710097	15	21	2017	2014	-3	6
0.28664495114006516	16	21	2017	2014	-3	5
0.0	17	21	2017	2014	-3	4
0.0	18	21	2017	2014	-3	3
0.0	19	21	2017	2014	-3	2
0.0	20	21	2017	2014	-3	1
0.0	21	21	2017	2014	-3	0
0.0	22	21	2017	2014	-3	-1
0.0	23	21	2017	2014	-3	-2
0.0	24	21	2017	2014	-3	-3
0.0	25	21	2017	2014	-3	-4
0.0	26	21	2017	2014	-3	-5
0.0	27	21	2017	2014	-3	-6
0.0	28	21	2017	2014	-3	-7
0.0	29	21	2017	2014	-3	-8
0.006535947712418301	0	21	2018	2014	-4	21
0.0	1	21	2018	2014	-4	20
0.0	2	21	2018	2014	-4	19
0.0	3	21	2018	2014	-4	18
0.013071895424836602	4	21	2018	2014	-4	17
0.013071895424836602	5	21	2018	2014	-4	16
0.0	6	21	2018	2014	-4	15
0.013071895424836602	7	21	2018	2014	-4	14
0.0392156862745098	8	21	2018	2014	-4	13
0.1568627450980392	9	21	2018	2014	-4	12
0.06535947712418301	10	21	2018	2014	-4	11
0.08496732026143791	11	21	2018	2014	-4	10
0.0	12	21	2018	2014	-4	9
0.013071895424836602	13	21	2018	2014	-4	8
0.21568627450980393	14	21	2018	2014	-4	7
0.1568627450980392	15	21	2018	2014	-4	6
0.20261437908496732	16	21	2018	2014	-4	5
0.006535947712418301	17	21	2018	2014	-4	4
0.0	18	21	2018	2014	-4	3
0.006535947712418301	19	21	2018	2014	-4	2
0.0	20	21	2018	2014	-4	1
0.006535947712418301	21	21	2018	2014	-4	0
0.0	22	21	2018	2014	-4	-1
0.0	23	21	2018	2014	-4	-2
0.0	24	21	2018	2014	-4	-3
0.0	25	21	2018	2014	-4	-4
0.0	26	21	2018	2014	-4	-5
0.0	27	21	2018	2014	-4	-6
0.0	28	21	2018	2014	-4	-7
0.0	29	21	2018	2014	-4	-8
0.0	0	21	2019	2014	-5	21
0.0	1	21	2019	2014	-5	20
0.0	2	21	2019	2014	-5	19
0.0	3	21	2019	2014	-5	18
0.0	4	21	2019	2014	-5	17
0.028846153846153848	5	21	2019	2014	-5	16
0.0	6	21	2019	2014	-5	15
0.019230769230769232	7	21	2019	2014	-5	14
0.0	8	21	2019	2014	-5	13
0.11538461538461539	9	21	2019	2014	-5	12
0.019230769230769232	10	21	2019	2014	-5	11
0.019230769230769232	11	21	2019	2014	-5	10
0.0	12	21	2019	2014	-5	9
0.0	13	21	2019	2014	-5	8
0.21153846153846154	14	21	2019	2014	-5	7
0.10576923076923077	15	21	2019	2014	-5	6
0.25961538461538464	16	21	2019	2014	-5	5
0.04807692307692308	17	21	2019	2014	-5	4
0.019230769230769232	18	21	2019	2014	-5	3
0.11538461538461539	19	21	2019	2014	-5	2
0.0	20	21	2019	2014	-5	1
0.028846153846153848	21	21	2019	2014	-5	0
0.0	22	21	2019	2014	-5	-1
0.009615384615384616	23	21	2019	2014	-5	-2
0.0	24	21	2019	2014	-5	-3
0.0	25	21	2019	2014	-5	-4
0.0	26	21	2019	2014	-5	-5
0.0	27	21	2019	2014	-5	-6
0.0	28	21	2019	2014	-5	-7
0.0	29	21	2019	2014	-5	-8
0.0013717421124828531	0	21	2020	2014	-6	21
0.0	1	21	2020	2014	-6	20
0.0	2	21	2020	2014	-6	19
0.0013717421124828531	3	21	2020	2014	-6	18
0.0013717421124828531	4	21	2020	2014	-6	17
0.00823045267489712	5	21	2020	2014	-6	16
0.0	6	21	2020	2014	-6	15
0.13305898491083676	7	21	2020	2014	-6	14
0.019204389574759947	8	21	2020	2014	-6	13
0.038408779149519894	9	21	2020	2014	-6	12
0.0205761316872428	10	21	2020	2014	-6	11
0.00823045267489712	11	21	2020	2014	-6	10
0.00411522633744856	12	21	2020	2014	-6	9
0.0013717421124828531	13	21	2020	2014	-6	8
0.23593964334705075	14	21	2020	2014	-6	7
0.24005486968449932	15	21	2020	2014	-6	6
0.19615912208504802	16	21	2020	2014	-6	5
0.03566529492455418	17	21	2020	2014	-6	4
0.0054869684499314125	18	21	2020	2014	-6	3
0.02194787379972565	19	21	2020	2014	-6	2
0.0013717421124828531	20	21	2020	2014	-6	1
0.015089163237311385	21	21	2020	2014	-6	0
0.0	22	21	2020	2014	-6	-1
0.0054869684499314125	23	21	2020	2014	-6	-2
0.0054869684499314125	24	21	2020	2014	-6	-3
0.0	25	21	2020	2014	-6	-4
0.0	26	21	2020	2014	-6	-5
0.0	27	21	2020	2014	-6	-6
0.0	28	21	2020	2014	-6	-7
0.0	29	21	2020	2014	-6	-8
0.004524886877828055	0	21	2021	2014	-7	21
0.0	1	21	2021	2014	-7	20
0.0	2	21	2021	2014	-7	19
0.0	3	21	2021	2014	-7	18
0.006787330316742082	4	21	2021	2014	-7	17
0.03619909502262444	5	21	2021	2014	-7	16
0.0022624434389140274	6	21	2021	2014	-7	15
0.3076923076923077	7	21	2021	2014	-7	14
0.027149321266968326	8	21	2021	2014	-7	13
0.06108597285067873	9	21	2021	2014	-7	12
0.029411764705882353	10	21	2021	2014	-7	11
0.01809954751131222	11	21	2021	2014	-7	10
0.0022624434389140274	12	21	2021	2014	-7	9
0.00904977375565611	13	21	2021	2014	-7	8
0.16968325791855204	14	21	2021	2014	-7	7
0.029411764705882353	15	21	2021	2014	-7	6
0.15610859728506787	16	21	2021	2014	-7	5
0.04524886877828054	17	21	2021	2014	-7	4
0.0022624434389140274	18	21	2021	2014	-7	3
0.03619909502262444	19	21	2021	2014	-7	2
0.0	20	21	2021	2014	-7	1
0.02262443438914027	21	21	2021	2014	-7	0
0.0	22	21	2021	2014	-7	-1
0.03167420814479638	23	21	2021	2014	-7	-2
0.0	24	21	2021	2014	-7	-3
0.0022624434389140274	25	21	2021	2014	-7	-4
0.0	26	21	2021	2014	-7	-5
0.0	27	21	2021	2014	-7	-6
0.0	28	21	2021	2014	-7	-7
0.0	29	21	2021	2014	-7	-8
0.008032128514056224	0	22	2010	2015	5	22
0.05622489959839357	1	22	2010	2015	5	21
0.04417670682730924	2	22	2010	2015	5	20
0.6626506024096386	3	22	2010	2015	5	19
0.14056224899598393	4	22	2010	2015	5	18
0.012048192771084338	5	22	2010	2015	5	17
0.008032128514056224	6	22	2010	2015	5	16
0.0321285140562249	7	22	2010	2015	5	15
0.020080321285140562	8	22	2010	2015	5	14
0.0	9	22	2010	2015	5	13
0.004016064257028112	10	22	2010	2015	5	12
0.0	11	22	2010	2015	5	11
0.0	12	22	2010	2015	5	10
0.0	13	22	2010	2015	5	9
0.0	14	22	2010	2015	5	8
0.0	15	22	2010	2015	5	7
0.0	16	22	2010	2015	5	6
0.0	17	22	2010	2015	5	5
0.0	18	22	2010	2015	5	4
0.004016064257028112	19	22	2010	2015	5	3
0.0	20	22	2010	2015	5	2
0.008032128514056224	21	22	2010	2015	5	1
0.0	22	22	2010	2015	5	0
0.0	23	22	2010	2015	5	-1
0.0	24	22	2010	2015	5	-2
0.0	25	22	2010	2015	5	-3
0.0	26	22	2010	2015	5	-4
0.0	27	22	2010	2015	5	-5
0.0	28	22	2010	2015	5	-6
0.0	29	22	2010	2015	5	-7
0.013513513513513514	0	22	2011	2015	4	22
0.0	1	22	2011	2015	4	21
0.0	2	22	2011	2015	4	20
0.1891891891891892	3	22	2011	2015	4	19
0.40540540540540543	4	22	2011	2015	4	18
0.04054054054054054	5	22	2011	2015	4	17
0.0	6	22	2011	2015	4	16
0.24324324324324326	7	22	2011	2015	4	15
0.0945945945945946	8	22	2011	2015	4	14
0.0	9	22	2011	2015	4	13
0.013513513513513514	10	22	2011	2015	4	12
0.0	11	22	2011	2015	4	11
0.0	12	22	2011	2015	4	10
0.0	13	22	2011	2015	4	9
0.0	14	22	2011	2015	4	8
0.0	15	22	2011	2015	4	7
0.0	16	22	2011	2015	4	6
0.0	17	22	2011	2015	4	5
0.0	18	22	2011	2015	4	4
0.0	19	22	2011	2015	4	3
0.0	20	22	2011	2015	4	2
0.0	21	22	2011	2015	4	1
0.0	22	22	2011	2015	4	0
0.0	23	22	2011	2015	4	-1
0.0	24	22	2011	2015	4	-2
0.0	25	22	2011	2015	4	-3
0.0	26	22	2011	2015	4	-4
0.0	27	22	2011	2015	4	-5
0.0	28	22	2011	2015	4	-6
0.0	29	22	2011	2015	4	-7
0.004784688995215311	0	22	2012	2015	3	22
0.006379585326953748	1	22	2012	2015	3	21
0.003189792663476874	2	22	2012	2015	3	20
0.09250398724082935	3	22	2012	2015	3	19
0.23763955342902712	4	22	2012	2015	3	18
0.03668261562998405	5	22	2012	2015	3	17
0.007974481658692184	6	22	2012	2015	3	16
0.3365231259968102	7	22	2012	2015	3	15
0.24082934609250398	8	22	2012	2015	3	14
0.001594896331738437	9	22	2012	2015	3	13
0.025518341307814992	10	22	2012	2015	3	12
0.0	11	22	2012	2015	3	11
0.0	12	22	2012	2015	3	10
0.001594896331738437	13	22	2012	2015	3	9
0.001594896331738437	14	22	2012	2015	3	8
0.003189792663476874	15	22	2012	2015	3	7
0.0	16	22	2012	2015	3	6
0.0	17	22	2012	2015	3	5
0.0	18	22	2012	2015	3	4
0.0	19	22	2012	2015	3	3
0.0	20	22	2012	2015	3	2
0.0	21	22	2012	2015	3	1
0.0	22	22	2012	2015	3	0
0.0	23	22	2012	2015	3	-1
0.0	24	22	2012	2015	3	-2
0.0	25	22	2012	2015	3	-3
0.0	26	22	2012	2015	3	-4
0.0	27	22	2012	2015	3	-5
0.0	28	22	2012	2015	3	-6
0.0	29	22	2012	2015	3	-7
0.0	0	22	2013	2015	2	22
0.0014144271570014145	1	22	2013	2015	2	21
0.0014144271570014145	2	22	2013	2015	2	20
0.04101838755304102	3	22	2013	2015	2	19
0.08203677510608204	4	22	2013	2015	2	18
0.026874115983026876	5	22	2013	2015	2	17
0.007072135785007072	6	22	2013	2015	2	16
0.3055162659123055	7	22	2013	2015	2	15
0.4186704384724187	8	22	2013	2015	2	14
0.026874115983026876	9	22	2013	2015	2	13
0.03253182461103253	10	22	2013	2015	2	12
0.02263083451202263	11	22	2013	2015	2	11
0.0014144271570014145	12	22	2013	2015	2	10
0.002828854314002829	13	22	2013	2015	2	9
0.021216407355021217	14	22	2013	2015	2	8
0.004243281471004243	15	22	2013	2015	2	7
0.004243281471004243	16	22	2013	2015	2	6
0.0	17	22	2013	2015	2	5
0.0	18	22	2013	2015	2	4
0.0	19	22	2013	2015	2	3
0.0	20	22	2013	2015	2	2
0.0	21	22	2013	2015	2	1
0.0	22	22	2013	2015	2	0
0.0	23	22	2013	2015	2	-1
0.0	24	22	2013	2015	2	-2
0.0	25	22	2013	2015	2	-3
0.0	26	22	2013	2015	2	-4
0.0	27	22	2013	2015	2	-5
0.0	28	22	2013	2015	2	-6
0.0	29	22	2013	2015	2	-7
0.010362694300518135	0	22	2014	2015	1	22
0.0	1	22	2014	2015	1	21
0.0	2	22	2014	2015	1	20
0.03626943005181347	3	22	2014	2015	1	19
0.05699481865284974	4	22	2014	2015	1	18
0.010362694300518135	5	22	2014	2015	1	17
0.0051813471502590676	6	22	2014	2015	1	16
0.14507772020725387	7	22	2014	2015	1	15
0.33678756476683935	8	22	2014	2015	1	14
0.12953367875647667	9	22	2014	2015	1	13
0.15544041450777202	10	22	2014	2015	1	12
0.025906735751295335	11	22	2014	2015	1	11
0.0051813471502590676	12	22	2014	2015	1	10
0.0	13	22	2014	2015	1	9
0.03626943005181347	14	22	2014	2015	1	8
0.02072538860103627	15	22	2014	2015	1	7
0.025906735751295335	16	22	2014	2015	1	6
0.0	17	22	2014	2015	1	5
0.0	18	22	2014	2015	1	4
0.0	19	22	2014	2015	1	3
0.0	20	22	2014	2015	1	2
0.0	21	22	2014	2015	1	1
0.0	22	22	2014	2015	1	0
0.0	23	22	2014	2015	1	-1
0.0	24	22	2014	2015	1	-2
0.0	25	22	2014	2015	1	-3
0.0	26	22	2014	2015	1	-4
0.0	27	22	2014	2015	1	-5
0.0	28	22	2014	2015	1	-6
0.0	29	22	2014	2015	1	-7
0.0037735849056603774	0	22	2015	2015	0	22
0.0	1	22	2015	2015	0	21
0.0	2	22	2015	2015	0	20
0.009433962264150943	3	22	2015	2015	0	19
0.013207547169811321	4	22	2015	2015	0	18
0.013207547169811321	5	22	2015	2015	0	17
0.0	6	22	2015	2015	0	16
0.12830188679245283	7	22	2015	2015	0	15
0.14339622641509434	8	22	2015	2015	0	14
0.15849056603773584	9	22	2015	2015	0	13
0.13584905660377358	10	22	2015	2015	0	12
0.07169811320754717	11	22	2015	2015	0	11
0.005660377358490566	12	22	2015	2015	0	10
0.007547169811320755	13	22	2015	2015	0	9
0.1471698113207547	14	22	2015	2015	0	8
0.10566037735849057	15	22	2015	2015	0	7
0.04339622641509434	16	22	2015	2015	0	6
0.009433962264150943	17	22	2015	2015	0	5
0.0037735849056603774	18	22	2015	2015	0	4
0.0	19	22	2015	2015	0	3
0.0	20	22	2015	2015	0	2
0.0	21	22	2015	2015	0	1
0.0	22	22	2015	2015	0	0
0.0	23	22	2015	2015	0	-1
0.0	24	22	2015	2015	0	-2
0.0	25	22	2015	2015	0	-3
0.0	26	22	2015	2015	0	-4
0.0	27	22	2015	2015	0	-5
0.0	28	22	2015	2015	0	-6
0.0	29	22	2015	2015	0	-7
0.010362694300518135	0	22	2016	2015	-1	22
0.0	1	22	2016	2015	-1	21
0.0	2	22	2016	2015	-1	20
0.0	3	22	2016	2015	-1	19
0.02072538860103627	4	22	2016	2015	-1	18
0.010362694300518135	5	22	2016	2015	-1	17
0.0	6	22	2016	2015	-1	16
0.012953367875647668	7	22	2016	2015	-1	15
0.015544041450777202	8	22	2016	2015	-1	14
0.13212435233160622	9	22	2016	2015	-1	13
0.10103626943005181	10	22	2016	2015	-1	12
0.08549222797927461	11	22	2016	2015	-1	11
0.0	12	22	2016	2015	-1	10
0.015544041450777202	13	22	2016	2015	-1	9
0.18652849740932642	14	22	2016	2015	-1	8
0.25129533678756477	15	22	2016	2015	-1	7
0.15025906735751296	16	22	2016	2015	-1	6
0.0051813471502590676	17	22	2016	2015	-1	5
0.0	18	22	2016	2015	-1	4
0.0025906735751295338	19	22	2016	2015	-1	3
0.0	20	22	2016	2015	-1	2
0.0	21	22	2016	2015	-1	1
0.0	22	22	2016	2015	-1	0
0.0	23	22	2016	2015	-1	-1
0.0	24	22	2016	2015	-1	-2
0.0	25	22	2016	2015	-1	-3
0.0	26	22	2016	2015	-1	-4
0.0	27	22	2016	2015	-1	-5
0.0	28	22	2016	2015	-1	-6
0.0	29	22	2016	2015	-1	-7
0.006514657980456026	0	22	2017	2015	-2	22
0.0	1	22	2017	2015	-2	21
0.0	2	22	2017	2015	-2	20
0.006514657980456026	3	22	2017	2015	-2	19
0.003257328990228013	4	22	2017	2015	-2	18
0.0	5	22	2017	2015	-2	17
0.0	6	22	2017	2015	-2	16
0.0	7	22	2017	2015	-2	15
0.02280130293159609	8	22	2017	2015	-2	14
0.11074918566775244	9	22	2017	2015	-2	13
0.05211726384364821	10	22	2017	2015	-2	12
0.05863192182410423	11	22	2017	2015	-2	11
0.006514657980456026	12	22	2017	2015	-2	10
0.009771986970684038	13	22	2017	2015	-2	9
0.19218241042345277	14	22	2017	2015	-2	8
0.24429967426710097	15	22	2017	2015	-2	7
0.28664495114006516	16	22	2017	2015	-2	6
0.0	17	22	2017	2015	-2	5
0.0	18	22	2017	2015	-2	4
0.0	19	22	2017	2015	-2	3
0.0	20	22	2017	2015	-2	2
0.0	21	22	2017	2015	-2	1
0.0	22	22	2017	2015	-2	0
0.0	23	22	2017	2015	-2	-1
0.0	24	22	2017	2015	-2	-2
0.0	25	22	2017	2015	-2	-3
0.0	26	22	2017	2015	-2	-4
0.0	27	22	2017	2015	-2	-5
0.0	28	22	2017	2015	-2	-6
0.0	29	22	2017	2015	-2	-7
0.006535947712418301	0	22	2018	2015	-3	22
0.0	1	22	2018	2015	-3	21
0.0	2	22	2018	2015	-3	20
0.0	3	22	2018	2015	-3	19
0.013071895424836602	4	22	2018	2015	-3	18
0.013071895424836602	5	22	2018	2015	-3	17
0.0	6	22	2018	2015	-3	16
0.013071895424836602	7	22	2018	2015	-3	15
0.0392156862745098	8	22	2018	2015	-3	14
0.1568627450980392	9	22	2018	2015	-3	13
0.06535947712418301	10	22	2018	2015	-3	12
0.08496732026143791	11	22	2018	2015	-3	11
0.0	12	22	2018	2015	-3	10
0.013071895424836602	13	22	2018	2015	-3	9
0.21568627450980393	14	22	2018	2015	-3	8
0.1568627450980392	15	22	2018	2015	-3	7
0.20261437908496732	16	22	2018	2015	-3	6
0.006535947712418301	17	22	2018	2015	-3	5
0.0	18	22	2018	2015	-3	4
0.006535947712418301	19	22	2018	2015	-3	3
0.0	20	22	2018	2015	-3	2
0.006535947712418301	21	22	2018	2015	-3	1
0.0	22	22	2018	2015	-3	0
0.0	23	22	2018	2015	-3	-1
0.0	24	22	2018	2015	-3	-2
0.0	25	22	2018	2015	-3	-3
0.0	26	22	2018	2015	-3	-4
0.0	27	22	2018	2015	-3	-5
0.0	28	22	2018	2015	-3	-6
0.0	29	22	2018	2015	-3	-7
0.0	0	22	2019	2015	-4	22
0.0	1	22	2019	2015	-4	21
0.0	2	22	2019	2015	-4	20
0.0	3	22	2019	2015	-4	19
0.0	4	22	2019	2015	-4	18
0.028846153846153848	5	22	2019	2015	-4	17
0.0	6	22	2019	2015	-4	16
0.019230769230769232	7	22	2019	2015	-4	15
0.0	8	22	2019	2015	-4	14
0.11538461538461539	9	22	2019	2015	-4	13
0.019230769230769232	10	22	2019	2015	-4	12
0.019230769230769232	11	22	2019	2015	-4	11
0.0	12	22	2019	2015	-4	10
0.0	13	22	2019	2015	-4	9
0.21153846153846154	14	22	2019	2015	-4	8
0.10576923076923077	15	22	2019	2015	-4	7
0.25961538461538464	16	22	2019	2015	-4	6
0.04807692307692308	17	22	2019	2015	-4	5
0.019230769230769232	18	22	2019	2015	-4	4
0.11538461538461539	19	22	2019	2015	-4	3
0.0	20	22	2019	2015	-4	2
0.028846153846153848	21	22	2019	2015	-4	1
0.0	22	22	2019	2015	-4	0
0.009615384615384616	23	22	2019	2015	-4	-1
0.0	24	22	2019	2015	-4	-2
0.0	25	22	2019	2015	-4	-3
0.0	26	22	2019	2015	-4	-4
0.0	27	22	2019	2015	-4	-5
0.0	28	22	2019	2015	-4	-6
0.0	29	22	2019	2015	-4	-7
0.0013717421124828531	0	22	2020	2015	-5	22
0.0	1	22	2020	2015	-5	21
0.0	2	22	2020	2015	-5	20
0.0013717421124828531	3	22	2020	2015	-5	19
0.0013717421124828531	4	22	2020	2015	-5	18
0.00823045267489712	5	22	2020	2015	-5	17
0.0	6	22	2020	2015	-5	16
0.13305898491083676	7	22	2020	2015	-5	15
0.019204389574759947	8	22	2020	2015	-5	14
0.038408779149519894	9	22	2020	2015	-5	13
0.0205761316872428	10	22	2020	2015	-5	12
0.00823045267489712	11	22	2020	2015	-5	11
0.00411522633744856	12	22	2020	2015	-5	10
0.0013717421124828531	13	22	2020	2015	-5	9
0.23593964334705075	14	22	2020	2015	-5	8
0.24005486968449932	15	22	2020	2015	-5	7
0.19615912208504802	16	22	2020	2015	-5	6
0.03566529492455418	17	22	2020	2015	-5	5
0.0054869684499314125	18	22	2020	2015	-5	4
0.02194787379972565	19	22	2020	2015	-5	3
0.0013717421124828531	20	22	2020	2015	-5	2
0.015089163237311385	21	22	2020	2015	-5	1
0.0	22	22	2020	2015	-5	0
0.0054869684499314125	23	22	2020	2015	-5	-1
0.0054869684499314125	24	22	2020	2015	-5	-2
0.0	25	22	2020	2015	-5	-3
0.0	26	22	2020	2015	-5	-4
0.0	27	22	2020	2015	-5	-5
0.0	28	22	2020	2015	-5	-6
0.0	29	22	2020	2015	-5	-7
0.004524886877828055	0	22	2021	2015	-6	22
0.0	1	22	2021	2015	-6	21
0.0	2	22	2021	2015	-6	20
0.0	3	22	2021	2015	-6	19
0.006787330316742082	4	22	2021	2015	-6	18
0.03619909502262444	5	22	2021	2015	-6	17
0.0022624434389140274	6	22	2021	2015	-6	16
0.3076923076923077	7	22	2021	2015	-6	15
0.027149321266968326	8	22	2021	2015	-6	14
0.06108597285067873	9	22	2021	2015	-6	13
0.029411764705882353	10	22	2021	2015	-6	12
0.01809954751131222	11	22	2021	2015	-6	11
0.0022624434389140274	12	22	2021	2015	-6	10
0.00904977375565611	13	22	2021	2015	-6	9
0.16968325791855204	14	22	2021	2015	-6	8
0.029411764705882353	15	22	2021	2015	-6	7
0.15610859728506787	16	22	2021	2015	-6	6
0.04524886877828054	17	22	2021	2015	-6	5
0.0022624434389140274	18	22	2021	2015	-6	4
0.03619909502262444	19	22	2021	2015	-6	3
0.0	20	22	2021	2015	-6	2
0.02262443438914027	21	22	2021	2015	-6	1
0.0	22	22	2021	2015	-6	0
0.03167420814479638	23	22	2021	2015	-6	-1
0.0	24	22	2021	2015	-6	-2
0.0022624434389140274	25	22	2021	2015	-6	-3
0.0	26	22	2021	2015	-6	-4
0.0	27	22	2021	2015	-6	-5
0.0	28	22	2021	2015	-6	-6
0.0	29	22	2021	2015	-6	-7
0.008032128514056224	0	23	2010	2015	5	23
0.05622489959839357	1	23	2010	2015	5	22
0.04417670682730924	2	23	2010	2015	5	21
0.6626506024096386	3	23	2010	2015	5	20
0.14056224899598393	4	23	2010	2015	5	19
0.012048192771084338	5	23	2010	2015	5	18
0.008032128514056224	6	23	2010	2015	5	17
0.0321285140562249	7	23	2010	2015	5	16
0.020080321285140562	8	23	2010	2015	5	15
0.0	9	23	2010	2015	5	14
0.004016064257028112	10	23	2010	2015	5	13
0.0	11	23	2010	2015	5	12
0.0	12	23	2010	2015	5	11
0.0	13	23	2010	2015	5	10
0.0	14	23	2010	2015	5	9
0.0	15	23	2010	2015	5	8
0.0	16	23	2010	2015	5	7
0.0	17	23	2010	2015	5	6
0.0	18	23	2010	2015	5	5
0.004016064257028112	19	23	2010	2015	5	4
0.0	20	23	2010	2015	5	3
0.008032128514056224	21	23	2010	2015	5	2
0.0	22	23	2010	2015	5	1
0.0	23	23	2010	2015	5	0
0.0	24	23	2010	2015	5	-1
0.0	25	23	2010	2015	5	-2
0.0	26	23	2010	2015	5	-3
0.0	27	23	2010	2015	5	-4
0.0	28	23	2010	2015	5	-5
0.0	29	23	2010	2015	5	-6
0.013513513513513514	0	23	2011	2015	4	23
0.0	1	23	2011	2015	4	22
0.0	2	23	2011	2015	4	21
0.1891891891891892	3	23	2011	2015	4	20
0.40540540540540543	4	23	2011	2015	4	19
0.04054054054054054	5	23	2011	2015	4	18
0.0	6	23	2011	2015	4	17
0.24324324324324326	7	23	2011	2015	4	16
0.0945945945945946	8	23	2011	2015	4	15
0.0	9	23	2011	2015	4	14
0.013513513513513514	10	23	2011	2015	4	13
0.0	11	23	2011	2015	4	12
0.0	12	23	2011	2015	4	11
0.0	13	23	2011	2015	4	10
0.0	14	23	2011	2015	4	9
0.0	15	23	2011	2015	4	8
0.0	16	23	2011	2015	4	7
0.0	17	23	2011	2015	4	6
0.0	18	23	2011	2015	4	5
0.0	19	23	2011	2015	4	4
0.0	20	23	2011	2015	4	3
0.0	21	23	2011	2015	4	2
0.0	22	23	2011	2015	4	1
0.0	23	23	2011	2015	4	0
0.0	24	23	2011	2015	4	-1
0.0	25	23	2011	2015	4	-2
0.0	26	23	2011	2015	4	-3
0.0	27	23	2011	2015	4	-4
0.0	28	23	2011	2015	4	-5
0.0	29	23	2011	2015	4	-6
0.004784688995215311	0	23	2012	2015	3	23
0.006379585326953748	1	23	2012	2015	3	22
0.003189792663476874	2	23	2012	2015	3	21
0.09250398724082935	3	23	2012	2015	3	20
0.23763955342902712	4	23	2012	2015	3	19
0.03668261562998405	5	23	2012	2015	3	18
0.007974481658692184	6	23	2012	2015	3	17
0.3365231259968102	7	23	2012	2015	3	16
0.24082934609250398	8	23	2012	2015	3	15
0.001594896331738437	9	23	2012	2015	3	14
0.025518341307814992	10	23	2012	2015	3	13
0.0	11	23	2012	2015	3	12
0.0	12	23	2012	2015	3	11
0.001594896331738437	13	23	2012	2015	3	10
0.001594896331738437	14	23	2012	2015	3	9
0.003189792663476874	15	23	2012	2015	3	8
0.0	16	23	2012	2015	3	7
0.0	17	23	2012	2015	3	6
0.0	18	23	2012	2015	3	5
0.0	19	23	2012	2015	3	4
0.0	20	23	2012	2015	3	3
0.0	21	23	2012	2015	3	2
0.0	22	23	2012	2015	3	1
0.0	23	23	2012	2015	3	0
0.0	24	23	2012	2015	3	-1
0.0	25	23	2012	2015	3	-2
0.0	26	23	2012	2015	3	-3
0.0	27	23	2012	2015	3	-4
0.0	28	23	2012	2015	3	-5
0.0	29	23	2012	2015	3	-6
0.0	0	23	2013	2015	2	23
0.0014144271570014145	1	23	2013	2015	2	22
0.0014144271570014145	2	23	2013	2015	2	21
0.04101838755304102	3	23	2013	2015	2	20
0.08203677510608204	4	23	2013	2015	2	19
0.026874115983026876	5	23	2013	2015	2	18
0.007072135785007072	6	23	2013	2015	2	17
0.3055162659123055	7	23	2013	2015	2	16
0.4186704384724187	8	23	2013	2015	2	15
0.026874115983026876	9	23	2013	2015	2	14
0.03253182461103253	10	23	2013	2015	2	13
0.02263083451202263	11	23	2013	2015	2	12
0.0014144271570014145	12	23	2013	2015	2	11
0.002828854314002829	13	23	2013	2015	2	10
0.021216407355021217	14	23	2013	2015	2	9
0.004243281471004243	15	23	2013	2015	2	8
0.004243281471004243	16	23	2013	2015	2	7
0.0	17	23	2013	2015	2	6
0.0	18	23	2013	2015	2	5
0.0	19	23	2013	2015	2	4
0.0	20	23	2013	2015	2	3
0.0	21	23	2013	2015	2	2
0.0	22	23	2013	2015	2	1
0.0	23	23	2013	2015	2	0
0.0	24	23	2013	2015	2	-1
0.0	25	23	2013	2015	2	-2
0.0	26	23	2013	2015	2	-3
0.0	27	23	2013	2015	2	-4
0.0	28	23	2013	2015	2	-5
0.0	29	23	2013	2015	2	-6
0.010362694300518135	0	23	2014	2015	1	23
0.0	1	23	2014	2015	1	22
0.0	2	23	2014	2015	1	21
0.03626943005181347	3	23	2014	2015	1	20
0.05699481865284974	4	23	2014	2015	1	19
0.010362694300518135	5	23	2014	2015	1	18
0.0051813471502590676	6	23	2014	2015	1	17
0.14507772020725387	7	23	2014	2015	1	16
0.33678756476683935	8	23	2014	2015	1	15
0.12953367875647667	9	23	2014	2015	1	14
0.15544041450777202	10	23	2014	2015	1	13
0.025906735751295335	11	23	2014	2015	1	12
0.0051813471502590676	12	23	2014	2015	1	11
0.0	13	23	2014	2015	1	10
0.03626943005181347	14	23	2014	2015	1	9
0.02072538860103627	15	23	2014	2015	1	8
0.025906735751295335	16	23	2014	2015	1	7
0.0	17	23	2014	2015	1	6
0.0	18	23	2014	2015	1	5
0.0	19	23	2014	2015	1	4
0.0	20	23	2014	2015	1	3
0.0	21	23	2014	2015	1	2
0.0	22	23	2014	2015	1	1
0.0	23	23	2014	2015	1	0
0.0	24	23	2014	2015	1	-1
0.0	25	23	2014	2015	1	-2
0.0	26	23	2014	2015	1	-3
0.0	27	23	2014	2015	1	-4
0.0	28	23	2014	2015	1	-5
0.0	29	23	2014	2015	1	-6
0.0037735849056603774	0	23	2015	2015	0	23
0.0	1	23	2015	2015	0	22
0.0	2	23	2015	2015	0	21
0.009433962264150943	3	23	2015	2015	0	20
0.013207547169811321	4	23	2015	2015	0	19
0.013207547169811321	5	23	2015	2015	0	18
0.0	6	23	2015	2015	0	17
0.12830188679245283	7	23	2015	2015	0	16
0.14339622641509434	8	23	2015	2015	0	15
0.15849056603773584	9	23	2015	2015	0	14
0.13584905660377358	10	23	2015	2015	0	13
0.07169811320754717	11	23	2015	2015	0	12
0.005660377358490566	12	23	2015	2015	0	11
0.007547169811320755	13	23	2015	2015	0	10
0.1471698113207547	14	23	2015	2015	0	9
0.10566037735849057	15	23	2015	2015	0	8
0.04339622641509434	16	23	2015	2015	0	7
0.009433962264150943	17	23	2015	2015	0	6
0.0037735849056603774	18	23	2015	2015	0	5
0.0	19	23	2015	2015	0	4
0.0	20	23	2015	2015	0	3
0.0	21	23	2015	2015	0	2
0.0	22	23	2015	2015	0	1
0.0	23	23	2015	2015	0	0
0.0	24	23	2015	2015	0	-1
0.0	25	23	2015	2015	0	-2
0.0	26	23	2015	2015	0	-3
0.0	27	23	2015	2015	0	-4
0.0	28	23	2015	2015	0	-5
0.0	29	23	2015	2015	0	-6
0.010362694300518135	0	23	2016	2015	-1	23
0.0	1	23	2016	2015	-1	22
0.0	2	23	2016	2015	-1	21
0.0	3	23	2016	2015	-1	20
0.02072538860103627	4	23	2016	2015	-1	19
0.010362694300518135	5	23	2016	2015	-1	18
0.0	6	23	2016	2015	-1	17
0.012953367875647668	7	23	2016	2015	-1	16
0.015544041450777202	8	23	2016	2015	-1	15
0.13212435233160622	9	23	2016	2015	-1	14
0.10103626943005181	10	23	2016	2015	-1	13
0.08549222797927461	11	23	2016	2015	-1	12
0.0	12	23	2016	2015	-1	11
0.015544041450777202	13	23	2016	2015	-1	10
0.18652849740932642	14	23	2016	2015	-1	9
0.25129533678756477	15	23	2016	2015	-1	8
0.15025906735751296	16	23	2016	2015	-1	7
0.0051813471502590676	17	23	2016	2015	-1	6
0.0	18	23	2016	2015	-1	5
0.0025906735751295338	19	23	2016	2015	-1	4
0.0	20	23	2016	2015	-1	3
0.0	21	23	2016	2015	-1	2
0.0	22	23	2016	2015	-1	1
0.0	23	23	2016	2015	-1	0
0.0	24	23	2016	2015	-1	-1
0.0	25	23	2016	2015	-1	-2
0.0	26	23	2016	2015	-1	-3
0.0	27	23	2016	2015	-1	-4
0.0	28	23	2016	2015	-1	-5
0.0	29	23	2016	2015	-1	-6
0.006514657980456026	0	23	2017	2015	-2	23
0.0	1	23	2017	2015	-2	22
0.0	2	23	2017	2015	-2	21
0.006514657980456026	3	23	2017	2015	-2	20
0.003257328990228013	4	23	2017	2015	-2	19
0.0	5	23	2017	2015	-2	18
0.0	6	23	2017	2015	-2	17
0.0	7	23	2017	2015	-2	16
0.02280130293159609	8	23	2017	2015	-2	15
0.11074918566775244	9	23	2017	2015	-2	14
0.05211726384364821	10	23	2017	2015	-2	13
0.05863192182410423	11	23	2017	2015	-2	12
0.006514657980456026	12	23	2017	2015	-2	11
0.009771986970684038	13	23	2017	2015	-2	10
0.19218241042345277	14	23	2017	2015	-2	9
0.24429967426710097	15	23	2017	2015	-2	8
0.28664495114006516	16	23	2017	2015	-2	7
0.0	17	23	2017	2015	-2	6
0.0	18	23	2017	2015	-2	5
0.0	19	23	2017	2015	-2	4
0.0	20	23	2017	2015	-2	3
0.0	21	23	2017	2015	-2	2
0.0	22	23	2017	2015	-2	1
0.0	23	23	2017	2015	-2	0
0.0	24	23	2017	2015	-2	-1
0.0	25	23	2017	2015	-2	-2
0.0	26	23	2017	2015	-2	-3
0.0	27	23	2017	2015	-2	-4
0.0	28	23	2017	2015	-2	-5
0.0	29	23	2017	2015	-2	-6
0.006535947712418301	0	23	2018	2015	-3	23
0.0	1	23	2018	2015	-3	22
0.0	2	23	2018	2015	-3	21
0.0	3	23	2018	2015	-3	20
0.013071895424836602	4	23	2018	2015	-3	19
0.013071895424836602	5	23	2018	2015	-3	18
0.0	6	23	2018	2015	-3	17
0.013071895424836602	7	23	2018	2015	-3	16
0.0392156862745098	8	23	2018	2015	-3	15
0.1568627450980392	9	23	2018	2015	-3	14
0.06535947712418301	10	23	2018	2015	-3	13
0.08496732026143791	11	23	2018	2015	-3	12
0.0	12	23	2018	2015	-3	11
0.013071895424836602	13	23	2018	2015	-3	10
0.21568627450980393	14	23	2018	2015	-3	9
0.1568627450980392	15	23	2018	2015	-3	8
0.20261437908496732	16	23	2018	2015	-3	7
0.006535947712418301	17	23	2018	2015	-3	6
0.0	18	23	2018	2015	-3	5
0.006535947712418301	19	23	2018	2015	-3	4
0.0	20	23	2018	2015	-3	3
0.006535947712418301	21	23	2018	2015	-3	2
0.0	22	23	2018	2015	-3	1
0.0	23	23	2018	2015	-3	0
0.0	24	23	2018	2015	-3	-1
0.0	25	23	2018	2015	-3	-2
0.0	26	23	2018	2015	-3	-3
0.0	27	23	2018	2015	-3	-4
0.0	28	23	2018	2015	-3	-5
0.0	29	23	2018	2015	-3	-6
0.0	0	23	2019	2015	-4	23
0.0	1	23	2019	2015	-4	22
0.0	2	23	2019	2015	-4	21
0.0	3	23	2019	2015	-4	20
0.0	4	23	2019	2015	-4	19
0.028846153846153848	5	23	2019	2015	-4	18
0.0	6	23	2019	2015	-4	17
0.019230769230769232	7	23	2019	2015	-4	16
0.0	8	23	2019	2015	-4	15
0.11538461538461539	9	23	2019	2015	-4	14
0.019230769230769232	10	23	2019	2015	-4	13
0.019230769230769232	11	23	2019	2015	-4	12
0.0	12	23	2019	2015	-4	11
0.0	13	23	2019	2015	-4	10
0.21153846153846154	14	23	2019	2015	-4	9
0.10576923076923077	15	23	2019	2015	-4	8
0.25961538461538464	16	23	2019	2015	-4	7
0.04807692307692308	17	23	2019	2015	-4	6
0.019230769230769232	18	23	2019	2015	-4	5
0.11538461538461539	19	23	2019	2015	-4	4
0.0	20	23	2019	2015	-4	3
0.028846153846153848	21	23	2019	2015	-4	2
0.0	22	23	2019	2015	-4	1
0.009615384615384616	23	23	2019	2015	-4	0
0.0	24	23	2019	2015	-4	-1
0.0	25	23	2019	2015	-4	-2
0.0	26	23	2019	2015	-4	-3
0.0	27	23	2019	2015	-4	-4
0.0	28	23	2019	2015	-4	-5
0.0	29	23	2019	2015	-4	-6
0.0013717421124828531	0	23	2020	2015	-5	23
0.0	1	23	2020	2015	-5	22
0.0	2	23	2020	2015	-5	21
0.0013717421124828531	3	23	2020	2015	-5	20
0.0013717421124828531	4	23	2020	2015	-5	19
0.00823045267489712	5	23	2020	2015	-5	18
0.0	6	23	2020	2015	-5	17
0.13305898491083676	7	23	2020	2015	-5	16
0.019204389574759947	8	23	2020	2015	-5	15
0.038408779149519894	9	23	2020	2015	-5	14
0.0205761316872428	10	23	2020	2015	-5	13
0.00823045267489712	11	23	2020	2015	-5	12
0.00411522633744856	12	23	2020	2015	-5	11
0.0013717421124828531	13	23	2020	2015	-5	10
0.23593964334705075	14	23	2020	2015	-5	9
0.24005486968449932	15	23	2020	2015	-5	8
0.19615912208504802	16	23	2020	2015	-5	7
0.03566529492455418	17	23	2020	2015	-5	6
0.0054869684499314125	18	23	2020	2015	-5	5
0.02194787379972565	19	23	2020	2015	-5	4
0.0013717421124828531	20	23	2020	2015	-5	3
0.015089163237311385	21	23	2020	2015	-5	2
0.0	22	23	2020	2015	-5	1
0.0054869684499314125	23	23	2020	2015	-5	0
0.0054869684499314125	24	23	2020	2015	-5	-1
0.0	25	23	2020	2015	-5	-2
0.0	26	23	2020	2015	-5	-3
0.0	27	23	2020	2015	-5	-4
0.0	28	23	2020	2015	-5	-5
0.0	29	23	2020	2015	-5	-6
0.004524886877828055	0	23	2021	2015	-6	23
0.0	1	23	2021	2015	-6	22
0.0	2	23	2021	2015	-6	21
0.0	3	23	2021	2015	-6	20
0.006787330316742082	4	23	2021	2015	-6	19
0.03619909502262444	5	23	2021	2015	-6	18
0.0022624434389140274	6	23	2021	2015	-6	17
0.3076923076923077	7	23	2021	2015	-6	16
0.027149321266968326	8	23	2021	2015	-6	15
0.06108597285067873	9	23	2021	2015	-6	14
0.029411764705882353	10	23	2021	2015	-6	13
0.01809954751131222	11	23	2021	2015	-6	12
0.0022624434389140274	12	23	2021	2015	-6	11
0.00904977375565611	13	23	2021	2015	-6	10
0.16968325791855204	14	23	2021	2015	-6	9
0.029411764705882353	15	23	2021	2015	-6	8
0.15610859728506787	16	23	2021	2015	-6	7
0.04524886877828054	17	23	2021	2015	-6	6
0.0022624434389140274	18	23	2021	2015	-6	5
0.03619909502262444	19	23	2021	2015	-6	4
0.0	20	23	2021	2015	-6	3
0.02262443438914027	21	23	2021	2015	-6	2
0.0	22	23	2021	2015	-6	1
0.03167420814479638	23	23	2021	2015	-6	0
0.0	24	23	2021	2015	-6	-1
0.0022624434389140274	25	23	2021	2015	-6	-2
0.0	26	23	2021	2015	-6	-3
0.0	27	23	2021	2015	-6	-4
0.0	28	23	2021	2015	-6	-5
0.0	29	23	2021	2015	-6	-6
0.008032128514056224	0	24	2010	2016	6	24
0.05622489959839357	1	24	2010	2016	6	23
0.04417670682730924	2	24	2010	2016	6	22
0.6626506024096386	3	24	2010	2016	6	21
0.14056224899598393	4	24	2010	2016	6	20
0.012048192771084338	5	24	2010	2016	6	19
0.008032128514056224	6	24	2010	2016	6	18
0.0321285140562249	7	24	2010	2016	6	17
0.020080321285140562	8	24	2010	2016	6	16
0.0	9	24	2010	2016	6	15
0.004016064257028112	10	24	2010	2016	6	14
0.0	11	24	2010	2016	6	13
0.0	12	24	2010	2016	6	12
0.0	13	24	2010	2016	6	11
0.0	14	24	2010	2016	6	10
0.0	15	24	2010	2016	6	9
0.0	16	24	2010	2016	6	8
0.0	17	24	2010	2016	6	7
0.0	18	24	2010	2016	6	6
0.004016064257028112	19	24	2010	2016	6	5
0.0	20	24	2010	2016	6	4
0.008032128514056224	21	24	2010	2016	6	3
0.0	22	24	2010	2016	6	2
0.0	23	24	2010	2016	6	1
0.0	24	24	2010	2016	6	0
0.0	25	24	2010	2016	6	-1
0.0	26	24	2010	2016	6	-2
0.0	27	24	2010	2016	6	-3
0.0	28	24	2010	2016	6	-4
0.0	29	24	2010	2016	6	-5
0.013513513513513514	0	24	2011	2016	5	24
0.0	1	24	2011	2016	5	23
0.0	2	24	2011	2016	5	22
0.1891891891891892	3	24	2011	2016	5	21
0.40540540540540543	4	24	2011	2016	5	20
0.04054054054054054	5	24	2011	2016	5	19
0.0	6	24	2011	2016	5	18
0.24324324324324326	7	24	2011	2016	5	17
0.0945945945945946	8	24	2011	2016	5	16
0.0	9	24	2011	2016	5	15
0.013513513513513514	10	24	2011	2016	5	14
0.0	11	24	2011	2016	5	13
0.0	12	24	2011	2016	5	12
0.0	13	24	2011	2016	5	11
0.0	14	24	2011	2016	5	10
0.0	15	24	2011	2016	5	9
0.0	16	24	2011	2016	5	8
0.0	17	24	2011	2016	5	7
0.0	18	24	2011	2016	5	6
0.0	19	24	2011	2016	5	5
0.0	20	24	2011	2016	5	4
0.0	21	24	2011	2016	5	3
0.0	22	24	2011	2016	5	2
0.0	23	24	2011	2016	5	1
0.0	24	24	2011	2016	5	0
0.0	25	24	2011	2016	5	-1
0.0	26	24	2011	2016	5	-2
0.0	27	24	2011	2016	5	-3
0.0	28	24	2011	2016	5	-4
0.0	29	24	2011	2016	5	-5
0.004784688995215311	0	24	2012	2016	4	24
0.006379585326953748	1	24	2012	2016	4	23
0.003189792663476874	2	24	2012	2016	4	22
0.09250398724082935	3	24	2012	2016	4	21
0.23763955342902712	4	24	2012	2016	4	20
0.03668261562998405	5	24	2012	2016	4	19
0.007974481658692184	6	24	2012	2016	4	18
0.3365231259968102	7	24	2012	2016	4	17
0.24082934609250398	8	24	2012	2016	4	16
0.001594896331738437	9	24	2012	2016	4	15
0.025518341307814992	10	24	2012	2016	4	14
0.0	11	24	2012	2016	4	13
0.0	12	24	2012	2016	4	12
0.001594896331738437	13	24	2012	2016	4	11
0.001594896331738437	14	24	2012	2016	4	10
0.003189792663476874	15	24	2012	2016	4	9
0.0	16	24	2012	2016	4	8
0.0	17	24	2012	2016	4	7
0.0	18	24	2012	2016	4	6
0.0	19	24	2012	2016	4	5
0.0	20	24	2012	2016	4	4
0.0	21	24	2012	2016	4	3
0.0	22	24	2012	2016	4	2
0.0	23	24	2012	2016	4	1
0.0	24	24	2012	2016	4	0
0.0	25	24	2012	2016	4	-1
0.0	26	24	2012	2016	4	-2
0.0	27	24	2012	2016	4	-3
0.0	28	24	2012	2016	4	-4
0.0	29	24	2012	2016	4	-5
0.0	0	24	2013	2016	3	24
0.0014144271570014145	1	24	2013	2016	3	23
0.0014144271570014145	2	24	2013	2016	3	22
0.04101838755304102	3	24	2013	2016	3	21
0.08203677510608204	4	24	2013	2016	3	20
0.026874115983026876	5	24	2013	2016	3	19
0.007072135785007072	6	24	2013	2016	3	18
0.3055162659123055	7	24	2013	2016	3	17
0.4186704384724187	8	24	2013	2016	3	16
0.026874115983026876	9	24	2013	2016	3	15
0.03253182461103253	10	24	2013	2016	3	14
0.02263083451202263	11	24	2013	2016	3	13
0.0014144271570014145	12	24	2013	2016	3	12
0.002828854314002829	13	24	2013	2016	3	11
0.021216407355021217	14	24	2013	2016	3	10
0.004243281471004243	15	24	2013	2016	3	9
0.004243281471004243	16	24	2013	2016	3	8
0.0	17	24	2013	2016	3	7
0.0	18	24	2013	2016	3	6
0.0	19	24	2013	2016	3	5
0.0	20	24	2013	2016	3	4
0.0	21	24	2013	2016	3	3
0.0	22	24	2013	2016	3	2
0.0	23	24	2013	2016	3	1
0.0	24	24	2013	2016	3	0
0.0	25	24	2013	2016	3	-1
0.0	26	24	2013	2016	3	-2
0.0	27	24	2013	2016	3	-3
0.0	28	24	2013	2016	3	-4
0.0	29	24	2013	2016	3	-5
0.010362694300518135	0	24	2014	2016	2	24
0.0	1	24	2014	2016	2	23
0.0	2	24	2014	2016	2	22
0.03626943005181347	3	24	2014	2016	2	21
0.05699481865284974	4	24	2014	2016	2	20
0.010362694300518135	5	24	2014	2016	2	19
0.0051813471502590676	6	24	2014	2016	2	18
0.14507772020725387	7	24	2014	2016	2	17
0.33678756476683935	8	24	2014	2016	2	16
0.12953367875647667	9	24	2014	2016	2	15
0.15544041450777202	10	24	2014	2016	2	14
0.025906735751295335	11	24	2014	2016	2	13
0.0051813471502590676	12	24	2014	2016	2	12
0.0	13	24	2014	2016	2	11
0.03626943005181347	14	24	2014	2016	2	10
0.02072538860103627	15	24	2014	2016	2	9
0.025906735751295335	16	24	2014	2016	2	8
0.0	17	24	2014	2016	2	7
0.0	18	24	2014	2016	2	6
0.0	19	24	2014	2016	2	5
0.0	20	24	2014	2016	2	4
0.0	21	24	2014	2016	2	3
0.0	22	24	2014	2016	2	2
0.0	23	24	2014	2016	2	1
0.0	24	24	2014	2016	2	0
0.0	25	24	2014	2016	2	-1
0.0	26	24	2014	2016	2	-2
0.0	27	24	2014	2016	2	-3
0.0	28	24	2014	2016	2	-4
0.0	29	24	2014	2016	2	-5
0.0037735849056603774	0	24	2015	2016	1	24
0.0	1	24	2015	2016	1	23
0.0	2	24	2015	2016	1	22
0.009433962264150943	3	24	2015	2016	1	21
0.013207547169811321	4	24	2015	2016	1	20
0.013207547169811321	5	24	2015	2016	1	19
0.0	6	24	2015	2016	1	18
0.12830188679245283	7	24	2015	2016	1	17
0.14339622641509434	8	24	2015	2016	1	16
0.15849056603773584	9	24	2015	2016	1	15
0.13584905660377358	10	24	2015	2016	1	14
0.07169811320754717	11	24	2015	2016	1	13
0.005660377358490566	12	24	2015	2016	1	12
0.007547169811320755	13	24	2015	2016	1	11
0.1471698113207547	14	24	2015	2016	1	10
0.10566037735849057	15	24	2015	2016	1	9
0.04339622641509434	16	24	2015	2016	1	8
0.009433962264150943	17	24	2015	2016	1	7
0.0037735849056603774	18	24	2015	2016	1	6
0.0	19	24	2015	2016	1	5
0.0	20	24	2015	2016	1	4
0.0	21	24	2015	2016	1	3
0.0	22	24	2015	2016	1	2
0.0	23	24	2015	2016	1	1
0.0	24	24	2015	2016	1	0
0.0	25	24	2015	2016	1	-1
0.0	26	24	2015	2016	1	-2
0.0	27	24	2015	2016	1	-3
0.0	28	24	2015	2016	1	-4
0.0	29	24	2015	2016	1	-5
0.010362694300518135	0	24	2016	2016	0	24
0.0	1	24	2016	2016	0	23
0.0	2	24	2016	2016	0	22
0.0	3	24	2016	2016	0	21
0.02072538860103627	4	24	2016	2016	0	20
0.010362694300518135	5	24	2016	2016	0	19
0.0	6	24	2016	2016	0	18
0.012953367875647668	7	24	2016	2016	0	17
0.015544041450777202	8	24	2016	2016	0	16
0.13212435233160622	9	24	2016	2016	0	15
0.10103626943005181	10	24	2016	2016	0	14
0.08549222797927461	11	24	2016	2016	0	13
0.0	12	24	2016	2016	0	12
0.015544041450777202	13	24	2016	2016	0	11
0.18652849740932642	14	24	2016	2016	0	10
0.25129533678756477	15	24	2016	2016	0	9
0.15025906735751296	16	24	2016	2016	0	8
0.0051813471502590676	17	24	2016	2016	0	7
0.0	18	24	2016	2016	0	6
0.0025906735751295338	19	24	2016	2016	0	5
0.0	20	24	2016	2016	0	4
0.0	21	24	2016	2016	0	3
0.0	22	24	2016	2016	0	2
0.0	23	24	2016	2016	0	1
0.0	24	24	2016	2016	0	0
0.0	25	24	2016	2016	0	-1
0.0	26	24	2016	2016	0	-2
0.0	27	24	2016	2016	0	-3
0.0	28	24	2016	2016	0	-4
0.0	29	24	2016	2016	0	-5
0.006514657980456026	0	24	2017	2016	-1	24
0.0	1	24	2017	2016	-1	23
0.0	2	24	2017	2016	-1	22
0.006514657980456026	3	24	2017	2016	-1	21
0.003257328990228013	4	24	2017	2016	-1	20
0.0	5	24	2017	2016	-1	19
0.0	6	24	2017	2016	-1	18
0.0	7	24	2017	2016	-1	17
0.02280130293159609	8	24	2017	2016	-1	16
0.11074918566775244	9	24	2017	2016	-1	15
0.05211726384364821	10	24	2017	2016	-1	14
0.05863192182410423	11	24	2017	2016	-1	13
0.006514657980456026	12	24	2017	2016	-1	12
0.009771986970684038	13	24	2017	2016	-1	11
0.19218241042345277	14	24	2017	2016	-1	10
0.24429967426710097	15	24	2017	2016	-1	9
0.28664495114006516	16	24	2017	2016	-1	8
0.0	17	24	2017	2016	-1	7
0.0	18	24	2017	2016	-1	6
0.0	19	24	2017	2016	-1	5
0.0	20	24	2017	2016	-1	4
0.0	21	24	2017	2016	-1	3
0.0	22	24	2017	2016	-1	2
0.0	23	24	2017	2016	-1	1
0.0	24	24	2017	2016	-1	0
0.0	25	24	2017	2016	-1	-1
0.0	26	24	2017	2016	-1	-2
0.0	27	24	2017	2016	-1	-3
0.0	28	24	2017	2016	-1	-4
0.0	29	24	2017	2016	-1	-5
0.006535947712418301	0	24	2018	2016	-2	24
0.0	1	24	2018	2016	-2	23
0.0	2	24	2018	2016	-2	22
0.0	3	24	2018	2016	-2	21
0.013071895424836602	4	24	2018	2016	-2	20
0.013071895424836602	5	24	2018	2016	-2	19
0.0	6	24	2018	2016	-2	18
0.013071895424836602	7	24	2018	2016	-2	17
0.0392156862745098	8	24	2018	2016	-2	16
0.1568627450980392	9	24	2018	2016	-2	15
0.06535947712418301	10	24	2018	2016	-2	14
0.08496732026143791	11	24	2018	2016	-2	13
0.0	12	24	2018	2016	-2	12
0.013071895424836602	13	24	2018	2016	-2	11
0.21568627450980393	14	24	2018	2016	-2	10
0.1568627450980392	15	24	2018	2016	-2	9
0.20261437908496732	16	24	2018	2016	-2	8
0.006535947712418301	17	24	2018	2016	-2	7
0.0	18	24	2018	2016	-2	6
0.006535947712418301	19	24	2018	2016	-2	5
0.0	20	24	2018	2016	-2	4
0.006535947712418301	21	24	2018	2016	-2	3
0.0	22	24	2018	2016	-2	2
0.0	23	24	2018	2016	-2	1
0.0	24	24	2018	2016	-2	0
0.0	25	24	2018	2016	-2	-1
0.0	26	24	2018	2016	-2	-2
0.0	27	24	2018	2016	-2	-3
0.0	28	24	2018	2016	-2	-4
0.0	29	24	2018	2016	-2	-5
0.0	0	24	2019	2016	-3	24
0.0	1	24	2019	2016	-3	23
0.0	2	24	2019	2016	-3	22
0.0	3	24	2019	2016	-3	21
0.0	4	24	2019	2016	-3	20
0.028846153846153848	5	24	2019	2016	-3	19
0.0	6	24	2019	2016	-3	18
0.019230769230769232	7	24	2019	2016	-3	17
0.0	8	24	2019	2016	-3	16
0.11538461538461539	9	24	2019	2016	-3	15
0.019230769230769232	10	24	2019	2016	-3	14
0.019230769230769232	11	24	2019	2016	-3	13
0.0	12	24	2019	2016	-3	12
0.0	13	24	2019	2016	-3	11
0.21153846153846154	14	24	2019	2016	-3	10
0.10576923076923077	15	24	2019	2016	-3	9
0.25961538461538464	16	24	2019	2016	-3	8
0.04807692307692308	17	24	2019	2016	-3	7
0.019230769230769232	18	24	2019	2016	-3	6
0.11538461538461539	19	24	2019	2016	-3	5
0.0	20	24	2019	2016	-3	4
0.028846153846153848	21	24	2019	2016	-3	3
0.0	22	24	2019	2016	-3	2
0.009615384615384616	23	24	2019	2016	-3	1
0.0	24	24	2019	2016	-3	0
0.0	25	24	2019	2016	-3	-1
0.0	26	24	2019	2016	-3	-2
0.0	27	24	2019	2016	-3	-3
0.0	28	24	2019	2016	-3	-4
0.0	29	24	2019	2016	-3	-5
0.0013717421124828531	0	24	2020	2016	-4	24
0.0	1	24	2020	2016	-4	23
0.0	2	24	2020	2016	-4	22
0.0013717421124828531	3	24	2020	2016	-4	21
0.0013717421124828531	4	24	2020	2016	-4	20
0.00823045267489712	5	24	2020	2016	-4	19
0.0	6	24	2020	2016	-4	18
0.13305898491083676	7	24	2020	2016	-4	17
0.019204389574759947	8	24	2020	2016	-4	16
0.038408779149519894	9	24	2020	2016	-4	15
0.0205761316872428	10	24	2020	2016	-4	14
0.00823045267489712	11	24	2020	2016	-4	13
0.00411522633744856	12	24	2020	2016	-4	12
0.0013717421124828531	13	24	2020	2016	-4	11
0.23593964334705075	14	24	2020	2016	-4	10
0.24005486968449932	15	24	2020	2016	-4	9
0.19615912208504802	16	24	2020	2016	-4	8
0.03566529492455418	17	24	2020	2016	-4	7
0.0054869684499314125	18	24	2020	2016	-4	6
0.02194787379972565	19	24	2020	2016	-4	5
0.0013717421124828531	20	24	2020	2016	-4	4
0.015089163237311385	21	24	2020	2016	-4	3
0.0	22	24	2020	2016	-4	2
0.0054869684499314125	23	24	2020	2016	-4	1
0.0054869684499314125	24	24	2020	2016	-4	0
0.0	25	24	2020	2016	-4	-1
0.0	26	24	2020	2016	-4	-2
0.0	27	24	2020	2016	-4	-3
0.0	28	24	2020	2016	-4	-4
0.0	29	24	2020	2016	-4	-5
0.004524886877828055	0	24	2021	2016	-5	24
0.0	1	24	2021	2016	-5	23
0.0	2	24	2021	2016	-5	22
0.0	3	24	2021	2016	-5	21
0.006787330316742082	4	24	2021	2016	-5	20
0.03619909502262444	5	24	2021	2016	-5	19
0.0022624434389140274	6	24	2021	2016	-5	18
0.3076923076923077	7	24	2021	2016	-5	17
0.027149321266968326	8	24	2021	2016	-5	16
0.06108597285067873	9	24	2021	2016	-5	15
0.029411764705882353	10	24	2021	2016	-5	14
0.01809954751131222	11	24	2021	2016	-5	13
0.0022624434389140274	12	24	2021	2016	-5	12
0.00904977375565611	13	24	2021	2016	-5	11
0.16968325791855204	14	24	2021	2016	-5	10
0.029411764705882353	15	24	2021	2016	-5	9
0.15610859728506787	16	24	2021	2016	-5	8
0.04524886877828054	17	24	2021	2016	-5	7
0.0022624434389140274	18	24	2021	2016	-5	6
0.03619909502262444	19	24	2021	2016	-5	5
0.0	20	24	2021	2016	-5	4
0.02262443438914027	21	24	2021	2016	-5	3
0.0	22	24	2021	2016	-5	2
0.03167420814479638	23	24	2021	2016	-5	1
0.0	24	24	2021	2016	-5	0
0.0022624434389140274	25	24	2021	2016	-5	-1
0.0	26	24	2021	2016	-5	-2
0.0	27	24	2021	2016	-5	-3
0.0	28	24	2021	2016	-5	-4
0.0	29	24	2021	2016	-5	-5
0.008032128514056224	0	25	2010	2016	6	25
0.05622489959839357	1	25	2010	2016	6	24
0.04417670682730924	2	25	2010	2016	6	23
0.6626506024096386	3	25	2010	2016	6	22
0.14056224899598393	4	25	2010	2016	6	21
0.012048192771084338	5	25	2010	2016	6	20
0.008032128514056224	6	25	2010	2016	6	19
0.0321285140562249	7	25	2010	2016	6	18
0.020080321285140562	8	25	2010	2016	6	17
0.0	9	25	2010	2016	6	16
0.004016064257028112	10	25	2010	2016	6	15
0.0	11	25	2010	2016	6	14
0.0	12	25	2010	2016	6	13
0.0	13	25	2010	2016	6	12
0.0	14	25	2010	2016	6	11
0.0	15	25	2010	2016	6	10
0.0	16	25	2010	2016	6	9
0.0	17	25	2010	2016	6	8
0.0	18	25	2010	2016	6	7
0.004016064257028112	19	25	2010	2016	6	6
0.0	20	25	2010	2016	6	5
0.008032128514056224	21	25	2010	2016	6	4
0.0	22	25	2010	2016	6	3
0.0	23	25	2010	2016	6	2
0.0	24	25	2010	2016	6	1
0.0	25	25	2010	2016	6	0
0.0	26	25	2010	2016	6	-1
0.0	27	25	2010	2016	6	-2
0.0	28	25	2010	2016	6	-3
0.0	29	25	2010	2016	6	-4
0.013513513513513514	0	25	2011	2016	5	25
0.0	1	25	2011	2016	5	24
0.0	2	25	2011	2016	5	23
0.1891891891891892	3	25	2011	2016	5	22
0.40540540540540543	4	25	2011	2016	5	21
0.04054054054054054	5	25	2011	2016	5	20
0.0	6	25	2011	2016	5	19
0.24324324324324326	7	25	2011	2016	5	18
0.0945945945945946	8	25	2011	2016	5	17
0.0	9	25	2011	2016	5	16
0.013513513513513514	10	25	2011	2016	5	15
0.0	11	25	2011	2016	5	14
0.0	12	25	2011	2016	5	13
0.0	13	25	2011	2016	5	12
0.0	14	25	2011	2016	5	11
0.0	15	25	2011	2016	5	10
0.0	16	25	2011	2016	5	9
0.0	17	25	2011	2016	5	8
0.0	18	25	2011	2016	5	7
0.0	19	25	2011	2016	5	6
0.0	20	25	2011	2016	5	5
0.0	21	25	2011	2016	5	4
0.0	22	25	2011	2016	5	3
0.0	23	25	2011	2016	5	2
0.0	24	25	2011	2016	5	1
0.0	25	25	2011	2016	5	0
0.0	26	25	2011	2016	5	-1
0.0	27	25	2011	2016	5	-2
0.0	28	25	2011	2016	5	-3
0.0	29	25	2011	2016	5	-4
0.004784688995215311	0	25	2012	2016	4	25
0.006379585326953748	1	25	2012	2016	4	24
0.003189792663476874	2	25	2012	2016	4	23
0.09250398724082935	3	25	2012	2016	4	22
0.23763955342902712	4	25	2012	2016	4	21
0.03668261562998405	5	25	2012	2016	4	20
0.007974481658692184	6	25	2012	2016	4	19
0.3365231259968102	7	25	2012	2016	4	18
0.24082934609250398	8	25	2012	2016	4	17
0.001594896331738437	9	25	2012	2016	4	16
0.025518341307814992	10	25	2012	2016	4	15
0.0	11	25	2012	2016	4	14
0.0	12	25	2012	2016	4	13
0.001594896331738437	13	25	2012	2016	4	12
0.001594896331738437	14	25	2012	2016	4	11
0.003189792663476874	15	25	2012	2016	4	10
0.0	16	25	2012	2016	4	9
0.0	17	25	2012	2016	4	8
0.0	18	25	2012	2016	4	7
0.0	19	25	2012	2016	4	6
0.0	20	25	2012	2016	4	5
0.0	21	25	2012	2016	4	4
0.0	22	25	2012	2016	4	3
0.0	23	25	2012	2016	4	2
0.0	24	25	2012	2016	4	1
0.0	25	25	2012	2016	4	0
0.0	26	25	2012	2016	4	-1
0.0	27	25	2012	2016	4	-2
0.0	28	25	2012	2016	4	-3
0.0	29	25	2012	2016	4	-4
0.0	0	25	2013	2016	3	25
0.0014144271570014145	1	25	2013	2016	3	24
0.0014144271570014145	2	25	2013	2016	3	23
0.04101838755304102	3	25	2013	2016	3	22
0.08203677510608204	4	25	2013	2016	3	21
0.026874115983026876	5	25	2013	2016	3	20
0.007072135785007072	6	25	2013	2016	3	19
0.3055162659123055	7	25	2013	2016	3	18
0.4186704384724187	8	25	2013	2016	3	17
0.026874115983026876	9	25	2013	2016	3	16
0.03253182461103253	10	25	2013	2016	3	15
0.02263083451202263	11	25	2013	2016	3	14
0.0014144271570014145	12	25	2013	2016	3	13
0.002828854314002829	13	25	2013	2016	3	12
0.021216407355021217	14	25	2013	2016	3	11
0.004243281471004243	15	25	2013	2016	3	10
0.004243281471004243	16	25	2013	2016	3	9
0.0	17	25	2013	2016	3	8
0.0	18	25	2013	2016	3	7
0.0	19	25	2013	2016	3	6
0.0	20	25	2013	2016	3	5
0.0	21	25	2013	2016	3	4
0.0	22	25	2013	2016	3	3
0.0	23	25	2013	2016	3	2
0.0	24	25	2013	2016	3	1
0.0	25	25	2013	2016	3	0
0.0	26	25	2013	2016	3	-1
0.0	27	25	2013	2016	3	-2
0.0	28	25	2013	2016	3	-3
0.0	29	25	2013	2016	3	-4
0.010362694300518135	0	25	2014	2016	2	25
0.0	1	25	2014	2016	2	24
0.0	2	25	2014	2016	2	23
0.03626943005181347	3	25	2014	2016	2	22
0.05699481865284974	4	25	2014	2016	2	21
0.010362694300518135	5	25	2014	2016	2	20
0.0051813471502590676	6	25	2014	2016	2	19
0.14507772020725387	7	25	2014	2016	2	18
0.33678756476683935	8	25	2014	2016	2	17
0.12953367875647667	9	25	2014	2016	2	16
0.15544041450777202	10	25	2014	2016	2	15
0.025906735751295335	11	25	2014	2016	2	14
0.0051813471502590676	12	25	2014	2016	2	13
0.0	13	25	2014	2016	2	12
0.03626943005181347	14	25	2014	2016	2	11
0.02072538860103627	15	25	2014	2016	2	10
0.025906735751295335	16	25	2014	2016	2	9
0.0	17	25	2014	2016	2	8
0.0	18	25	2014	2016	2	7
0.0	19	25	2014	2016	2	6
0.0	20	25	2014	2016	2	5
0.0	21	25	2014	2016	2	4
0.0	22	25	2014	2016	2	3
0.0	23	25	2014	2016	2	2
0.0	24	25	2014	2016	2	1
0.0	25	25	2014	2016	2	0
0.0	26	25	2014	2016	2	-1
0.0	27	25	2014	2016	2	-2
0.0	28	25	2014	2016	2	-3
0.0	29	25	2014	2016	2	-4
0.0037735849056603774	0	25	2015	2016	1	25
0.0	1	25	2015	2016	1	24
0.0	2	25	2015	2016	1	23
0.009433962264150943	3	25	2015	2016	1	22
0.013207547169811321	4	25	2015	2016	1	21
0.013207547169811321	5	25	2015	2016	1	20
0.0	6	25	2015	2016	1	19
0.12830188679245283	7	25	2015	2016	1	18
0.14339622641509434	8	25	2015	2016	1	17
0.15849056603773584	9	25	2015	2016	1	16
0.13584905660377358	10	25	2015	2016	1	15
0.07169811320754717	11	25	2015	2016	1	14
0.005660377358490566	12	25	2015	2016	1	13
0.007547169811320755	13	25	2015	2016	1	12
0.1471698113207547	14	25	2015	2016	1	11
0.10566037735849057	15	25	2015	2016	1	10
0.04339622641509434	16	25	2015	2016	1	9
0.009433962264150943	17	25	2015	2016	1	8
0.0037735849056603774	18	25	2015	2016	1	7
0.0	19	25	2015	2016	1	6
0.0	20	25	2015	2016	1	5
0.0	21	25	2015	2016	1	4
0.0	22	25	2015	2016	1	3
0.0	23	25	2015	2016	1	2
0.0	24	25	2015	2016	1	1
0.0	25	25	2015	2016	1	0
0.0	26	25	2015	2016	1	-1
0.0	27	25	2015	2016	1	-2
0.0	28	25	2015	2016	1	-3
0.0	29	25	2015	2016	1	-4
0.010362694300518135	0	25	2016	2016	0	25
0.0	1	25	2016	2016	0	24
0.0	2	25	2016	2016	0	23
0.0	3	25	2016	2016	0	22
0.02072538860103627	4	25	2016	2016	0	21
0.010362694300518135	5	25	2016	2016	0	20
0.0	6	25	2016	2016	0	19
0.012953367875647668	7	25	2016	2016	0	18
0.015544041450777202	8	25	2016	2016	0	17
0.13212435233160622	9	25	2016	2016	0	16
0.10103626943005181	10	25	2016	2016	0	15
0.08549222797927461	11	25	2016	2016	0	14
0.0	12	25	2016	2016	0	13
0.015544041450777202	13	25	2016	2016	0	12
0.18652849740932642	14	25	2016	2016	0	11
0.25129533678756477	15	25	2016	2016	0	10
0.15025906735751296	16	25	2016	2016	0	9
0.0051813471502590676	17	25	2016	2016	0	8
0.0	18	25	2016	2016	0	7
0.0025906735751295338	19	25	2016	2016	0	6
0.0	20	25	2016	2016	0	5
0.0	21	25	2016	2016	0	4
0.0	22	25	2016	2016	0	3
0.0	23	25	2016	2016	0	2
0.0	24	25	2016	2016	0	1
0.0	25	25	2016	2016	0	0
0.0	26	25	2016	2016	0	-1
0.0	27	25	2016	2016	0	-2
0.0	28	25	2016	2016	0	-3
0.0	29	25	2016	2016	0	-4
0.006514657980456026	0	25	2017	2016	-1	25
0.0	1	25	2017	2016	-1	24
0.0	2	25	2017	2016	-1	23
0.006514657980456026	3	25	2017	2016	-1	22
0.003257328990228013	4	25	2017	2016	-1	21
0.0	5	25	2017	2016	-1	20
0.0	6	25	2017	2016	-1	19
0.0	7	25	2017	2016	-1	18
0.02280130293159609	8	25	2017	2016	-1	17
0.11074918566775244	9	25	2017	2016	-1	16
0.05211726384364821	10	25	2017	2016	-1	15
0.05863192182410423	11	25	2017	2016	-1	14
0.006514657980456026	12	25	2017	2016	-1	13
0.009771986970684038	13	25	2017	2016	-1	12
0.19218241042345277	14	25	2017	2016	-1	11
0.24429967426710097	15	25	2017	2016	-1	10
0.28664495114006516	16	25	2017	2016	-1	9
0.0	17	25	2017	2016	-1	8
0.0	18	25	2017	2016	-1	7
0.0	19	25	2017	2016	-1	6
0.0	20	25	2017	2016	-1	5
0.0	21	25	2017	2016	-1	4
0.0	22	25	2017	2016	-1	3
0.0	23	25	2017	2016	-1	2
0.0	24	25	2017	2016	-1	1
0.0	25	25	2017	2016	-1	0
0.0	26	25	2017	2016	-1	-1
0.0	27	25	2017	2016	-1	-2
0.0	28	25	2017	2016	-1	-3
0.0	29	25	2017	2016	-1	-4
0.006535947712418301	0	25	2018	2016	-2	25
0.0	1	25	2018	2016	-2	24
0.0	2	25	2018	2016	-2	23
0.0	3	25	2018	2016	-2	22
0.013071895424836602	4	25	2018	2016	-2	21
0.013071895424836602	5	25	2018	2016	-2	20
0.0	6	25	2018	2016	-2	19
0.013071895424836602	7	25	2018	2016	-2	18
0.0392156862745098	8	25	2018	2016	-2	17
0.1568627450980392	9	25	2018	2016	-2	16
0.06535947712418301	10	25	2018	2016	-2	15
0.08496732026143791	11	25	2018	2016	-2	14
0.0	12	25	2018	2016	-2	13
0.013071895424836602	13	25	2018	2016	-2	12
0.21568627450980393	14	25	2018	2016	-2	11
0.1568627450980392	15	25	2018	2016	-2	10
0.20261437908496732	16	25	2018	2016	-2	9
0.006535947712418301	17	25	2018	2016	-2	8
0.0	18	25	2018	2016	-2	7
0.006535947712418301	19	25	2018	2016	-2	6
0.0	20	25	2018	2016	-2	5
0.006535947712418301	21	25	2018	2016	-2	4
0.0	22	25	2018	2016	-2	3
0.0	23	25	2018	2016	-2	2
0.0	24	25	2018	2016	-2	1
0.0	25	25	2018	2016	-2	0
0.0	26	25	2018	2016	-2	-1
0.0	27	25	2018	2016	-2	-2
0.0	28	25	2018	2016	-2	-3
0.0	29	25	2018	2016	-2	-4
0.0	0	25	2019	2016	-3	25
0.0	1	25	2019	2016	-3	24
0.0	2	25	2019	2016	-3	23
0.0	3	25	2019	2016	-3	22
0.0	4	25	2019	2016	-3	21
0.028846153846153848	5	25	2019	2016	-3	20
0.0	6	25	2019	2016	-3	19
0.019230769230769232	7	25	2019	2016	-3	18
0.0	8	25	2019	2016	-3	17
0.11538461538461539	9	25	2019	2016	-3	16
0.019230769230769232	10	25	2019	2016	-3	15
0.019230769230769232	11	25	2019	2016	-3	14
0.0	12	25	2019	2016	-3	13
0.0	13	25	2019	2016	-3	12
0.21153846153846154	14	25	2019	2016	-3	11
0.10576923076923077	15	25	2019	2016	-3	10
0.25961538461538464	16	25	2019	2016	-3	9
0.04807692307692308	17	25	2019	2016	-3	8
0.019230769230769232	18	25	2019	2016	-3	7
0.11538461538461539	19	25	2019	2016	-3	6
0.0	20	25	2019	2016	-3	5
0.028846153846153848	21	25	2019	2016	-3	4
0.0	22	25	2019	2016	-3	3
0.009615384615384616	23	25	2019	2016	-3	2
0.0	24	25	2019	2016	-3	1
0.0	25	25	2019	2016	-3	0
0.0	26	25	2019	2016	-3	-1
0.0	27	25	2019	2016	-3	-2
0.0	28	25	2019	2016	-3	-3
0.0	29	25	2019	2016	-3	-4
0.0013717421124828531	0	25	2020	2016	-4	25
0.0	1	25	2020	2016	-4	24
0.0	2	25	2020	2016	-4	23
0.0013717421124828531	3	25	2020	2016	-4	22
0.0013717421124828531	4	25	2020	2016	-4	21
0.00823045267489712	5	25	2020	2016	-4	20
0.0	6	25	2020	2016	-4	19
0.13305898491083676	7	25	2020	2016	-4	18
0.019204389574759947	8	25	2020	2016	-4	17
0.038408779149519894	9	25	2020	2016	-4	16
0.0205761316872428	10	25	2020	2016	-4	15
0.00823045267489712	11	25	2020	2016	-4	14
0.00411522633744856	12	25	2020	2016	-4	13
0.0013717421124828531	13	25	2020	2016	-4	12
0.23593964334705075	14	25	2020	2016	-4	11
0.24005486968449932	15	25	2020	2016	-4	10
0.19615912208504802	16	25	2020	2016	-4	9
0.03566529492455418	17	25	2020	2016	-4	8
0.0054869684499314125	18	25	2020	2016	-4	7
0.02194787379972565	19	25	2020	2016	-4	6
0.0013717421124828531	20	25	2020	2016	-4	5
0.015089163237311385	21	25	2020	2016	-4	4
0.0	22	25	2020	2016	-4	3
0.0054869684499314125	23	25	2020	2016	-4	2
0.0054869684499314125	24	25	2020	2016	-4	1
0.0	25	25	2020	2016	-4	0
0.0	26	25	2020	2016	-4	-1
0.0	27	25	2020	2016	-4	-2
0.0	28	25	2020	2016	-4	-3
0.0	29	25	2020	2016	-4	-4
0.004524886877828055	0	25	2021	2016	-5	25
0.0	1	25	2021	2016	-5	24
0.0	2	25	2021	2016	-5	23
0.0	3	25	2021	2016	-5	22
0.006787330316742082	4	25	2021	2016	-5	21
0.03619909502262444	5	25	2021	2016	-5	20
0.0022624434389140274	6	25	2021	2016	-5	19
0.3076923076923077	7	25	2021	2016	-5	18
0.027149321266968326	8	25	2021	2016	-5	17
0.06108597285067873	9	25	2021	2016	-5	16
0.029411764705882353	10	25	2021	2016	-5	15
0.01809954751131222	11	25	2021	2016	-5	14
0.0022624434389140274	12	25	2021	2016	-5	13
0.00904977375565611	13	25	2021	2016	-5	12
0.16968325791855204	14	25	2021	2016	-5	11
0.029411764705882353	15	25	2021	2016	-5	10
0.15610859728506787	16	25	2021	2016	-5	9
0.04524886877828054	17	25	2021	2016	-5	8
0.0022624434389140274	18	25	2021	2016	-5	7
0.03619909502262444	19	25	2021	2016	-5	6
0.0	20	25	2021	2016	-5	5
0.02262443438914027	21	25	2021	2016	-5	4
0.0	22	25	2021	2016	-5	3
0.03167420814479638	23	25	2021	2016	-5	2
0.0	24	25	2021	2016	-5	1
0.0022624434389140274	25	25	2021	2016	-5	0
0.0	26	25	2021	2016	-5	-1
0.0	27	25	2021	2016	-5	-2
0.0	28	25	2021	2016	-5	-3
0.0	29	25	2021	2016	-5	-4
0.008032128514056224	0	26	2010	2017	7	26
0.05622489959839357	1	26	2010	2017	7	25
0.04417670682730924	2	26	2010	2017	7	24
0.6626506024096386	3	26	2010	2017	7	23
0.14056224899598393	4	26	2010	2017	7	22
0.012048192771084338	5	26	2010	2017	7	21
0.008032128514056224	6	26	2010	2017	7	20
0.0321285140562249	7	26	2010	2017	7	19
0.020080321285140562	8	26	2010	2017	7	18
0.0	9	26	2010	2017	7	17
0.004016064257028112	10	26	2010	2017	7	16
0.0	11	26	2010	2017	7	15
0.0	12	26	2010	2017	7	14
0.0	13	26	2010	2017	7	13
0.0	14	26	2010	2017	7	12
0.0	15	26	2010	2017	7	11
0.0	16	26	2010	2017	7	10
0.0	17	26	2010	2017	7	9
0.0	18	26	2010	2017	7	8
0.004016064257028112	19	26	2010	2017	7	7
0.0	20	26	2010	2017	7	6
0.008032128514056224	21	26	2010	2017	7	5
0.0	22	26	2010	2017	7	4
0.0	23	26	2010	2017	7	3
0.0	24	26	2010	2017	7	2
0.0	25	26	2010	2017	7	1
0.0	26	26	2010	2017	7	0
0.0	27	26	2010	2017	7	-1
0.0	28	26	2010	2017	7	-2
0.0	29	26	2010	2017	7	-3
0.013513513513513514	0	26	2011	2017	6	26
0.0	1	26	2011	2017	6	25
0.0	2	26	2011	2017	6	24
0.1891891891891892	3	26	2011	2017	6	23
0.40540540540540543	4	26	2011	2017	6	22
0.04054054054054054	5	26	2011	2017	6	21
0.0	6	26	2011	2017	6	20
0.24324324324324326	7	26	2011	2017	6	19
0.0945945945945946	8	26	2011	2017	6	18
0.0	9	26	2011	2017	6	17
0.013513513513513514	10	26	2011	2017	6	16
0.0	11	26	2011	2017	6	15
0.0	12	26	2011	2017	6	14
0.0	13	26	2011	2017	6	13
0.0	14	26	2011	2017	6	12
0.0	15	26	2011	2017	6	11
0.0	16	26	2011	2017	6	10
0.0	17	26	2011	2017	6	9
0.0	18	26	2011	2017	6	8
0.0	19	26	2011	2017	6	7
0.0	20	26	2011	2017	6	6
0.0	21	26	2011	2017	6	5
0.0	22	26	2011	2017	6	4
0.0	23	26	2011	2017	6	3
0.0	24	26	2011	2017	6	2
0.0	25	26	2011	2017	6	1
0.0	26	26	2011	2017	6	0
0.0	27	26	2011	2017	6	-1
0.0	28	26	2011	2017	6	-2
0.0	29	26	2011	2017	6	-3
0.004784688995215311	0	26	2012	2017	5	26
0.006379585326953748	1	26	2012	2017	5	25
0.003189792663476874	2	26	2012	2017	5	24
0.09250398724082935	3	26	2012	2017	5	23
0.23763955342902712	4	26	2012	2017	5	22
0.03668261562998405	5	26	2012	2017	5	21
0.007974481658692184	6	26	2012	2017	5	20
0.3365231259968102	7	26	2012	2017	5	19
0.24082934609250398	8	26	2012	2017	5	18
0.001594896331738437	9	26	2012	2017	5	17
0.025518341307814992	10	26	2012	2017	5	16
0.0	11	26	2012	2017	5	15
0.0	12	26	2012	2017	5	14
0.001594896331738437	13	26	2012	2017	5	13
0.001594896331738437	14	26	2012	2017	5	12
0.003189792663476874	15	26	2012	2017	5	11
0.0	16	26	2012	2017	5	10
0.0	17	26	2012	2017	5	9
0.0	18	26	2012	2017	5	8
0.0	19	26	2012	2017	5	7
0.0	20	26	2012	2017	5	6
0.0	21	26	2012	2017	5	5
0.0	22	26	2012	2017	5	4
0.0	23	26	2012	2017	5	3
0.0	24	26	2012	2017	5	2
0.0	25	26	2012	2017	5	1
0.0	26	26	2012	2017	5	0
0.0	27	26	2012	2017	5	-1
0.0	28	26	2012	2017	5	-2
0.0	29	26	2012	2017	5	-3
0.0	0	26	2013	2017	4	26
0.0014144271570014145	1	26	2013	2017	4	25
0.0014144271570014145	2	26	2013	2017	4	24
0.04101838755304102	3	26	2013	2017	4	23
0.08203677510608204	4	26	2013	2017	4	22
0.026874115983026876	5	26	2013	2017	4	21
0.007072135785007072	6	26	2013	2017	4	20
0.3055162659123055	7	26	2013	2017	4	19
0.4186704384724187	8	26	2013	2017	4	18
0.026874115983026876	9	26	2013	2017	4	17
0.03253182461103253	10	26	2013	2017	4	16
0.02263083451202263	11	26	2013	2017	4	15
0.0014144271570014145	12	26	2013	2017	4	14
0.002828854314002829	13	26	2013	2017	4	13
0.021216407355021217	14	26	2013	2017	4	12
0.004243281471004243	15	26	2013	2017	4	11
0.004243281471004243	16	26	2013	2017	4	10
0.0	17	26	2013	2017	4	9
0.0	18	26	2013	2017	4	8
0.0	19	26	2013	2017	4	7
0.0	20	26	2013	2017	4	6
0.0	21	26	2013	2017	4	5
0.0	22	26	2013	2017	4	4
0.0	23	26	2013	2017	4	3
0.0	24	26	2013	2017	4	2
0.0	25	26	2013	2017	4	1
0.0	26	26	2013	2017	4	0
0.0	27	26	2013	2017	4	-1
0.0	28	26	2013	2017	4	-2
0.0	29	26	2013	2017	4	-3
0.010362694300518135	0	26	2014	2017	3	26
0.0	1	26	2014	2017	3	25
0.0	2	26	2014	2017	3	24
0.03626943005181347	3	26	2014	2017	3	23
0.05699481865284974	4	26	2014	2017	3	22
0.010362694300518135	5	26	2014	2017	3	21
0.0051813471502590676	6	26	2014	2017	3	20
0.14507772020725387	7	26	2014	2017	3	19
0.33678756476683935	8	26	2014	2017	3	18
0.12953367875647667	9	26	2014	2017	3	17
0.15544041450777202	10	26	2014	2017	3	16
0.025906735751295335	11	26	2014	2017	3	15
0.0051813471502590676	12	26	2014	2017	3	14
0.0	13	26	2014	2017	3	13
0.03626943005181347	14	26	2014	2017	3	12
0.02072538860103627	15	26	2014	2017	3	11
0.025906735751295335	16	26	2014	2017	3	10
0.0	17	26	2014	2017	3	9
0.0	18	26	2014	2017	3	8
0.0	19	26	2014	2017	3	7
0.0	20	26	2014	2017	3	6
0.0	21	26	2014	2017	3	5
0.0	22	26	2014	2017	3	4
0.0	23	26	2014	2017	3	3
0.0	24	26	2014	2017	3	2
0.0	25	26	2014	2017	3	1
0.0	26	26	2014	2017	3	0
0.0	27	26	2014	2017	3	-1
0.0	28	26	2014	2017	3	-2
0.0	29	26	2014	2017	3	-3
0.0037735849056603774	0	26	2015	2017	2	26
0.0	1	26	2015	2017	2	25
0.0	2	26	2015	2017	2	24
0.009433962264150943	3	26	2015	2017	2	23
0.013207547169811321	4	26	2015	2017	2	22
0.013207547169811321	5	26	2015	2017	2	21
0.0	6	26	2015	2017	2	20
0.12830188679245283	7	26	2015	2017	2	19
0.14339622641509434	8	26	2015	2017	2	18
0.15849056603773584	9	26	2015	2017	2	17
0.13584905660377358	10	26	2015	2017	2	16
0.07169811320754717	11	26	2015	2017	2	15
0.005660377358490566	12	26	2015	2017	2	14
0.007547169811320755	13	26	2015	2017	2	13
0.1471698113207547	14	26	2015	2017	2	12
0.10566037735849057	15	26	2015	2017	2	11
0.04339622641509434	16	26	2015	2017	2	10
0.009433962264150943	17	26	2015	2017	2	9
0.0037735849056603774	18	26	2015	2017	2	8
0.0	19	26	2015	2017	2	7
0.0	20	26	2015	2017	2	6
0.0	21	26	2015	2017	2	5
0.0	22	26	2015	2017	2	4
0.0	23	26	2015	2017	2	3
0.0	24	26	2015	2017	2	2
0.0	25	26	2015	2017	2	1
0.0	26	26	2015	2017	2	0
0.0	27	26	2015	2017	2	-1
0.0	28	26	2015	2017	2	-2
0.0	29	26	2015	2017	2	-3
0.010362694300518135	0	26	2016	2017	1	26
0.0	1	26	2016	2017	1	25
0.0	2	26	2016	2017	1	24
0.0	3	26	2016	2017	1	23
0.02072538860103627	4	26	2016	2017	1	22
0.010362694300518135	5	26	2016	2017	1	21
0.0	6	26	2016	2017	1	20
0.012953367875647668	7	26	2016	2017	1	19
0.015544041450777202	8	26	2016	2017	1	18
0.13212435233160622	9	26	2016	2017	1	17
0.10103626943005181	10	26	2016	2017	1	16
0.08549222797927461	11	26	2016	2017	1	15
0.0	12	26	2016	2017	1	14
0.015544041450777202	13	26	2016	2017	1	13
0.18652849740932642	14	26	2016	2017	1	12
0.25129533678756477	15	26	2016	2017	1	11
0.15025906735751296	16	26	2016	2017	1	10
0.0051813471502590676	17	26	2016	2017	1	9
0.0	18	26	2016	2017	1	8
0.0025906735751295338	19	26	2016	2017	1	7
0.0	20	26	2016	2017	1	6
0.0	21	26	2016	2017	1	5
0.0	22	26	2016	2017	1	4
0.0	23	26	2016	2017	1	3
0.0	24	26	2016	2017	1	2
0.0	25	26	2016	2017	1	1
0.0	26	26	2016	2017	1	0
0.0	27	26	2016	2017	1	-1
0.0	28	26	2016	2017	1	-2
0.0	29	26	2016	2017	1	-3
0.006514657980456026	0	26	2017	2017	0	26
0.0	1	26	2017	2017	0	25
0.0	2	26	2017	2017	0	24
0.006514657980456026	3	26	2017	2017	0	23
0.003257328990228013	4	26	2017	2017	0	22
0.0	5	26	2017	2017	0	21
0.0	6	26	2017	2017	0	20
0.0	7	26	2017	2017	0	19
0.02280130293159609	8	26	2017	2017	0	18
0.11074918566775244	9	26	2017	2017	0	17
0.05211726384364821	10	26	2017	2017	0	16
0.05863192182410423	11	26	2017	2017	0	15
0.006514657980456026	12	26	2017	2017	0	14
0.009771986970684038	13	26	2017	2017	0	13
0.19218241042345277	14	26	2017	2017	0	12
0.24429967426710097	15	26	2017	2017	0	11
0.28664495114006516	16	26	2017	2017	0	10
0.0	17	26	2017	2017	0	9
0.0	18	26	2017	2017	0	8
0.0	19	26	2017	2017	0	7
0.0	20	26	2017	2017	0	6
0.0	21	26	2017	2017	0	5
0.0	22	26	2017	2017	0	4
0.0	23	26	2017	2017	0	3
0.0	24	26	2017	2017	0	2
0.0	25	26	2017	2017	0	1
0.0	26	26	2017	2017	0	0
0.0	27	26	2017	2017	0	-1
0.0	28	26	2017	2017	0	-2
0.0	29	26	2017	2017	0	-3
0.006535947712418301	0	26	2018	2017	-1	26
0.0	1	26	2018	2017	-1	25
0.0	2	26	2018	2017	-1	24
0.0	3	26	2018	2017	-1	23
0.013071895424836602	4	26	2018	2017	-1	22
0.013071895424836602	5	26	2018	2017	-1	21
0.0	6	26	2018	2017	-1	20
0.013071895424836602	7	26	2018	2017	-1	19
0.0392156862745098	8	26	2018	2017	-1	18
0.1568627450980392	9	26	2018	2017	-1	17
0.06535947712418301	10	26	2018	2017	-1	16
0.08496732026143791	11	26	2018	2017	-1	15
0.0	12	26	2018	2017	-1	14
0.013071895424836602	13	26	2018	2017	-1	13
0.21568627450980393	14	26	2018	2017	-1	12
0.1568627450980392	15	26	2018	2017	-1	11
0.20261437908496732	16	26	2018	2017	-1	10
0.006535947712418301	17	26	2018	2017	-1	9
0.0	18	26	2018	2017	-1	8
0.006535947712418301	19	26	2018	2017	-1	7
0.0	20	26	2018	2017	-1	6
0.006535947712418301	21	26	2018	2017	-1	5
0.0	22	26	2018	2017	-1	4
0.0	23	26	2018	2017	-1	3
0.0	24	26	2018	2017	-1	2
0.0	25	26	2018	2017	-1	1
0.0	26	26	2018	2017	-1	0
0.0	27	26	2018	2017	-1	-1
0.0	28	26	2018	2017	-1	-2
0.0	29	26	2018	2017	-1	-3
0.0	0	26	2019	2017	-2	26
0.0	1	26	2019	2017	-2	25
0.0	2	26	2019	2017	-2	24
0.0	3	26	2019	2017	-2	23
0.0	4	26	2019	2017	-2	22
0.028846153846153848	5	26	2019	2017	-2	21
0.0	6	26	2019	2017	-2	20
0.019230769230769232	7	26	2019	2017	-2	19
0.0	8	26	2019	2017	-2	18
0.11538461538461539	9	26	2019	2017	-2	17
0.019230769230769232	10	26	2019	2017	-2	16
0.019230769230769232	11	26	2019	2017	-2	15
0.0	12	26	2019	2017	-2	14
0.0	13	26	2019	2017	-2	13
0.21153846153846154	14	26	2019	2017	-2	12
0.10576923076923077	15	26	2019	2017	-2	11
0.25961538461538464	16	26	2019	2017	-2	10
0.04807692307692308	17	26	2019	2017	-2	9
0.019230769230769232	18	26	2019	2017	-2	8
0.11538461538461539	19	26	2019	2017	-2	7
0.0	20	26	2019	2017	-2	6
0.028846153846153848	21	26	2019	2017	-2	5
0.0	22	26	2019	2017	-2	4
0.009615384615384616	23	26	2019	2017	-2	3
0.0	24	26	2019	2017	-2	2
0.0	25	26	2019	2017	-2	1
0.0	26	26	2019	2017	-2	0
0.0	27	26	2019	2017	-2	-1
0.0	28	26	2019	2017	-2	-2
0.0	29	26	2019	2017	-2	-3
0.0013717421124828531	0	26	2020	2017	-3	26
0.0	1	26	2020	2017	-3	25
0.0	2	26	2020	2017	-3	24
0.0013717421124828531	3	26	2020	2017	-3	23
0.0013717421124828531	4	26	2020	2017	-3	22
0.00823045267489712	5	26	2020	2017	-3	21
0.0	6	26	2020	2017	-3	20
0.13305898491083676	7	26	2020	2017	-3	19
0.019204389574759947	8	26	2020	2017	-3	18
0.038408779149519894	9	26	2020	2017	-3	17
0.0205761316872428	10	26	2020	2017	-3	16
0.00823045267489712	11	26	2020	2017	-3	15
0.00411522633744856	12	26	2020	2017	-3	14
0.0013717421124828531	13	26	2020	2017	-3	13
0.23593964334705075	14	26	2020	2017	-3	12
0.24005486968449932	15	26	2020	2017	-3	11
0.19615912208504802	16	26	2020	2017	-3	10
0.03566529492455418	17	26	2020	2017	-3	9
0.0054869684499314125	18	26	2020	2017	-3	8
0.02194787379972565	19	26	2020	2017	-3	7
0.0013717421124828531	20	26	2020	2017	-3	6
0.015089163237311385	21	26	2020	2017	-3	5
0.0	22	26	2020	2017	-3	4
0.0054869684499314125	23	26	2020	2017	-3	3
0.0054869684499314125	24	26	2020	2017	-3	2
0.0	25	26	2020	2017	-3	1
0.0	26	26	2020	2017	-3	0
0.0	27	26	2020	2017	-3	-1
0.0	28	26	2020	2017	-3	-2
0.0	29	26	2020	2017	-3	-3
0.004524886877828055	0	26	2021	2017	-4	26
0.0	1	26	2021	2017	-4	25
0.0	2	26	2021	2017	-4	24
0.0	3	26	2021	2017	-4	23
0.006787330316742082	4	26	2021	2017	-4	22
0.03619909502262444	5	26	2021	2017	-4	21
0.0022624434389140274	6	26	2021	2017	-4	20
0.3076923076923077	7	26	2021	2017	-4	19
0.027149321266968326	8	26	2021	2017	-4	18
0.06108597285067873	9	26	2021	2017	-4	17
0.029411764705882353	10	26	2021	2017	-4	16
0.01809954751131222	11	26	2021	2017	-4	15
0.0022624434389140274	12	26	2021	2017	-4	14
0.00904977375565611	13	26	2021	2017	-4	13
0.16968325791855204	14	26	2021	2017	-4	12
0.029411764705882353	15	26	2021	2017	-4	11
0.15610859728506787	16	26	2021	2017	-4	10
0.04524886877828054	17	26	2021	2017	-4	9
0.0022624434389140274	18	26	2021	2017	-4	8
0.03619909502262444	19	26	2021	2017	-4	7
0.0	20	26	2021	2017	-4	6
0.02262443438914027	21	26	2021	2017	-4	5
0.0	22	26	2021	2017	-4	4
0.03167420814479638	23	26	2021	2017	-4	3
0.0	24	26	2021	2017	-4	2
0.0022624434389140274	25	26	2021	2017	-4	1
0.0	26	26	2021	2017	-4	0
0.0	27	26	2021	2017	-4	-1
0.0	28	26	2021	2017	-4	-2
0.0	29	26	2021	2017	-4	-3
0.008032128514056224	0	27	2010	2017	7	27
0.05622489959839357	1	27	2010	2017	7	26
0.04417670682730924	2	27	2010	2017	7	25
0.6626506024096386	3	27	2010	2017	7	24
0.14056224899598393	4	27	2010	2017	7	23
0.012048192771084338	5	27	2010	2017	7	22
0.008032128514056224	6	27	2010	2017	7	21
0.0321285140562249	7	27	2010	2017	7	20
0.020080321285140562	8	27	2010	2017	7	19
0.0	9	27	2010	2017	7	18
0.004016064257028112	10	27	2010	2017	7	17
0.0	11	27	2010	2017	7	16
0.0	12	27	2010	2017	7	15
0.0	13	27	2010	2017	7	14
0.0	14	27	2010	2017	7	13
0.0	15	27	2010	2017	7	12
0.0	16	27	2010	2017	7	11
0.0	17	27	2010	2017	7	10
0.0	18	27	2010	2017	7	9
0.004016064257028112	19	27	2010	2017	7	8
0.0	20	27	2010	2017	7	7
0.008032128514056224	21	27	2010	2017	7	6
0.0	22	27	2010	2017	7	5
0.0	23	27	2010	2017	7	4
0.0	24	27	2010	2017	7	3
0.0	25	27	2010	2017	7	2
0.0	26	27	2010	2017	7	1
0.0	27	27	2010	2017	7	0
0.0	28	27	2010	2017	7	-1
0.0	29	27	2010	2017	7	-2
0.013513513513513514	0	27	2011	2017	6	27
0.0	1	27	2011	2017	6	26
0.0	2	27	2011	2017	6	25
0.1891891891891892	3	27	2011	2017	6	24
0.40540540540540543	4	27	2011	2017	6	23
0.04054054054054054	5	27	2011	2017	6	22
0.0	6	27	2011	2017	6	21
0.24324324324324326	7	27	2011	2017	6	20
0.0945945945945946	8	27	2011	2017	6	19
0.0	9	27	2011	2017	6	18
0.013513513513513514	10	27	2011	2017	6	17
0.0	11	27	2011	2017	6	16
0.0	12	27	2011	2017	6	15
0.0	13	27	2011	2017	6	14
0.0	14	27	2011	2017	6	13
0.0	15	27	2011	2017	6	12
0.0	16	27	2011	2017	6	11
0.0	17	27	2011	2017	6	10
0.0	18	27	2011	2017	6	9
0.0	19	27	2011	2017	6	8
0.0	20	27	2011	2017	6	7
0.0	21	27	2011	2017	6	6
0.0	22	27	2011	2017	6	5
0.0	23	27	2011	2017	6	4
0.0	24	27	2011	2017	6	3
0.0	25	27	2011	2017	6	2
0.0	26	27	2011	2017	6	1
0.0	27	27	2011	2017	6	0
0.0	28	27	2011	2017	6	-1
0.0	29	27	2011	2017	6	-2
0.004784688995215311	0	27	2012	2017	5	27
0.006379585326953748	1	27	2012	2017	5	26
0.003189792663476874	2	27	2012	2017	5	25
0.09250398724082935	3	27	2012	2017	5	24
0.23763955342902712	4	27	2012	2017	5	23
0.03668261562998405	5	27	2012	2017	5	22
0.007974481658692184	6	27	2012	2017	5	21
0.3365231259968102	7	27	2012	2017	5	20
0.24082934609250398	8	27	2012	2017	5	19
0.001594896331738437	9	27	2012	2017	5	18
0.025518341307814992	10	27	2012	2017	5	17
0.0	11	27	2012	2017	5	16
0.0	12	27	2012	2017	5	15
0.001594896331738437	13	27	2012	2017	5	14
0.001594896331738437	14	27	2012	2017	5	13
0.003189792663476874	15	27	2012	2017	5	12
0.0	16	27	2012	2017	5	11
0.0	17	27	2012	2017	5	10
0.0	18	27	2012	2017	5	9
0.0	19	27	2012	2017	5	8
0.0	20	27	2012	2017	5	7
0.0	21	27	2012	2017	5	6
0.0	22	27	2012	2017	5	5
0.0	23	27	2012	2017	5	4
0.0	24	27	2012	2017	5	3
0.0	25	27	2012	2017	5	2
0.0	26	27	2012	2017	5	1
0.0	27	27	2012	2017	5	0
0.0	28	27	2012	2017	5	-1
0.0	29	27	2012	2017	5	-2
0.0	0	27	2013	2017	4	27
0.0014144271570014145	1	27	2013	2017	4	26
0.0014144271570014145	2	27	2013	2017	4	25
0.04101838755304102	3	27	2013	2017	4	24
0.08203677510608204	4	27	2013	2017	4	23
0.026874115983026876	5	27	2013	2017	4	22
0.007072135785007072	6	27	2013	2017	4	21
0.3055162659123055	7	27	2013	2017	4	20
0.4186704384724187	8	27	2013	2017	4	19
0.026874115983026876	9	27	2013	2017	4	18
0.03253182461103253	10	27	2013	2017	4	17
0.02263083451202263	11	27	2013	2017	4	16
0.0014144271570014145	12	27	2013	2017	4	15
0.002828854314002829	13	27	2013	2017	4	14
0.021216407355021217	14	27	2013	2017	4	13
0.004243281471004243	15	27	2013	2017	4	12
0.004243281471004243	16	27	2013	2017	4	11
0.0	17	27	2013	2017	4	10
0.0	18	27	2013	2017	4	9
0.0	19	27	2013	2017	4	8
0.0	20	27	2013	2017	4	7
0.0	21	27	2013	2017	4	6
0.0	22	27	2013	2017	4	5
0.0	23	27	2013	2017	4	4
0.0	24	27	2013	2017	4	3
0.0	25	27	2013	2017	4	2
0.0	26	27	2013	2017	4	1
0.0	27	27	2013	2017	4	0
0.0	28	27	2013	2017	4	-1
0.0	29	27	2013	2017	4	-2
0.010362694300518135	0	27	2014	2017	3	27
0.0	1	27	2014	2017	3	26
0.0	2	27	2014	2017	3	25
0.03626943005181347	3	27	2014	2017	3	24
0.05699481865284974	4	27	2014	2017	3	23
0.010362694300518135	5	27	2014	2017	3	22
0.0051813471502590676	6	27	2014	2017	3	21
0.14507772020725387	7	27	2014	2017	3	20
0.33678756476683935	8	27	2014	2017	3	19
0.12953367875647667	9	27	2014	2017	3	18
0.15544041450777202	10	27	2014	2017	3	17
0.025906735751295335	11	27	2014	2017	3	16
0.0051813471502590676	12	27	2014	2017	3	15
0.0	13	27	2014	2017	3	14
0.03626943005181347	14	27	2014	2017	3	13
0.02072538860103627	15	27	2014	2017	3	12
0.025906735751295335	16	27	2014	2017	3	11
0.0	17	27	2014	2017	3	10
0.0	18	27	2014	2017	3	9
0.0	19	27	2014	2017	3	8
0.0	20	27	2014	2017	3	7
0.0	21	27	2014	2017	3	6
0.0	22	27	2014	2017	3	5
0.0	23	27	2014	2017	3	4
0.0	24	27	2014	2017	3	3
0.0	25	27	2014	2017	3	2
0.0	26	27	2014	2017	3	1
0.0	27	27	2014	2017	3	0
0.0	28	27	2014	2017	3	-1
0.0	29	27	2014	2017	3	-2
0.0037735849056603774	0	27	2015	2017	2	27
0.0	1	27	2015	2017	2	26
0.0	2	27	2015	2017	2	25
0.009433962264150943	3	27	2015	2017	2	24
0.013207547169811321	4	27	2015	2017	2	23
0.013207547169811321	5	27	2015	2017	2	22
0.0	6	27	2015	2017	2	21
0.12830188679245283	7	27	2015	2017	2	20
0.14339622641509434	8	27	2015	2017	2	19
0.15849056603773584	9	27	2015	2017	2	18
0.13584905660377358	10	27	2015	2017	2	17
0.07169811320754717	11	27	2015	2017	2	16
0.005660377358490566	12	27	2015	2017	2	15
0.007547169811320755	13	27	2015	2017	2	14
0.1471698113207547	14	27	2015	2017	2	13
0.10566037735849057	15	27	2015	2017	2	12
0.04339622641509434	16	27	2015	2017	2	11
0.009433962264150943	17	27	2015	2017	2	10
0.0037735849056603774	18	27	2015	2017	2	9
0.0	19	27	2015	2017	2	8
0.0	20	27	2015	2017	2	7
0.0	21	27	2015	2017	2	6
0.0	22	27	2015	2017	2	5
0.0	23	27	2015	2017	2	4
0.0	24	27	2015	2017	2	3
0.0	25	27	2015	2017	2	2
0.0	26	27	2015	2017	2	1
0.0	27	27	2015	2017	2	0
0.0	28	27	2015	2017	2	-1
0.0	29	27	2015	2017	2	-2
0.010362694300518135	0	27	2016	2017	1	27
0.0	1	27	2016	2017	1	26
0.0	2	27	2016	2017	1	25
0.0	3	27	2016	2017	1	24
0.02072538860103627	4	27	2016	2017	1	23
0.010362694300518135	5	27	2016	2017	1	22
0.0	6	27	2016	2017	1	21
0.012953367875647668	7	27	2016	2017	1	20
0.015544041450777202	8	27	2016	2017	1	19
0.13212435233160622	9	27	2016	2017	1	18
0.10103626943005181	10	27	2016	2017	1	17
0.08549222797927461	11	27	2016	2017	1	16
0.0	12	27	2016	2017	1	15
0.015544041450777202	13	27	2016	2017	1	14
0.18652849740932642	14	27	2016	2017	1	13
0.25129533678756477	15	27	2016	2017	1	12
0.15025906735751296	16	27	2016	2017	1	11
0.0051813471502590676	17	27	2016	2017	1	10
0.0	18	27	2016	2017	1	9
0.0025906735751295338	19	27	2016	2017	1	8
0.0	20	27	2016	2017	1	7
0.0	21	27	2016	2017	1	6
0.0	22	27	2016	2017	1	5
0.0	23	27	2016	2017	1	4
0.0	24	27	2016	2017	1	3
0.0	25	27	2016	2017	1	2
0.0	26	27	2016	2017	1	1
0.0	27	27	2016	2017	1	0
0.0	28	27	2016	2017	1	-1
0.0	29	27	2016	2017	1	-2
0.006514657980456026	0	27	2017	2017	0	27
0.0	1	27	2017	2017	0	26
0.0	2	27	2017	2017	0	25
0.006514657980456026	3	27	2017	2017	0	24
0.003257328990228013	4	27	2017	2017	0	23
0.0	5	27	2017	2017	0	22
0.0	6	27	2017	2017	0	21
0.0	7	27	2017	2017	0	20
0.02280130293159609	8	27	2017	2017	0	19
0.11074918566775244	9	27	2017	2017	0	18
0.05211726384364821	10	27	2017	2017	0	17
0.05863192182410423	11	27	2017	2017	0	16
0.006514657980456026	12	27	2017	2017	0	15
0.009771986970684038	13	27	2017	2017	0	14
0.19218241042345277	14	27	2017	2017	0	13
0.24429967426710097	15	27	2017	2017	0	12
0.28664495114006516	16	27	2017	2017	0	11
0.0	17	27	2017	2017	0	10
0.0	18	27	2017	2017	0	9
0.0	19	27	2017	2017	0	8
0.0	20	27	2017	2017	0	7
0.0	21	27	2017	2017	0	6
0.0	22	27	2017	2017	0	5
0.0	23	27	2017	2017	0	4
0.0	24	27	2017	2017	0	3
0.0	25	27	2017	2017	0	2
0.0	26	27	2017	2017	0	1
0.0	27	27	2017	2017	0	0
0.0	28	27	2017	2017	0	-1
0.0	29	27	2017	2017	0	-2
0.006535947712418301	0	27	2018	2017	-1	27
0.0	1	27	2018	2017	-1	26
0.0	2	27	2018	2017	-1	25
0.0	3	27	2018	2017	-1	24
0.013071895424836602	4	27	2018	2017	-1	23
0.013071895424836602	5	27	2018	2017	-1	22
0.0	6	27	2018	2017	-1	21
0.013071895424836602	7	27	2018	2017	-1	20
0.0392156862745098	8	27	2018	2017	-1	19
0.1568627450980392	9	27	2018	2017	-1	18
0.06535947712418301	10	27	2018	2017	-1	17
0.08496732026143791	11	27	2018	2017	-1	16
0.0	12	27	2018	2017	-1	15
0.013071895424836602	13	27	2018	2017	-1	14
0.21568627450980393	14	27	2018	2017	-1	13
0.1568627450980392	15	27	2018	2017	-1	12
0.20261437908496732	16	27	2018	2017	-1	11
0.006535947712418301	17	27	2018	2017	-1	10
0.0	18	27	2018	2017	-1	9
0.006535947712418301	19	27	2018	2017	-1	8
0.0	20	27	2018	2017	-1	7
0.006535947712418301	21	27	2018	2017	-1	6
0.0	22	27	2018	2017	-1	5
0.0	23	27	2018	2017	-1	4
0.0	24	27	2018	2017	-1	3
0.0	25	27	2018	2017	-1	2
0.0	26	27	2018	2017	-1	1
0.0	27	27	2018	2017	-1	0
0.0	28	27	2018	2017	-1	-1
0.0	29	27	2018	2017	-1	-2
0.0	0	27	2019	2017	-2	27
0.0	1	27	2019	2017	-2	26
0.0	2	27	2019	2017	-2	25
0.0	3	27	2019	2017	-2	24
0.0	4	27	2019	2017	-2	23
0.028846153846153848	5	27	2019	2017	-2	22
0.0	6	27	2019	2017	-2	21
0.019230769230769232	7	27	2019	2017	-2	20
0.0	8	27	2019	2017	-2	19
0.11538461538461539	9	27	2019	2017	-2	18
0.019230769230769232	10	27	2019	2017	-2	17
0.019230769230769232	11	27	2019	2017	-2	16
0.0	12	27	2019	2017	-2	15
0.0	13	27	2019	2017	-2	14
0.21153846153846154	14	27	2019	2017	-2	13
0.10576923076923077	15	27	2019	2017	-2	12
0.25961538461538464	16	27	2019	2017	-2	11
0.04807692307692308	17	27	2019	2017	-2	10
0.019230769230769232	18	27	2019	2017	-2	9
0.11538461538461539	19	27	2019	2017	-2	8
0.0	20	27	2019	2017	-2	7
0.028846153846153848	21	27	2019	2017	-2	6
0.0	22	27	2019	2017	-2	5
0.009615384615384616	23	27	2019	2017	-2	4
0.0	24	27	2019	2017	-2	3
0.0	25	27	2019	2017	-2	2
0.0	26	27	2019	2017	-2	1
0.0	27	27	2019	2017	-2	0
0.0	28	27	2019	2017	-2	-1
0.0	29	27	2019	2017	-2	-2
0.0013717421124828531	0	27	2020	2017	-3	27
0.0	1	27	2020	2017	-3	26
0.0	2	27	2020	2017	-3	25
0.0013717421124828531	3	27	2020	2017	-3	24
0.0013717421124828531	4	27	2020	2017	-3	23
0.00823045267489712	5	27	2020	2017	-3	22
0.0	6	27	2020	2017	-3	21
0.13305898491083676	7	27	2020	2017	-3	20
0.019204389574759947	8	27	2020	2017	-3	19
0.038408779149519894	9	27	2020	2017	-3	18
0.0205761316872428	10	27	2020	2017	-3	17
0.00823045267489712	11	27	2020	2017	-3	16
0.00411522633744856	12	27	2020	2017	-3	15
0.0013717421124828531	13	27	2020	2017	-3	14
0.23593964334705075	14	27	2020	2017	-3	13
0.24005486968449932	15	27	2020	2017	-3	12
0.19615912208504802	16	27	2020	2017	-3	11
0.03566529492455418	17	27	2020	2017	-3	10
0.0054869684499314125	18	27	2020	2017	-3	9
0.02194787379972565	19	27	2020	2017	-3	8
0.0013717421124828531	20	27	2020	2017	-3	7
0.015089163237311385	21	27	2020	2017	-3	6
0.0	22	27	2020	2017	-3	5
0.0054869684499314125	23	27	2020	2017	-3	4
0.0054869684499314125	24	27	2020	2017	-3	3
0.0	25	27	2020	2017	-3	2
0.0	26	27	2020	2017	-3	1
0.0	27	27	2020	2017	-3	0
0.0	28	27	2020	2017	-3	-1
0.0	29	27	2020	2017	-3	-2
0.004524886877828055	0	27	2021	2017	-4	27
0.0	1	27	2021	2017	-4	26
0.0	2	27	2021	2017	-4	25
0.0	3	27	2021	2017	-4	24
0.006787330316742082	4	27	2021	2017	-4	23
0.03619909502262444	5	27	2021	2017	-4	22
0.0022624434389140274	6	27	2021	2017	-4	21
0.3076923076923077	7	27	2021	2017	-4	20
0.027149321266968326	8	27	2021	2017	-4	19
0.06108597285067873	9	27	2021	2017	-4	18
0.029411764705882353	10	27	2021	2017	-4	17
0.01809954751131222	11	27	2021	2017	-4	16
0.0022624434389140274	12	27	2021	2017	-4	15
0.00904977375565611	13	27	2021	2017	-4	14
0.16968325791855204	14	27	2021	2017	-4	13
0.029411764705882353	15	27	2021	2017	-4	12
0.15610859728506787	16	27	2021	2017	-4	11
0.04524886877828054	17	27	2021	2017	-4	10
0.0022624434389140274	18	27	2021	2017	-4	9
0.03619909502262444	19	27	2021	2017	-4	8
0.0	20	27	2021	2017	-4	7
0.02262443438914027	21	27	2021	2017	-4	6
0.0	22	27	2021	2017	-4	5
0.03167420814479638	23	27	2021	2017	-4	4
0.0	24	27	2021	2017	-4	3
0.0022624434389140274	25	27	2021	2017	-4	2
0.0	26	27	2021	2017	-4	1
0.0	27	27	2021	2017	-4	0
0.0	28	27	2021	2017	-4	-1
0.0	29	27	2021	2017	-4	-2
0.008032128514056224	0	28	2010	2018	8	28
0.05622489959839357	1	28	2010	2018	8	27
0.04417670682730924	2	28	2010	2018	8	26
0.6626506024096386	3	28	2010	2018	8	25
0.14056224899598393	4	28	2010	2018	8	24
0.012048192771084338	5	28	2010	2018	8	23
0.008032128514056224	6	28	2010	2018	8	22
0.0321285140562249	7	28	2010	2018	8	21
0.020080321285140562	8	28	2010	2018	8	20
0.0	9	28	2010	2018	8	19
0.004016064257028112	10	28	2010	2018	8	18
0.0	11	28	2010	2018	8	17
0.0	12	28	2010	2018	8	16
0.0	13	28	2010	2018	8	15
0.0	14	28	2010	2018	8	14
0.0	15	28	2010	2018	8	13
0.0	16	28	2010	2018	8	12
0.0	17	28	2010	2018	8	11
0.0	18	28	2010	2018	8	10
0.004016064257028112	19	28	2010	2018	8	9
0.0	20	28	2010	2018	8	8
0.008032128514056224	21	28	2010	2018	8	7
0.0	22	28	2010	2018	8	6
0.0	23	28	2010	2018	8	5
0.0	24	28	2010	2018	8	4
0.0	25	28	2010	2018	8	3
0.0	26	28	2010	2018	8	2
0.0	27	28	2010	2018	8	1
0.0	28	28	2010	2018	8	0
0.0	29	28	2010	2018	8	-1
0.013513513513513514	0	28	2011	2018	7	28
0.0	1	28	2011	2018	7	27
0.0	2	28	2011	2018	7	26
0.1891891891891892	3	28	2011	2018	7	25
0.40540540540540543	4	28	2011	2018	7	24
0.04054054054054054	5	28	2011	2018	7	23
0.0	6	28	2011	2018	7	22
0.24324324324324326	7	28	2011	2018	7	21
0.0945945945945946	8	28	2011	2018	7	20
0.0	9	28	2011	2018	7	19
0.013513513513513514	10	28	2011	2018	7	18
0.0	11	28	2011	2018	7	17
0.0	12	28	2011	2018	7	16
0.0	13	28	2011	2018	7	15
0.0	14	28	2011	2018	7	14
0.0	15	28	2011	2018	7	13
0.0	16	28	2011	2018	7	12
0.0	17	28	2011	2018	7	11
0.0	18	28	2011	2018	7	10
0.0	19	28	2011	2018	7	9
0.0	20	28	2011	2018	7	8
0.0	21	28	2011	2018	7	7
0.0	22	28	2011	2018	7	6
0.0	23	28	2011	2018	7	5
0.0	24	28	2011	2018	7	4
0.0	25	28	2011	2018	7	3
0.0	26	28	2011	2018	7	2
0.0	27	28	2011	2018	7	1
0.0	28	28	2011	2018	7	0
0.0	29	28	2011	2018	7	-1
0.004784688995215311	0	28	2012	2018	6	28
0.006379585326953748	1	28	2012	2018	6	27
0.003189792663476874	2	28	2012	2018	6	26
0.09250398724082935	3	28	2012	2018	6	25
0.23763955342902712	4	28	2012	2018	6	24
0.03668261562998405	5	28	2012	2018	6	23
0.007974481658692184	6	28	2012	2018	6	22
0.3365231259968102	7	28	2012	2018	6	21
0.24082934609250398	8	28	2012	2018	6	20
0.001594896331738437	9	28	2012	2018	6	19
0.025518341307814992	10	28	2012	2018	6	18
0.0	11	28	2012	2018	6	17
0.0	12	28	2012	2018	6	16
0.001594896331738437	13	28	2012	2018	6	15
0.001594896331738437	14	28	2012	2018	6	14
0.003189792663476874	15	28	2012	2018	6	13
0.0	16	28	2012	2018	6	12
0.0	17	28	2012	2018	6	11
0.0	18	28	2012	2018	6	10
0.0	19	28	2012	2018	6	9
0.0	20	28	2012	2018	6	8
0.0	21	28	2012	2018	6	7
0.0	22	28	2012	2018	6	6
0.0	23	28	2012	2018	6	5
0.0	24	28	2012	2018	6	4
0.0	25	28	2012	2018	6	3
0.0	26	28	2012	2018	6	2
0.0	27	28	2012	2018	6	1
0.0	28	28	2012	2018	6	0
0.0	29	28	2012	2018	6	-1
0.0	0	28	2013	2018	5	28
0.0014144271570014145	1	28	2013	2018	5	27
0.0014144271570014145	2	28	2013	2018	5	26
0.04101838755304102	3	28	2013	2018	5	25
0.08203677510608204	4	28	2013	2018	5	24
0.026874115983026876	5	28	2013	2018	5	23
0.007072135785007072	6	28	2013	2018	5	22
0.3055162659123055	7	28	2013	2018	5	21
0.4186704384724187	8	28	2013	2018	5	20
0.026874115983026876	9	28	2013	2018	5	19
0.03253182461103253	10	28	2013	2018	5	18
0.02263083451202263	11	28	2013	2018	5	17
0.0014144271570014145	12	28	2013	2018	5	16
0.002828854314002829	13	28	2013	2018	5	15
0.021216407355021217	14	28	2013	2018	5	14
0.004243281471004243	15	28	2013	2018	5	13
0.004243281471004243	16	28	2013	2018	5	12
0.0	17	28	2013	2018	5	11
0.0	18	28	2013	2018	5	10
0.0	19	28	2013	2018	5	9
0.0	20	28	2013	2018	5	8
0.0	21	28	2013	2018	5	7
0.0	22	28	2013	2018	5	6
0.0	23	28	2013	2018	5	5
0.0	24	28	2013	2018	5	4
0.0	25	28	2013	2018	5	3
0.0	26	28	2013	2018	5	2
0.0	27	28	2013	2018	5	1
0.0	28	28	2013	2018	5	0
0.0	29	28	2013	2018	5	-1
0.010362694300518135	0	28	2014	2018	4	28
0.0	1	28	2014	2018	4	27
0.0	2	28	2014	2018	4	26
0.03626943005181347	3	28	2014	2018	4	25
0.05699481865284974	4	28	2014	2018	4	24
0.010362694300518135	5	28	2014	2018	4	23
0.0051813471502590676	6	28	2014	2018	4	22
0.14507772020725387	7	28	2014	2018	4	21
0.33678756476683935	8	28	2014	2018	4	20
0.12953367875647667	9	28	2014	2018	4	19
0.15544041450777202	10	28	2014	2018	4	18
0.025906735751295335	11	28	2014	2018	4	17
0.0051813471502590676	12	28	2014	2018	4	16
0.0	13	28	2014	2018	4	15
0.03626943005181347	14	28	2014	2018	4	14
0.02072538860103627	15	28	2014	2018	4	13
0.025906735751295335	16	28	2014	2018	4	12
0.0	17	28	2014	2018	4	11
0.0	18	28	2014	2018	4	10
0.0	19	28	2014	2018	4	9
0.0	20	28	2014	2018	4	8
0.0	21	28	2014	2018	4	7
0.0	22	28	2014	2018	4	6
0.0	23	28	2014	2018	4	5
0.0	24	28	2014	2018	4	4
0.0	25	28	2014	2018	4	3
0.0	26	28	2014	2018	4	2
0.0	27	28	2014	2018	4	1
0.0	28	28	2014	2018	4	0
0.0	29	28	2014	2018	4	-1
0.0037735849056603774	0	28	2015	2018	3	28
0.0	1	28	2015	2018	3	27
0.0	2	28	2015	2018	3	26
0.009433962264150943	3	28	2015	2018	3	25
0.013207547169811321	4	28	2015	2018	3	24
0.013207547169811321	5	28	2015	2018	3	23
0.0	6	28	2015	2018	3	22
0.12830188679245283	7	28	2015	2018	3	21
0.14339622641509434	8	28	2015	2018	3	20
0.15849056603773584	9	28	2015	2018	3	19
0.13584905660377358	10	28	2015	2018	3	18
0.07169811320754717	11	28	2015	2018	3	17
0.005660377358490566	12	28	2015	2018	3	16
0.007547169811320755	13	28	2015	2018	3	15
0.1471698113207547	14	28	2015	2018	3	14
0.10566037735849057	15	28	2015	2018	3	13
0.04339622641509434	16	28	2015	2018	3	12
0.009433962264150943	17	28	2015	2018	3	11
0.0037735849056603774	18	28	2015	2018	3	10
0.0	19	28	2015	2018	3	9
0.0	20	28	2015	2018	3	8
0.0	21	28	2015	2018	3	7
0.0	22	28	2015	2018	3	6
0.0	23	28	2015	2018	3	5
0.0	24	28	2015	2018	3	4
0.0	25	28	2015	2018	3	3
0.0	26	28	2015	2018	3	2
0.0	27	28	2015	2018	3	1
0.0	28	28	2015	2018	3	0
0.0	29	28	2015	2018	3	-1
0.010362694300518135	0	28	2016	2018	2	28
0.0	1	28	2016	2018	2	27
0.0	2	28	2016	2018	2	26
0.0	3	28	2016	2018	2	25
0.02072538860103627	4	28	2016	2018	2	24
0.010362694300518135	5	28	2016	2018	2	23
0.0	6	28	2016	2018	2	22
0.012953367875647668	7	28	2016	2018	2	21
0.015544041450777202	8	28	2016	2018	2	20
0.13212435233160622	9	28	2016	2018	2	19
0.10103626943005181	10	28	2016	2018	2	18
0.08549222797927461	11	28	2016	2018	2	17
0.0	12	28	2016	2018	2	16
0.015544041450777202	13	28	2016	2018	2	15
0.18652849740932642	14	28	2016	2018	2	14
0.25129533678756477	15	28	2016	2018	2	13
0.15025906735751296	16	28	2016	2018	2	12
0.0051813471502590676	17	28	2016	2018	2	11
0.0	18	28	2016	2018	2	10
0.0025906735751295338	19	28	2016	2018	2	9
0.0	20	28	2016	2018	2	8
0.0	21	28	2016	2018	2	7
0.0	22	28	2016	2018	2	6
0.0	23	28	2016	2018	2	5
0.0	24	28	2016	2018	2	4
0.0	25	28	2016	2018	2	3
0.0	26	28	2016	2018	2	2
0.0	27	28	2016	2018	2	1
0.0	28	28	2016	2018	2	0
0.0	29	28	2016	2018	2	-1
0.006514657980456026	0	28	2017	2018	1	28
0.0	1	28	2017	2018	1	27
0.0	2	28	2017	2018	1	26
0.006514657980456026	3	28	2017	2018	1	25
0.003257328990228013	4	28	2017	2018	1	24
0.0	5	28	2017	2018	1	23
0.0	6	28	2017	2018	1	22
0.0	7	28	2017	2018	1	21
0.02280130293159609	8	28	2017	2018	1	20
0.11074918566775244	9	28	2017	2018	1	19
0.05211726384364821	10	28	2017	2018	1	18
0.05863192182410423	11	28	2017	2018	1	17
0.006514657980456026	12	28	2017	2018	1	16
0.009771986970684038	13	28	2017	2018	1	15
0.19218241042345277	14	28	2017	2018	1	14
0.24429967426710097	15	28	2017	2018	1	13
0.28664495114006516	16	28	2017	2018	1	12
0.0	17	28	2017	2018	1	11
0.0	18	28	2017	2018	1	10
0.0	19	28	2017	2018	1	9
0.0	20	28	2017	2018	1	8
0.0	21	28	2017	2018	1	7
0.0	22	28	2017	2018	1	6
0.0	23	28	2017	2018	1	5
0.0	24	28	2017	2018	1	4
0.0	25	28	2017	2018	1	3
0.0	26	28	2017	2018	1	2
0.0	27	28	2017	2018	1	1
0.0	28	28	2017	2018	1	0
0.0	29	28	2017	2018	1	-1
0.006535947712418301	0	28	2018	2018	0	28
0.0	1	28	2018	2018	0	27
0.0	2	28	2018	2018	0	26
0.0	3	28	2018	2018	0	25
0.013071895424836602	4	28	2018	2018	0	24
0.013071895424836602	5	28	2018	2018	0	23
0.0	6	28	2018	2018	0	22
0.013071895424836602	7	28	2018	2018	0	21
0.0392156862745098	8	28	2018	2018	0	20
0.1568627450980392	9	28	2018	2018	0	19
0.06535947712418301	10	28	2018	2018	0	18
0.08496732026143791	11	28	2018	2018	0	17
0.0	12	28	2018	2018	0	16
0.013071895424836602	13	28	2018	2018	0	15
0.21568627450980393	14	28	2018	2018	0	14
0.1568627450980392	15	28	2018	2018	0	13
0.20261437908496732	16	28	2018	2018	0	12
0.006535947712418301	17	28	2018	2018	0	11
0.0	18	28	2018	2018	0	10
0.006535947712418301	19	28	2018	2018	0	9
0.0	20	28	2018	2018	0	8
0.006535947712418301	21	28	2018	2018	0	7
0.0	22	28	2018	2018	0	6
0.0	23	28	2018	2018	0	5
0.0	24	28	2018	2018	0	4
0.0	25	28	2018	2018	0	3
0.0	26	28	2018	2018	0	2
0.0	27	28	2018	2018	0	1
0.0	28	28	2018	2018	0	0
0.0	29	28	2018	2018	0	-1
0.0	0	28	2019	2018	-1	28
0.0	1	28	2019	2018	-1	27
0.0	2	28	2019	2018	-1	26
0.0	3	28	2019	2018	-1	25
0.0	4	28	2019	2018	-1	24
0.028846153846153848	5	28	2019	2018	-1	23
0.0	6	28	2019	2018	-1	22
0.019230769230769232	7	28	2019	2018	-1	21
0.0	8	28	2019	2018	-1	20
0.11538461538461539	9	28	2019	2018	-1	19
0.019230769230769232	10	28	2019	2018	-1	18
0.019230769230769232	11	28	2019	2018	-1	17
0.0	12	28	2019	2018	-1	16
0.0	13	28	2019	2018	-1	15
0.21153846153846154	14	28	2019	2018	-1	14
0.10576923076923077	15	28	2019	2018	-1	13
0.25961538461538464	16	28	2019	2018	-1	12
0.04807692307692308	17	28	2019	2018	-1	11
0.019230769230769232	18	28	2019	2018	-1	10
0.11538461538461539	19	28	2019	2018	-1	9
0.0	20	28	2019	2018	-1	8
0.028846153846153848	21	28	2019	2018	-1	7
0.0	22	28	2019	2018	-1	6
0.009615384615384616	23	28	2019	2018	-1	5
0.0	24	28	2019	2018	-1	4
0.0	25	28	2019	2018	-1	3
0.0	26	28	2019	2018	-1	2
0.0	27	28	2019	2018	-1	1
0.0	28	28	2019	2018	-1	0
0.0	29	28	2019	2018	-1	-1
0.0013717421124828531	0	28	2020	2018	-2	28
0.0	1	28	2020	2018	-2	27
0.0	2	28	2020	2018	-2	26
0.0013717421124828531	3	28	2020	2018	-2	25
0.0013717421124828531	4	28	2020	2018	-2	24
0.00823045267489712	5	28	2020	2018	-2	23
0.0	6	28	2020	2018	-2	22
0.13305898491083676	7	28	2020	2018	-2	21
0.019204389574759947	8	28	2020	2018	-2	20
0.038408779149519894	9	28	2020	2018	-2	19
0.0205761316872428	10	28	2020	2018	-2	18
0.00823045267489712	11	28	2020	2018	-2	17
0.00411522633744856	12	28	2020	2018	-2	16
0.0013717421124828531	13	28	2020	2018	-2	15
0.23593964334705075	14	28	2020	2018	-2	14
0.24005486968449932	15	28	2020	2018	-2	13
0.19615912208504802	16	28	2020	2018	-2	12
0.03566529492455418	17	28	2020	2018	-2	11
0.0054869684499314125	18	28	2020	2018	-2	10
0.02194787379972565	19	28	2020	2018	-2	9
0.0013717421124828531	20	28	2020	2018	-2	8
0.015089163237311385	21	28	2020	2018	-2	7
0.0	22	28	2020	2018	-2	6
0.0054869684499314125	23	28	2020	2018	-2	5
0.0054869684499314125	24	28	2020	2018	-2	4
0.0	25	28	2020	2018	-2	3
0.0	26	28	2020	2018	-2	2
0.0	27	28	2020	2018	-2	1
0.0	28	28	2020	2018	-2	0
0.0	29	28	2020	2018	-2	-1
0.004524886877828055	0	28	2021	2018	-3	28
0.0	1	28	2021	2018	-3	27
0.0	2	28	2021	2018	-3	26
0.0	3	28	2021	2018	-3	25
0.006787330316742082	4	28	2021	2018	-3	24
0.03619909502262444	5	28	2021	2018	-3	23
0.0022624434389140274	6	28	2021	2018	-3	22
0.3076923076923077	7	28	2021	2018	-3	21
0.027149321266968326	8	28	2021	2018	-3	20
0.06108597285067873	9	28	2021	2018	-3	19
0.029411764705882353	10	28	2021	2018	-3	18
0.01809954751131222	11	28	2021	2018	-3	17
0.0022624434389140274	12	28	2021	2018	-3	16
0.00904977375565611	13	28	2021	2018	-3	15
0.16968325791855204	14	28	2021	2018	-3	14
0.029411764705882353	15	28	2021	2018	-3	13
0.15610859728506787	16	28	2021	2018	-3	12
0.04524886877828054	17	28	2021	2018	-3	11
0.0022624434389140274	18	28	2021	2018	-3	10
0.03619909502262444	19	28	2021	2018	-3	9
0.0	20	28	2021	2018	-3	8
0.02262443438914027	21	28	2021	2018	-3	7
0.0	22	28	2021	2018	-3	6
0.03167420814479638	23	28	2021	2018	-3	5
0.0	24	28	2021	2018	-3	4
0.0022624434389140274	25	28	2021	2018	-3	3
0.0	26	28	2021	2018	-3	2
0.0	27	28	2021	2018	-3	1
0.0	28	28	2021	2018	-3	0
0.0	29	28	2021	2018	-3	-1
0.008032128514056224	0	29	2010	2019	9	29
0.05622489959839357	1	29	2010	2019	9	28
0.04417670682730924	2	29	2010	2019	9	27
0.6626506024096386	3	29	2010	2019	9	26
0.14056224899598393	4	29	2010	2019	9	25
0.012048192771084338	5	29	2010	2019	9	24
0.008032128514056224	6	29	2010	2019	9	23
0.0321285140562249	7	29	2010	2019	9	22
0.020080321285140562	8	29	2010	2019	9	21
0.0	9	29	2010	2019	9	20
0.004016064257028112	10	29	2010	2019	9	19
0.0	11	29	2010	2019	9	18
0.0	12	29	2010	2019	9	17
0.0	13	29	2010	2019	9	16
0.0	14	29	2010	2019	9	15
0.0	15	29	2010	2019	9	14
0.0	16	29	2010	2019	9	13
0.0	17	29	2010	2019	9	12
0.0	18	29	2010	2019	9	11
0.004016064257028112	19	29	2010	2019	9	10
0.0	20	29	2010	2019	9	9
0.008032128514056224	21	29	2010	2019	9	8
0.0	22	29	2010	2019	9	7
0.0	23	29	2010	2019	9	6
0.0	24	29	2010	2019	9	5
0.0	25	29	2010	2019	9	4
0.0	26	29	2010	2019	9	3
0.0	27	29	2010	2019	9	2
0.0	28	29	2010	2019	9	1
0.0	29	29	2010	2019	9	0
0.013513513513513514	0	29	2011	2019	8	29
0.0	1	29	2011	2019	8	28
0.0	2	29	2011	2019	8	27
0.1891891891891892	3	29	2011	2019	8	26
0.40540540540540543	4	29	2011	2019	8	25
0.04054054054054054	5	29	2011	2019	8	24
0.0	6	29	2011	2019	8	23
0.24324324324324326	7	29	2011	2019	8	22
0.0945945945945946	8	29	2011	2019	8	21
0.0	9	29	2011	2019	8	20
0.013513513513513514	10	29	2011	2019	8	19
0.0	11	29	2011	2019	8	18
0.0	12	29	2011	2019	8	17
0.0	13	29	2011	2019	8	16
0.0	14	29	2011	2019	8	15
0.0	15	29	2011	2019	8	14
0.0	16	29	2011	2019	8	13
0.0	17	29	2011	2019	8	12
0.0	18	29	2011	2019	8	11
0.0	19	29	2011	2019	8	10
0.0	20	29	2011	2019	8	9
0.0	21	29	2011	2019	8	8
0.0	22	29	2011	2019	8	7
0.0	23	29	2011	2019	8	6
0.0	24	29	2011	2019	8	5
0.0	25	29	2011	2019	8	4
0.0	26	29	2011	2019	8	3
0.0	27	29	2011	2019	8	2
0.0	28	29	2011	2019	8	1
0.0	29	29	2011	2019	8	0
0.004784688995215311	0	29	2012	2019	7	29
0.006379585326953748	1	29	2012	2019	7	28
0.003189792663476874	2	29	2012	2019	7	27
0.09250398724082935	3	29	2012	2019	7	26
0.23763955342902712	4	29	2012	2019	7	25
0.03668261562998405	5	29	2012	2019	7	24
0.007974481658692184	6	29	2012	2019	7	23
0.3365231259968102	7	29	2012	2019	7	22
0.24082934609250398	8	29	2012	2019	7	21
0.001594896331738437	9	29	2012	2019	7	20
0.025518341307814992	10	29	2012	2019	7	19
0.0	11	29	2012	2019	7	18
0.0	12	29	2012	2019	7	17
0.001594896331738437	13	29	2012	2019	7	16
0.001594896331738437	14	29	2012	2019	7	15
0.003189792663476874	15	29	2012	2019	7	14
0.0	16	29	2012	2019	7	13
0.0	17	29	2012	2019	7	12
0.0	18	29	2012	2019	7	11
0.0	19	29	2012	2019	7	10
0.0	20	29	2012	2019	7	9
0.0	21	29	2012	2019	7	8
0.0	22	29	2012	2019	7	7
0.0	23	29	2012	2019	7	6
0.0	24	29	2012	2019	7	5
0.0	25	29	2012	2019	7	4
0.0	26	29	2012	2019	7	3
0.0	27	29	2012	2019	7	2
0.0	28	29	2012	2019	7	1
0.0	29	29	2012	2019	7	0
0.0	0	29	2013	2019	6	29
0.0014144271570014145	1	29	2013	2019	6	28
0.0014144271570014145	2	29	2013	2019	6	27
0.04101838755304102	3	29	2013	2019	6	26
0.08203677510608204	4	29	2013	2019	6	25
0.026874115983026876	5	29	2013	2019	6	24
0.007072135785007072	6	29	2013	2019	6	23
0.3055162659123055	7	29	2013	2019	6	22
0.4186704384724187	8	29	2013	2019	6	21
0.026874115983026876	9	29	2013	2019	6	20
0.03253182461103253	10	29	2013	2019	6	19
0.02263083451202263	11	29	2013	2019	6	18
0.0014144271570014145	12	29	2013	2019	6	17
0.002828854314002829	13	29	2013	2019	6	16
0.021216407355021217	14	29	2013	2019	6	15
0.004243281471004243	15	29	2013	2019	6	14
0.004243281471004243	16	29	2013	2019	6	13
0.0	17	29	2013	2019	6	12
0.0	18	29	2013	2019	6	11
0.0	19	29	2013	2019	6	10
0.0	20	29	2013	2019	6	9
0.0	21	29	2013	2019	6	8
0.0	22	29	2013	2019	6	7
0.0	23	29	2013	2019	6	6
0.0	24	29	2013	2019	6	5
0.0	25	29	2013	2019	6	4
0.0	26	29	2013	2019	6	3
0.0	27	29	2013	2019	6	2
0.0	28	29	2013	2019	6	1
0.0	29	29	2013	2019	6	0
0.010362694300518135	0	29	2014	2019	5	29
0.0	1	29	2014	2019	5	28
0.0	2	29	2014	2019	5	27
0.03626943005181347	3	29	2014	2019	5	26
0.05699481865284974	4	29	2014	2019	5	25
0.010362694300518135	5	29	2014	2019	5	24
0.0051813471502590676	6	29	2014	2019	5	23
0.14507772020725387	7	29	2014	2019	5	22
0.33678756476683935	8	29	2014	2019	5	21
0.12953367875647667	9	29	2014	2019	5	20
0.15544041450777202	10	29	2014	2019	5	19
0.025906735751295335	11	29	2014	2019	5	18
0.0051813471502590676	12	29	2014	2019	5	17
0.0	13	29	2014	2019	5	16
0.03626943005181347	14	29	2014	2019	5	15
0.02072538860103627	15	29	2014	2019	5	14
0.025906735751295335	16	29	2014	2019	5	13
0.0	17	29	2014	2019	5	12
0.0	18	29	2014	2019	5	11
0.0	19	29	2014	2019	5	10
0.0	20	29	2014	2019	5	9
0.0	21	29	2014	2019	5	8
0.0	22	29	2014	2019	5	7
0.0	23	29	2014	2019	5	6
0.0	24	29	2014	2019	5	5
0.0	25	29	2014	2019	5	4
0.0	26	29	2014	2019	5	3
0.0	27	29	2014	2019	5	2
0.0	28	29	2014	2019	5	1
0.0	29	29	2014	2019	5	0
0.0037735849056603774	0	29	2015	2019	4	29
0.0	1	29	2015	2019	4	28
0.0	2	29	2015	2019	4	27
0.009433962264150943	3	29	2015	2019	4	26
0.013207547169811321	4	29	2015	2019	4	25
0.013207547169811321	5	29	2015	2019	4	24
0.0	6	29	2015	2019	4	23
0.12830188679245283	7	29	2015	2019	4	22
0.14339622641509434	8	29	2015	2019	4	21
0.15849056603773584	9	29	2015	2019	4	20
0.13584905660377358	10	29	2015	2019	4	19
0.07169811320754717	11	29	2015	2019	4	18
0.005660377358490566	12	29	2015	2019	4	17
0.007547169811320755	13	29	2015	2019	4	16
0.1471698113207547	14	29	2015	2019	4	15
0.10566037735849057	15	29	2015	2019	4	14
0.04339622641509434	16	29	2015	2019	4	13
0.009433962264150943	17	29	2015	2019	4	12
0.0037735849056603774	18	29	2015	2019	4	11
0.0	19	29	2015	2019	4	10
0.0	20	29	2015	2019	4	9
0.0	21	29	2015	2019	4	8
0.0	22	29	2015	2019	4	7
0.0	23	29	2015	2019	4	6
0.0	24	29	2015	2019	4	5
0.0	25	29	2015	2019	4	4
0.0	26	29	2015	2019	4	3
0.0	27	29	2015	2019	4	2
0.0	28	29	2015	2019	4	1
0.0	29	29	2015	2019	4	0
0.010362694300518135	0	29	2016	2019	3	29
0.0	1	29	2016	2019	3	28
0.0	2	29	2016	2019	3	27
0.0	3	29	2016	2019	3	26
0.02072538860103627	4	29	2016	2019	3	25
0.010362694300518135	5	29	2016	2019	3	24
0.0	6	29	2016	2019	3	23
0.012953367875647668	7	29	2016	2019	3	22
0.015544041450777202	8	29	2016	2019	3	21
0.13212435233160622	9	29	2016	2019	3	20
0.10103626943005181	10	29	2016	2019	3	19
0.08549222797927461	11	29	2016	2019	3	18
0.0	12	29	2016	2019	3	17
0.015544041450777202	13	29	2016	2019	3	16
0.18652849740932642	14	29	2016	2019	3	15
0.25129533678756477	15	29	2016	2019	3	14
0.15025906735751296	16	29	2016	2019	3	13
0.0051813471502590676	17	29	2016	2019	3	12
0.0	18	29	2016	2019	3	11
0.0025906735751295338	19	29	2016	2019	3	10
0.0	20	29	2016	2019	3	9
0.0	21	29	2016	2019	3	8
0.0	22	29	2016	2019	3	7
0.0	23	29	2016	2019	3	6
0.0	24	29	2016	2019	3	5
0.0	25	29	2016	2019	3	4
0.0	26	29	2016	2019	3	3
0.0	27	29	2016	2019	3	2
0.0	28	29	2016	2019	3	1
0.0	29	29	2016	2019	3	0
0.006514657980456026	0	29	2017	2019	2	29
0.0	1	29	2017	2019	2	28
0.0	2	29	2017	2019	2	27
0.006514657980456026	3	29	2017	2019	2	26
0.003257328990228013	4	29	2017	2019	2	25
0.0	5	29	2017	2019	2	24
0.0	6	29	2017	2019	2	23
0.0	7	29	2017	2019	2	22
0.02280130293159609	8	29	2017	2019	2	21
0.11074918566775244	9	29	2017	2019	2	20
0.05211726384364821	10	29	2017	2019	2	19
0.05863192182410423	11	29	2017	2019	2	18
0.006514657980456026	12	29	2017	2019	2	17
0.009771986970684038	13	29	2017	2019	2	16
0.19218241042345277	14	29	2017	2019	2	15
0.24429967426710097	15	29	2017	2019	2	14
0.28664495114006516	16	29	2017	2019	2	13
0.0	17	29	2017	2019	2	12
0.0	18	29	2017	2019	2	11
0.0	19	29	2017	2019	2	10
0.0	20	29	2017	2019	2	9
0.0	21	29	2017	2019	2	8
0.0	22	29	2017	2019	2	7
0.0	23	29	2017	2019	2	6
0.0	24	29	2017	2019	2	5
0.0	25	29	2017	2019	2	4
0.0	26	29	2017	2019	2	3
0.0	27	29	2017	2019	2	2
0.0	28	29	2017	2019	2	1
0.0	29	29	2017	2019	2	0
0.006535947712418301	0	29	2018	2019	1	29
0.0	1	29	2018	2019	1	28
0.0	2	29	2018	2019	1	27
0.0	3	29	2018	2019	1	26
0.013071895424836602	4	29	2018	2019	1	25
0.013071895424836602	5	29	2018	2019	1	24
0.0	6	29	2018	2019	1	23
0.013071895424836602	7	29	2018	2019	1	22
0.0392156862745098	8	29	2018	2019	1	21
0.1568627450980392	9	29	2018	2019	1	20
0.06535947712418301	10	29	2018	2019	1	19
0.08496732026143791	11	29	2018	2019	1	18
0.0	12	29	2018	2019	1	17
0.013071895424836602	13	29	2018	2019	1	16
0.21568627450980393	14	29	2018	2019	1	15
0.1568627450980392	15	29	2018	2019	1	14
0.20261437908496732	16	29	2018	2019	1	13
0.006535947712418301	17	29	2018	2019	1	12
0.0	18	29	2018	2019	1	11
0.006535947712418301	19	29	2018	2019	1	10
0.0	20	29	2018	2019	1	9
0.006535947712418301	21	29	2018	2019	1	8
0.0	22	29	2018	2019	1	7
0.0	23	29	2018	2019	1	6
0.0	24	29	2018	2019	1	5
0.0	25	29	2018	2019	1	4
0.0	26	29	2018	2019	1	3
0.0	27	29	2018	2019	1	2
0.0	28	29	2018	2019	1	1
0.0	29	29	2018	2019	1	0
0.0	0	29	2019	2019	0	29
0.0	1	29	2019	2019	0	28
0.0	2	29	2019	2019	0	27
0.0	3	29	2019	2019	0	26
0.0	4	29	2019	2019	0	25
0.028846153846153848	5	29	2019	2019	0	24
0.0	6	29	2019	2019	0	23
0.019230769230769232	7	29	2019	2019	0	22
0.0	8	29	2019	2019	0	21
0.11538461538461539	9	29	2019	2019	0	20
0.019230769230769232	10	29	2019	2019	0	19
0.019230769230769232	11	29	2019	2019	0	18
0.0	12	29	2019	2019	0	17
0.0	13	29	2019	2019	0	16
0.21153846153846154	14	29	2019	2019	0	15
0.10576923076923077	15	29	2019	2019	0	14
0.25961538461538464	16	29	2019	2019	0	13
0.04807692307692308	17	29	2019	2019	0	12
0.019230769230769232	18	29	2019	2019	0	11
0.11538461538461539	19	29	2019	2019	0	10
0.0	20	29	2019	2019	0	9
0.028846153846153848	21	29	2019	2019	0	8
0.0	22	29	2019	2019	0	7
0.009615384615384616	23	29	2019	2019	0	6
0.0	24	29	2019	2019	0	5
0.0	25	29	2019	2019	0	4
0.0	26	29	2019	2019	0	3
0.0	27	29	2019	2019	0	2
0.0	28	29	2019	2019	0	1
0.0	29	29	2019	2019	0	0
0.0013717421124828531	0	29	2020	2019	-1	29
0.0	1	29	2020	2019	-1	28
0.0	2	29	2020	2019	-1	27
0.0013717421124828531	3	29	2020	2019	-1	26
0.0013717421124828531	4	29	2020	2019	-1	25
0.00823045267489712	5	29	2020	2019	-1	24
0.0	6	29	2020	2019	-1	23
0.13305898491083676	7	29	2020	2019	-1	22
0.019204389574759947	8	29	2020	2019	-1	21
0.038408779149519894	9	29	2020	2019	-1	20
0.0205761316872428	10	29	2020	2019	-1	19
0.00823045267489712	11	29	2020	2019	-1	18
0.00411522633744856	12	29	2020	2019	-1	17
0.0013717421124828531	13	29	2020	2019	-1	16
0.23593964334705075	14	29	2020	2019	-1	15
0.24005486968449932	15	29	2020	2019	-1	14
0.19615912208504802	16	29	2020	2019	-1	13
0.03566529492455418	17	29	2020	2019	-1	12
0.0054869684499314125	18	29	2020	2019	-1	11
0.02194787379972565	19	29	2020	2019	-1	10
0.0013717421124828531	20	29	2020	2019	-1	9
0.015089163237311385	21	29	2020	2019	-1	8
0.0	22	29	2020	2019	-1	7
0.0054869684499314125	23	29	2020	2019	-1	6
0.0054869684499314125	24	29	2020	2019	-1	5
0.0	25	29	2020	2019	-1	4
0.0	26	29	2020	2019	-1	3
0.0	27	29	2020	2019	-1	2
0.0	28	29	2020	2019	-1	1
0.0	29	29	2020	2019	-1	0
0.004524886877828055	0	29	2021	2019	-2	29
0.0	1	29	2021	2019	-2	28
0.0	2	29	2021	2019	-2	27
0.0	3	29	2021	2019	-2	26
0.006787330316742082	4	29	2021	2019	-2	25
0.03619909502262444	5	29	2021	2019	-2	24
0.0022624434389140274	6	29	2021	2019	-2	23
0.3076923076923077	7	29	2021	2019	-2	22
0.027149321266968326	8	29	2021	2019	-2	21
0.06108597285067873	9	29	2021	2019	-2	20
0.029411764705882353	10	29	2021	2019	-2	19
0.01809954751131222	11	29	2021	2019	-2	18
0.0022624434389140274	12	29	2021	2019	-2	17
0.00904977375565611	13	29	2021	2019	-2	16
0.16968325791855204	14	29	2021	2019	-2	15
0.029411764705882353	15	29	2021	2019	-2	14
0.15610859728506787	16	29	2021	2019	-2	13
0.04524886877828054	17	29	2021	2019	-2	12
0.0022624434389140274	18	29	2021	2019	-2	11
0.03619909502262444	19	29	2021	2019	-2	10
0.0	20	29	2021	2019	-2	9
0.02262443438914027	21	29	2021	2019	-2	8
0.0	22	29	2021	2019	-2	7
0.03167420814479638	23	29	2021	2019	-2	6
0.0	24	29	2021	2019	-2	5
0.0022624434389140274	25	29	2021	2019	-2	4
0.0	26	29	2021	2019	-2	3
0.0	27	29	2021	2019	-2	2
0.0	28	29	2021	2019	-2	1
0.0	29	29	2021	2019	-2	0
