failure rate	min sdk	api level	year	api's year	api-year	api-min
0.009345794392523364	0	19	2010	2013	3	19
0.018691588785046728	1	19	2010	2013	3	18
0.028037383177570093	2	19	2010	2013	3	17
0.5607476635514018	3	19	2010	2013	3	16
0.19626168224299065	4	19	2010	2013	3	15
0.06542056074766354	5	19	2010	2013	3	14
0.018691588785046728	6	19	2010	2013	3	13
0.08411214953271028	7	19	2010	2013	3	12
0.009345794392523364	8	19	2010	2013	3	11
0.0	9	19	2010	2013	3	10
0.0	10	19	2010	2013	3	9
0.0	11	19	2010	2013	3	8
0.0	12	19	2010	2013	3	7
0.0	13	19	2010	2013	3	6
0.0	14	19	2010	2013	3	5
0.0	15	19	2010	2013	3	4
0.0	16	19	2010	2013	3	3
0.0	17	19	2010	2013	3	2
0.0	18	19	2010	2013	3	1
0.0	19	19	2010	2013	3	0
0.0	20	19	2010	2013	3	-1
0.0	21	19	2010	2013	3	-2
0.0	22	19	2010	2013	3	-3
0.0	23	19	2010	2013	3	-4
0.009345794392523364	24	19	2010	2013	3	-5
0.0	25	19	2010	2013	3	-6
0.0	26	19	2010	2013	3	-7
0.0	27	19	2010	2013	3	-8
0.0	28	19	2010	2013	3	-9
0.0	29	19	2010	2013	3	-10
0.015552099533437015	0	19	2011	2013	2	19
0.00933125972006221	1	19	2011	2013	2	18
0.012441679626749611	2	19	2011	2013	2	17
0.2115085536547434	3	19	2011	2013	2	16
0.28615863141524106	4	19	2011	2013	2	15
0.041990668740279936	5	19	2011	2013	2	14
0.01088646967340591	6	19	2011	2013	2	13
0.28771384136858474	7	19	2011	2013	2	12
0.1057542768273717	8	19	2011	2013	2	11
0.004665629860031105	9	19	2011	2013	2	10
0.007776049766718507	10	19	2011	2013	2	9
0.0015552099533437014	11	19	2011	2013	2	8
0.0015552099533437014	12	19	2011	2013	2	7
0.0	13	19	2011	2013	2	6
0.003110419906687403	14	19	2011	2013	2	5
0.0	15	19	2011	2013	2	4
0.0	16	19	2011	2013	2	3
0.0	17	19	2011	2013	2	2
0.0	18	19	2011	2013	2	1
0.0	19	19	2011	2013	2	0
0.0	20	19	2011	2013	2	-1
0.0	21	19	2011	2013	2	-2
0.0	22	19	2011	2013	2	-3
0.0	23	19	2011	2013	2	-4
0.0	24	19	2011	2013	2	-5
0.0	25	19	2011	2013	2	-6
0.0	26	19	2011	2013	2	-7
0.0	27	19	2011	2013	2	-8
0.0	28	19	2011	2013	2	-9
0.0	29	19	2011	2013	2	-10
0.0	0	19	2012	2013	1	19
0.0	1	19	2012	2013	1	18
0.0	2	19	2012	2013	1	17
0.09803921568627451	3	19	2012	2013	1	16
0.13725490196078433	4	19	2012	2013	1	15
0.09803921568627451	5	19	2012	2013	1	14
0.0	6	19	2012	2013	1	13
0.27450980392156865	7	19	2012	2013	1	12
0.35294117647058826	8	19	2012	2013	1	11
0.0	9	19	2012	2013	1	10
0.0	10	19	2012	2013	1	9
0.0196078431372549	11	19	2012	2013	1	8
0.0	12	19	2012	2013	1	7
0.0	13	19	2012	2013	1	6
0.0196078431372549	14	19	2012	2013	1	5
0.0	15	19	2012	2013	1	4
0.0	16	19	2012	2013	1	3
0.0	17	19	2012	2013	1	2
0.0	18	19	2012	2013	1	1
0.0	19	19	2012	2013	1	0
0.0	20	19	2012	2013	1	-1
0.0	21	19	2012	2013	1	-2
0.0	22	19	2012	2013	1	-3
0.0	23	19	2012	2013	1	-4
0.0	24	19	2012	2013	1	-5
0.0	25	19	2012	2013	1	-6
0.0	26	19	2012	2013	1	-7
0.0	27	19	2012	2013	1	-8
0.0	28	19	2012	2013	1	-9
0.0	29	19	2012	2013	1	-10
0.0	0	19	2013	2013	0	19
0.0	1	19	2013	2013	0	18
0.0	2	19	2013	2013	0	17
0.0	3	19	2013	2013	0	16
0.06060606060606061	4	19	2013	2013	0	15
0.0	5	19	2013	2013	0	14
0.0	6	19	2013	2013	0	13
0.2727272727272727	7	19	2013	2013	0	12
0.3939393939393939	8	19	2013	2013	0	11
0.06060606060606061	9	19	2013	2013	0	10
0.09090909090909091	10	19	2013	2013	0	9
0.06060606060606061	11	19	2013	2013	0	8
0.0	12	19	2013	2013	0	7
0.0	13	19	2013	2013	0	6
0.06060606060606061	14	19	2013	2013	0	5
0.0	15	19	2013	2013	0	4
0.0	16	19	2013	2013	0	3
0.0	17	19	2013	2013	0	2
0.0	18	19	2013	2013	0	1
0.0	19	19	2013	2013	0	0
0.0	20	19	2013	2013	0	-1
0.0	21	19	2013	2013	0	-2
0.0	22	19	2013	2013	0	-3
0.0	23	19	2013	2013	0	-4
0.0	24	19	2013	2013	0	-5
0.0	25	19	2013	2013	0	-6
0.0	26	19	2013	2013	0	-7
0.0	27	19	2013	2013	0	-8
0.0	28	19	2013	2013	0	-9
0.0	29	19	2013	2013	0	-10
0.0	0	19	2014	2013	-1	19
0.007142857142857143	1	19	2014	2013	-1	18
0.0	2	19	2014	2013	-1	17
0.014285714285714285	3	19	2014	2013	-1	16
0.05714285714285714	4	19	2014	2013	-1	15
0.02142857142857143	5	19	2014	2013	-1	14
0.0	6	19	2014	2013	-1	13
0.1357142857142857	7	19	2014	2013	-1	12
0.35	8	19	2014	2013	-1	11
0.1	9	19	2014	2013	-1	10
0.14285714285714285	10	19	2014	2013	-1	9
0.05	11	19	2014	2013	-1	8
0.007142857142857143	12	19	2014	2013	-1	7
0.0	13	19	2014	2013	-1	6
0.07142857142857142	14	19	2014	2013	-1	5
0.03571428571428571	15	19	2014	2013	-1	4
0.007142857142857143	16	19	2014	2013	-1	3
0.0	17	19	2014	2013	-1	2
0.0	18	19	2014	2013	-1	1
0.0	19	19	2014	2013	-1	0
0.0	20	19	2014	2013	-1	-1
0.0	21	19	2014	2013	-1	-2
0.0	22	19	2014	2013	-1	-3
0.0	23	19	2014	2013	-1	-4
0.0	24	19	2014	2013	-1	-5
0.0	25	19	2014	2013	-1	-6
0.0	26	19	2014	2013	-1	-7
0.0	27	19	2014	2013	-1	-8
0.0	28	19	2014	2013	-1	-9
0.0	29	19	2014	2013	-1	-10
0.0	0	19	2015	2013	-2	19
0.0	1	19	2015	2013	-2	18
0.0	2	19	2015	2013	-2	17
0.0	3	19	2015	2013	-2	16
0.0	4	19	2015	2013	-2	15
0.0	5	19	2015	2013	-2	14
0.0	6	19	2015	2013	-2	13
0.2222222222222222	7	19	2015	2013	-2	12
0.2222222222222222	8	19	2015	2013	-2	11
0.0	9	19	2015	2013	-2	10
0.2222222222222222	10	19	2015	2013	-2	9
0.0	11	19	2015	2013	-2	8
0.0	12	19	2015	2013	-2	7
0.0	13	19	2015	2013	-2	6
0.2222222222222222	14	19	2015	2013	-2	5
0.1111111111111111	15	19	2015	2013	-2	4
0.0	16	19	2015	2013	-2	3
0.0	17	19	2015	2013	-2	2
0.0	18	19	2015	2013	-2	1
0.0	19	19	2015	2013	-2	0
0.0	20	19	2015	2013	-2	-1
0.0	21	19	2015	2013	-2	-2
0.0	22	19	2015	2013	-2	-3
0.0	23	19	2015	2013	-2	-4
0.0	24	19	2015	2013	-2	-5
0.0	25	19	2015	2013	-2	-6
0.0	26	19	2015	2013	-2	-7
0.0	27	19	2015	2013	-2	-8
0.0	28	19	2015	2013	-2	-9
0.0	29	19	2015	2013	-2	-10
0.0	0	19	2016	2013	-3	19
0.0	1	19	2016	2013	-3	18
0.0	2	19	2016	2013	-3	17
0.0	3	19	2016	2013	-3	16
0.0	4	19	2016	2013	-3	15
0.0	5	19	2016	2013	-3	14
0.0	6	19	2016	2013	-3	13
0.125	7	19	2016	2013	-3	12
0.0	8	19	2016	2013	-3	11
0.0	9	19	2016	2013	-3	10
0.125	10	19	2016	2013	-3	9
0.0	11	19	2016	2013	-3	8
0.0	12	19	2016	2013	-3	7
0.0	13	19	2016	2013	-3	6
0.25	14	19	2016	2013	-3	5
0.375	15	19	2016	2013	-3	4
0.125	16	19	2016	2013	-3	3
0.0	17	19	2016	2013	-3	2
0.0	18	19	2016	2013	-3	1
0.0	19	19	2016	2013	-3	0
0.0	20	19	2016	2013	-3	-1
0.0	21	19	2016	2013	-3	-2
0.0	22	19	2016	2013	-3	-3
0.0	23	19	2016	2013	-3	-4
0.0	24	19	2016	2013	-3	-5
0.0	25	19	2016	2013	-3	-6
0.0	26	19	2016	2013	-3	-7
0.0	27	19	2016	2013	-3	-8
0.0	28	19	2016	2013	-3	-9
0.0	29	19	2016	2013	-3	-10
0.0	0	19	2017	2013	-4	19
0.0	1	19	2017	2013	-4	18
0.0	2	19	2017	2013	-4	17
0.0	3	19	2017	2013	-4	16
0.0	4	19	2017	2013	-4	15
0.0	5	19	2017	2013	-4	14
0.0	6	19	2017	2013	-4	13
0.0	7	19	2017	2013	-4	12
0.0	8	19	2017	2013	-4	11
0.4166666666666667	9	19	2017	2013	-4	10
0.0	10	19	2017	2013	-4	9
0.08333333333333333	11	19	2017	2013	-4	8
0.0	12	19	2017	2013	-4	7
0.0	13	19	2017	2013	-4	6
0.16666666666666666	14	19	2017	2013	-4	5
0.25	15	19	2017	2013	-4	4
0.08333333333333333	16	19	2017	2013	-4	3
0.0	17	19	2017	2013	-4	2
0.0	18	19	2017	2013	-4	1
0.0	19	19	2017	2013	-4	0
0.0	20	19	2017	2013	-4	-1
0.0	21	19	2017	2013	-4	-2
0.0	22	19	2017	2013	-4	-3
0.0	23	19	2017	2013	-4	-4
0.0	24	19	2017	2013	-4	-5
0.0	25	19	2017	2013	-4	-6
0.0	26	19	2017	2013	-4	-7
0.0	27	19	2017	2013	-4	-8
0.0	28	19	2017	2013	-4	-9
0.0	29	19	2017	2013	-4	-10
0.015384615384615385	0	19	2018	2013	-5	19
0.0	1	19	2018	2013	-5	18
0.0	2	19	2018	2013	-5	17
0.005128205128205128	3	19	2018	2013	-5	16
0.010256410256410256	4	19	2018	2013	-5	15
0.005128205128205128	5	19	2018	2013	-5	14
0.0	6	19	2018	2013	-5	13
0.020512820512820513	7	19	2018	2013	-5	12
0.041025641025641026	8	19	2018	2013	-5	11
0.1641025641025641	9	19	2018	2013	-5	10
0.06666666666666667	10	19	2018	2013	-5	9
0.11282051282051282	11	19	2018	2013	-5	8
0.005128205128205128	12	19	2018	2013	-5	7
0.0	13	19	2018	2013	-5	6
0.15897435897435896	14	19	2018	2013	-5	5
0.2512820512820513	15	19	2018	2013	-5	4
0.11282051282051282	16	19	2018	2013	-5	3
0.005128205128205128	17	19	2018	2013	-5	2
0.0	18	19	2018	2013	-5	1
0.020512820512820513	19	19	2018	2013	-5	0
0.0	20	19	2018	2013	-5	-1
0.005128205128205128	21	19	2018	2013	-5	-2
0.0	22	19	2018	2013	-5	-3
0.0	23	19	2018	2013	-5	-4
0.0	24	19	2018	2013	-5	-5
0.0	25	19	2018	2013	-5	-6
0.0	26	19	2018	2013	-5	-7
0.0	27	19	2018	2013	-5	-8
0.0	28	19	2018	2013	-5	-9
0.0	29	19	2018	2013	-5	-10
0.0	0	19	2019	2013	-6	19
0.0	1	19	2019	2013	-6	18
0.0	2	19	2019	2013	-6	17
0.0	3	19	2019	2013	-6	16
0.0	4	19	2019	2013	-6	15
0.012345679012345678	5	19	2019	2013	-6	14
0.0	6	19	2019	2013	-6	13
0.024691358024691357	7	19	2019	2013	-6	12
0.012345679012345678	8	19	2019	2013	-6	11
0.13580246913580246	9	19	2019	2013	-6	10
0.0	10	19	2019	2013	-6	9
0.037037037037037035	11	19	2019	2013	-6	8
0.0	12	19	2019	2013	-6	7
0.037037037037037035	13	19	2019	2013	-6	6
0.1728395061728395	14	19	2019	2013	-6	5
0.13580246913580246	15	19	2019	2013	-6	4
0.25925925925925924	16	19	2019	2013	-6	3
0.04938271604938271	17	19	2019	2013	-6	2
0.012345679012345678	18	19	2019	2013	-6	1
0.037037037037037035	19	19	2019	2013	-6	0
0.0	20	19	2019	2013	-6	-1
0.04938271604938271	21	19	2019	2013	-6	-2
0.012345679012345678	22	19	2019	2013	-6	-3
0.012345679012345678	23	19	2019	2013	-6	-4
0.0	24	19	2019	2013	-6	-5
0.0	25	19	2019	2013	-6	-6
0.0	26	19	2019	2013	-6	-7
0.0	27	19	2019	2013	-6	-8
0.0	28	19	2019	2013	-6	-9
0.0	29	19	2019	2013	-6	-10
0.0034602076124567475	0	19	2020	2013	-7	19
0.0	1	19	2020	2013	-7	18
0.0	2	19	2020	2013	-7	17
0.0	3	19	2020	2013	-7	16
0.0034602076124567475	4	19	2020	2013	-7	15
0.010380622837370242	5	19	2020	2013	-7	14
0.0	6	19	2020	2013	-7	13
0.10034602076124567	7	19	2020	2013	-7	12
0.020761245674740483	8	19	2020	2013	-7	11
0.05536332179930796	9	19	2020	2013	-7	10
0.02422145328719723	10	19	2020	2013	-7	9
0.010380622837370242	11	19	2020	2013	-7	8
0.010380622837370242	12	19	2020	2013	-7	7
0.0	13	19	2020	2013	-7	6
0.2179930795847751	14	19	2020	2013	-7	5
0.23529411764705882	15	19	2020	2013	-7	4
0.20761245674740483	16	19	2020	2013	-7	3
0.04152249134948097	17	19	2020	2013	-7	2
0.006920415224913495	18	19	2020	2013	-7	1
0.01384083044982699	19	19	2020	2013	-7	0
0.0	20	19	2020	2013	-7	-1
0.02768166089965398	21	19	2020	2013	-7	-2
0.0	22	19	2020	2013	-7	-3
0.0034602076124567475	23	19	2020	2013	-7	-4
0.006920415224913495	24	19	2020	2013	-7	-5
0.0	25	19	2020	2013	-7	-6
0.0	26	19	2020	2013	-7	-7
0.0	27	19	2020	2013	-7	-8
0.0	28	19	2020	2013	-7	-9
0.0	29	19	2020	2013	-7	-10
0.0	0	19	2021	2013	-8	19
0.0	1	19	2021	2013	-8	18
0.0	2	19	2021	2013	-8	17
0.0	3	19	2021	2013	-8	16
0.0	4	19	2021	2013	-8	15
0.0	5	19	2021	2013	-8	14
0.0	6	19	2021	2013	-8	13
0.0	7	19	2021	2013	-8	12
0.0	8	19	2021	2013	-8	11
0.0	9	19	2021	2013	-8	10
0.0	10	19	2021	2013	-8	9
0.0	11	19	2021	2013	-8	8
0.0	12	19	2021	2013	-8	7
0.0	13	19	2021	2013	-8	6
0.5	14	19	2021	2013	-8	5
0.0	15	19	2021	2013	-8	4
0.3333333333333333	16	19	2021	2013	-8	3
0.16666666666666666	17	19	2021	2013	-8	2
0.0	18	19	2021	2013	-8	1
0.0	19	19	2021	2013	-8	0
0.0	20	19	2021	2013	-8	-1
0.0	21	19	2021	2013	-8	-2
0.0	22	19	2021	2013	-8	-3
0.0	23	19	2021	2013	-8	-4
0.0	24	19	2021	2013	-8	-5
0.0	25	19	2021	2013	-8	-6
0.0	26	19	2021	2013	-8	-7
0.0	27	19	2021	2013	-8	-8
0.0	28	19	2021	2013	-8	-9
0.0	29	19	2021	2013	-8	-10
0.009345794392523364	0	21	2010	2014	4	21
0.018691588785046728	1	21	2010	2014	4	20
0.028037383177570093	2	21	2010	2014	4	19
0.5607476635514018	3	21	2010	2014	4	18
0.19626168224299065	4	21	2010	2014	4	17
0.06542056074766354	5	21	2010	2014	4	16
0.018691588785046728	6	21	2010	2014	4	15
0.08411214953271028	7	21	2010	2014	4	14
0.009345794392523364	8	21	2010	2014	4	13
0.0	9	21	2010	2014	4	12
0.0	10	21	2010	2014	4	11
0.0	11	21	2010	2014	4	10
0.0	12	21	2010	2014	4	9
0.0	13	21	2010	2014	4	8
0.0	14	21	2010	2014	4	7
0.0	15	21	2010	2014	4	6
0.0	16	21	2010	2014	4	5
0.0	17	21	2010	2014	4	4
0.0	18	21	2010	2014	4	3
0.0	19	21	2010	2014	4	2
0.0	20	21	2010	2014	4	1
0.0	21	21	2010	2014	4	0
0.0	22	21	2010	2014	4	-1
0.0	23	21	2010	2014	4	-2
0.009345794392523364	24	21	2010	2014	4	-3
0.0	25	21	2010	2014	4	-4
0.0	26	21	2010	2014	4	-5
0.0	27	21	2010	2014	4	-6
0.0	28	21	2010	2014	4	-7
0.0	29	21	2010	2014	4	-8
0.015552099533437015	0	21	2011	2014	3	21
0.00933125972006221	1	21	2011	2014	3	20
0.012441679626749611	2	21	2011	2014	3	19
0.2115085536547434	3	21	2011	2014	3	18
0.28615863141524106	4	21	2011	2014	3	17
0.041990668740279936	5	21	2011	2014	3	16
0.01088646967340591	6	21	2011	2014	3	15
0.28771384136858474	7	21	2011	2014	3	14
0.1057542768273717	8	21	2011	2014	3	13
0.004665629860031105	9	21	2011	2014	3	12
0.007776049766718507	10	21	2011	2014	3	11
0.0015552099533437014	11	21	2011	2014	3	10
0.0015552099533437014	12	21	2011	2014	3	9
0.0	13	21	2011	2014	3	8
0.003110419906687403	14	21	2011	2014	3	7
0.0	15	21	2011	2014	3	6
0.0	16	21	2011	2014	3	5
0.0	17	21	2011	2014	3	4
0.0	18	21	2011	2014	3	3
0.0	19	21	2011	2014	3	2
0.0	20	21	2011	2014	3	1
0.0	21	21	2011	2014	3	0
0.0	22	21	2011	2014	3	-1
0.0	23	21	2011	2014	3	-2
0.0	24	21	2011	2014	3	-3
0.0	25	21	2011	2014	3	-4
0.0	26	21	2011	2014	3	-5
0.0	27	21	2011	2014	3	-6
0.0	28	21	2011	2014	3	-7
0.0	29	21	2011	2014	3	-8
0.0	0	21	2012	2014	2	21
0.0	1	21	2012	2014	2	20
0.0	2	21	2012	2014	2	19
0.09803921568627451	3	21	2012	2014	2	18
0.13725490196078433	4	21	2012	2014	2	17
0.09803921568627451	5	21	2012	2014	2	16
0.0	6	21	2012	2014	2	15
0.27450980392156865	7	21	2012	2014	2	14
0.35294117647058826	8	21	2012	2014	2	13
0.0	9	21	2012	2014	2	12
0.0	10	21	2012	2014	2	11
0.0196078431372549	11	21	2012	2014	2	10
0.0	12	21	2012	2014	2	9
0.0	13	21	2012	2014	2	8
0.0196078431372549	14	21	2012	2014	2	7
0.0	15	21	2012	2014	2	6
0.0	16	21	2012	2014	2	5
0.0	17	21	2012	2014	2	4
0.0	18	21	2012	2014	2	3
0.0	19	21	2012	2014	2	2
0.0	20	21	2012	2014	2	1
0.0	21	21	2012	2014	2	0
0.0	22	21	2012	2014	2	-1
0.0	23	21	2012	2014	2	-2
0.0	24	21	2012	2014	2	-3
0.0	25	21	2012	2014	2	-4
0.0	26	21	2012	2014	2	-5
0.0	27	21	2012	2014	2	-6
0.0	28	21	2012	2014	2	-7
0.0	29	21	2012	2014	2	-8
0.0	0	21	2013	2014	1	21
0.0	1	21	2013	2014	1	20
0.0	2	21	2013	2014	1	19
0.0	3	21	2013	2014	1	18
0.06060606060606061	4	21	2013	2014	1	17
0.0	5	21	2013	2014	1	16
0.0	6	21	2013	2014	1	15
0.2727272727272727	7	21	2013	2014	1	14
0.3939393939393939	8	21	2013	2014	1	13
0.06060606060606061	9	21	2013	2014	1	12
0.09090909090909091	10	21	2013	2014	1	11
0.06060606060606061	11	21	2013	2014	1	10
0.0	12	21	2013	2014	1	9
0.0	13	21	2013	2014	1	8
0.06060606060606061	14	21	2013	2014	1	7
0.0	15	21	2013	2014	1	6
0.0	16	21	2013	2014	1	5
0.0	17	21	2013	2014	1	4
0.0	18	21	2013	2014	1	3
0.0	19	21	2013	2014	1	2
0.0	20	21	2013	2014	1	1
0.0	21	21	2013	2014	1	0
0.0	22	21	2013	2014	1	-1
0.0	23	21	2013	2014	1	-2
0.0	24	21	2013	2014	1	-3
0.0	25	21	2013	2014	1	-4
0.0	26	21	2013	2014	1	-5
0.0	27	21	2013	2014	1	-6
0.0	28	21	2013	2014	1	-7
0.0	29	21	2013	2014	1	-8
0.0	0	21	2014	2014	0	21
0.007142857142857143	1	21	2014	2014	0	20
0.0	2	21	2014	2014	0	19
0.014285714285714285	3	21	2014	2014	0	18
0.05714285714285714	4	21	2014	2014	0	17
0.02142857142857143	5	21	2014	2014	0	16
0.0	6	21	2014	2014	0	15
0.1357142857142857	7	21	2014	2014	0	14
0.35	8	21	2014	2014	0	13
0.1	9	21	2014	2014	0	12
0.14285714285714285	10	21	2014	2014	0	11
0.05	11	21	2014	2014	0	10
0.007142857142857143	12	21	2014	2014	0	9
0.0	13	21	2014	2014	0	8
0.07142857142857142	14	21	2014	2014	0	7
0.03571428571428571	15	21	2014	2014	0	6
0.007142857142857143	16	21	2014	2014	0	5
0.0	17	21	2014	2014	0	4
0.0	18	21	2014	2014	0	3
0.0	19	21	2014	2014	0	2
0.0	20	21	2014	2014	0	1
0.0	21	21	2014	2014	0	0
0.0	22	21	2014	2014	0	-1
0.0	23	21	2014	2014	0	-2
0.0	24	21	2014	2014	0	-3
0.0	25	21	2014	2014	0	-4
0.0	26	21	2014	2014	0	-5
0.0	27	21	2014	2014	0	-6
0.0	28	21	2014	2014	0	-7
0.0	29	21	2014	2014	0	-8
0.0	0	21	2015	2014	-1	21
0.0	1	21	2015	2014	-1	20
0.0	2	21	2015	2014	-1	19
0.0	3	21	2015	2014	-1	18
0.0	4	21	2015	2014	-1	17
0.0	5	21	2015	2014	-1	16
0.0	6	21	2015	2014	-1	15
0.2222222222222222	7	21	2015	2014	-1	14
0.2222222222222222	8	21	2015	2014	-1	13
0.0	9	21	2015	2014	-1	12
0.2222222222222222	10	21	2015	2014	-1	11
0.0	11	21	2015	2014	-1	10
0.0	12	21	2015	2014	-1	9
0.0	13	21	2015	2014	-1	8
0.2222222222222222	14	21	2015	2014	-1	7
0.1111111111111111	15	21	2015	2014	-1	6
0.0	16	21	2015	2014	-1	5
0.0	17	21	2015	2014	-1	4
0.0	18	21	2015	2014	-1	3
0.0	19	21	2015	2014	-1	2
0.0	20	21	2015	2014	-1	1
0.0	21	21	2015	2014	-1	0
0.0	22	21	2015	2014	-1	-1
0.0	23	21	2015	2014	-1	-2
0.0	24	21	2015	2014	-1	-3
0.0	25	21	2015	2014	-1	-4
0.0	26	21	2015	2014	-1	-5
0.0	27	21	2015	2014	-1	-6
0.0	28	21	2015	2014	-1	-7
0.0	29	21	2015	2014	-1	-8
0.0	0	21	2016	2014	-2	21
0.0	1	21	2016	2014	-2	20
0.0	2	21	2016	2014	-2	19
0.0	3	21	2016	2014	-2	18
0.0	4	21	2016	2014	-2	17
0.0	5	21	2016	2014	-2	16
0.0	6	21	2016	2014	-2	15
0.125	7	21	2016	2014	-2	14
0.0	8	21	2016	2014	-2	13
0.0	9	21	2016	2014	-2	12
0.125	10	21	2016	2014	-2	11
0.0	11	21	2016	2014	-2	10
0.0	12	21	2016	2014	-2	9
0.0	13	21	2016	2014	-2	8
0.25	14	21	2016	2014	-2	7
0.375	15	21	2016	2014	-2	6
0.125	16	21	2016	2014	-2	5
0.0	17	21	2016	2014	-2	4
0.0	18	21	2016	2014	-2	3
0.0	19	21	2016	2014	-2	2
0.0	20	21	2016	2014	-2	1
0.0	21	21	2016	2014	-2	0
0.0	22	21	2016	2014	-2	-1
0.0	23	21	2016	2014	-2	-2
0.0	24	21	2016	2014	-2	-3
0.0	25	21	2016	2014	-2	-4
0.0	26	21	2016	2014	-2	-5
0.0	27	21	2016	2014	-2	-6
0.0	28	21	2016	2014	-2	-7
0.0	29	21	2016	2014	-2	-8
0.0	0	21	2017	2014	-3	21
0.0	1	21	2017	2014	-3	20
0.0	2	21	2017	2014	-3	19
0.0	3	21	2017	2014	-3	18
0.0	4	21	2017	2014	-3	17
0.0	5	21	2017	2014	-3	16
0.0	6	21	2017	2014	-3	15
0.0	7	21	2017	2014	-3	14
0.0	8	21	2017	2014	-3	13
0.4166666666666667	9	21	2017	2014	-3	12
0.0	10	21	2017	2014	-3	11
0.08333333333333333	11	21	2017	2014	-3	10
0.0	12	21	2017	2014	-3	9
0.0	13	21	2017	2014	-3	8
0.16666666666666666	14	21	2017	2014	-3	7
0.25	15	21	2017	2014	-3	6
0.08333333333333333	16	21	2017	2014	-3	5
0.0	17	21	2017	2014	-3	4
0.0	18	21	2017	2014	-3	3
0.0	19	21	2017	2014	-3	2
0.0	20	21	2017	2014	-3	1
0.0	21	21	2017	2014	-3	0
0.0	22	21	2017	2014	-3	-1
0.0	23	21	2017	2014	-3	-2
0.0	24	21	2017	2014	-3	-3
0.0	25	21	2017	2014	-3	-4
0.0	26	21	2017	2014	-3	-5
0.0	27	21	2017	2014	-3	-6
0.0	28	21	2017	2014	-3	-7
0.0	29	21	2017	2014	-3	-8
0.015384615384615385	0	21	2018	2014	-4	21
0.0	1	21	2018	2014	-4	20
0.0	2	21	2018	2014	-4	19
0.005128205128205128	3	21	2018	2014	-4	18
0.010256410256410256	4	21	2018	2014	-4	17
0.005128205128205128	5	21	2018	2014	-4	16
0.0	6	21	2018	2014	-4	15
0.020512820512820513	7	21	2018	2014	-4	14
0.041025641025641026	8	21	2018	2014	-4	13
0.1641025641025641	9	21	2018	2014	-4	12
0.06666666666666667	10	21	2018	2014	-4	11
0.11282051282051282	11	21	2018	2014	-4	10
0.005128205128205128	12	21	2018	2014	-4	9
0.0	13	21	2018	2014	-4	8
0.15897435897435896	14	21	2018	2014	-4	7
0.2512820512820513	15	21	2018	2014	-4	6
0.11282051282051282	16	21	2018	2014	-4	5
0.005128205128205128	17	21	2018	2014	-4	4
0.0	18	21	2018	2014	-4	3
0.020512820512820513	19	21	2018	2014	-4	2
0.0	20	21	2018	2014	-4	1
0.005128205128205128	21	21	2018	2014	-4	0
0.0	22	21	2018	2014	-4	-1
0.0	23	21	2018	2014	-4	-2
0.0	24	21	2018	2014	-4	-3
0.0	25	21	2018	2014	-4	-4
0.0	26	21	2018	2014	-4	-5
0.0	27	21	2018	2014	-4	-6
0.0	28	21	2018	2014	-4	-7
0.0	29	21	2018	2014	-4	-8
0.0	0	21	2019	2014	-5	21
0.0	1	21	2019	2014	-5	20
0.0	2	21	2019	2014	-5	19
0.0	3	21	2019	2014	-5	18
0.0	4	21	2019	2014	-5	17
0.012345679012345678	5	21	2019	2014	-5	16
0.0	6	21	2019	2014	-5	15
0.024691358024691357	7	21	2019	2014	-5	14
0.012345679012345678	8	21	2019	2014	-5	13
0.13580246913580246	9	21	2019	2014	-5	12
0.0	10	21	2019	2014	-5	11
0.037037037037037035	11	21	2019	2014	-5	10
0.0	12	21	2019	2014	-5	9
0.037037037037037035	13	21	2019	2014	-5	8
0.1728395061728395	14	21	2019	2014	-5	7
0.13580246913580246	15	21	2019	2014	-5	6
0.25925925925925924	16	21	2019	2014	-5	5
0.04938271604938271	17	21	2019	2014	-5	4
0.012345679012345678	18	21	2019	2014	-5	3
0.037037037037037035	19	21	2019	2014	-5	2
0.0	20	21	2019	2014	-5	1
0.04938271604938271	21	21	2019	2014	-5	0
0.012345679012345678	22	21	2019	2014	-5	-1
0.012345679012345678	23	21	2019	2014	-5	-2
0.0	24	21	2019	2014	-5	-3
0.0	25	21	2019	2014	-5	-4
0.0	26	21	2019	2014	-5	-5
0.0	27	21	2019	2014	-5	-6
0.0	28	21	2019	2014	-5	-7
0.0	29	21	2019	2014	-5	-8
0.0034602076124567475	0	21	2020	2014	-6	21
0.0	1	21	2020	2014	-6	20
0.0	2	21	2020	2014	-6	19
0.0	3	21	2020	2014	-6	18
0.0034602076124567475	4	21	2020	2014	-6	17
0.010380622837370242	5	21	2020	2014	-6	16
0.0	6	21	2020	2014	-6	15
0.10034602076124567	7	21	2020	2014	-6	14
0.020761245674740483	8	21	2020	2014	-6	13
0.05536332179930796	9	21	2020	2014	-6	12
0.02422145328719723	10	21	2020	2014	-6	11
0.010380622837370242	11	21	2020	2014	-6	10
0.010380622837370242	12	21	2020	2014	-6	9
0.0	13	21	2020	2014	-6	8
0.2179930795847751	14	21	2020	2014	-6	7
0.23529411764705882	15	21	2020	2014	-6	6
0.20761245674740483	16	21	2020	2014	-6	5
0.04152249134948097	17	21	2020	2014	-6	4
0.006920415224913495	18	21	2020	2014	-6	3
0.01384083044982699	19	21	2020	2014	-6	2
0.0	20	21	2020	2014	-6	1
0.02768166089965398	21	21	2020	2014	-6	0
0.0	22	21	2020	2014	-6	-1
0.0034602076124567475	23	21	2020	2014	-6	-2
0.006920415224913495	24	21	2020	2014	-6	-3
0.0	25	21	2020	2014	-6	-4
0.0	26	21	2020	2014	-6	-5
0.0	27	21	2020	2014	-6	-6
0.0	28	21	2020	2014	-6	-7
0.0	29	21	2020	2014	-6	-8
0.0	0	21	2021	2014	-7	21
0.0	1	21	2021	2014	-7	20
0.0	2	21	2021	2014	-7	19
0.0	3	21	2021	2014	-7	18
0.0	4	21	2021	2014	-7	17
0.0	5	21	2021	2014	-7	16
0.0	6	21	2021	2014	-7	15
0.0	7	21	2021	2014	-7	14
0.0	8	21	2021	2014	-7	13
0.0	9	21	2021	2014	-7	12
0.0	10	21	2021	2014	-7	11
0.0	11	21	2021	2014	-7	10
0.0	12	21	2021	2014	-7	9
0.0	13	21	2021	2014	-7	8
0.5	14	21	2021	2014	-7	7
0.0	15	21	2021	2014	-7	6
0.3333333333333333	16	21	2021	2014	-7	5
0.16666666666666666	17	21	2021	2014	-7	4
0.0	18	21	2021	2014	-7	3
0.0	19	21	2021	2014	-7	2
0.0	20	21	2021	2014	-7	1
0.0	21	21	2021	2014	-7	0
0.0	22	21	2021	2014	-7	-1
0.0	23	21	2021	2014	-7	-2
0.0	24	21	2021	2014	-7	-3
0.0	25	21	2021	2014	-7	-4
0.0	26	21	2021	2014	-7	-5
0.0	27	21	2021	2014	-7	-6
0.0	28	21	2021	2014	-7	-7
0.0	29	21	2021	2014	-7	-8
0.009345794392523364	0	22	2010	2015	5	22
0.018691588785046728	1	22	2010	2015	5	21
0.028037383177570093	2	22	2010	2015	5	20
0.5607476635514018	3	22	2010	2015	5	19
0.19626168224299065	4	22	2010	2015	5	18
0.06542056074766354	5	22	2010	2015	5	17
0.018691588785046728	6	22	2010	2015	5	16
0.08411214953271028	7	22	2010	2015	5	15
0.009345794392523364	8	22	2010	2015	5	14
0.0	9	22	2010	2015	5	13
0.0	10	22	2010	2015	5	12
0.0	11	22	2010	2015	5	11
0.0	12	22	2010	2015	5	10
0.0	13	22	2010	2015	5	9
0.0	14	22	2010	2015	5	8
0.0	15	22	2010	2015	5	7
0.0	16	22	2010	2015	5	6
0.0	17	22	2010	2015	5	5
0.0	18	22	2010	2015	5	4
0.0	19	22	2010	2015	5	3
0.0	20	22	2010	2015	5	2
0.0	21	22	2010	2015	5	1
0.0	22	22	2010	2015	5	0
0.0	23	22	2010	2015	5	-1
0.009345794392523364	24	22	2010	2015	5	-2
0.0	25	22	2010	2015	5	-3
0.0	26	22	2010	2015	5	-4
0.0	27	22	2010	2015	5	-5
0.0	28	22	2010	2015	5	-6
0.0	29	22	2010	2015	5	-7
0.015552099533437015	0	22	2011	2015	4	22
0.00933125972006221	1	22	2011	2015	4	21
0.012441679626749611	2	22	2011	2015	4	20
0.2115085536547434	3	22	2011	2015	4	19
0.28615863141524106	4	22	2011	2015	4	18
0.041990668740279936	5	22	2011	2015	4	17
0.01088646967340591	6	22	2011	2015	4	16
0.28771384136858474	7	22	2011	2015	4	15
0.1057542768273717	8	22	2011	2015	4	14
0.004665629860031105	9	22	2011	2015	4	13
0.007776049766718507	10	22	2011	2015	4	12
0.0015552099533437014	11	22	2011	2015	4	11
0.0015552099533437014	12	22	2011	2015	4	10
0.0	13	22	2011	2015	4	9
0.003110419906687403	14	22	2011	2015	4	8
0.0	15	22	2011	2015	4	7
0.0	16	22	2011	2015	4	6
0.0	17	22	2011	2015	4	5
0.0	18	22	2011	2015	4	4
0.0	19	22	2011	2015	4	3
0.0	20	22	2011	2015	4	2
0.0	21	22	2011	2015	4	1
0.0	22	22	2011	2015	4	0
0.0	23	22	2011	2015	4	-1
0.0	24	22	2011	2015	4	-2
0.0	25	22	2011	2015	4	-3
0.0	26	22	2011	2015	4	-4
0.0	27	22	2011	2015	4	-5
0.0	28	22	2011	2015	4	-6
0.0	29	22	2011	2015	4	-7
0.0	0	22	2012	2015	3	22
0.0	1	22	2012	2015	3	21
0.0	2	22	2012	2015	3	20
0.09803921568627451	3	22	2012	2015	3	19
0.13725490196078433	4	22	2012	2015	3	18
0.09803921568627451	5	22	2012	2015	3	17
0.0	6	22	2012	2015	3	16
0.27450980392156865	7	22	2012	2015	3	15
0.35294117647058826	8	22	2012	2015	3	14
0.0	9	22	2012	2015	3	13
0.0	10	22	2012	2015	3	12
0.0196078431372549	11	22	2012	2015	3	11
0.0	12	22	2012	2015	3	10
0.0	13	22	2012	2015	3	9
0.0196078431372549	14	22	2012	2015	3	8
0.0	15	22	2012	2015	3	7
0.0	16	22	2012	2015	3	6
0.0	17	22	2012	2015	3	5
0.0	18	22	2012	2015	3	4
0.0	19	22	2012	2015	3	3
0.0	20	22	2012	2015	3	2
0.0	21	22	2012	2015	3	1
0.0	22	22	2012	2015	3	0
0.0	23	22	2012	2015	3	-1
0.0	24	22	2012	2015	3	-2
0.0	25	22	2012	2015	3	-3
0.0	26	22	2012	2015	3	-4
0.0	27	22	2012	2015	3	-5
0.0	28	22	2012	2015	3	-6
0.0	29	22	2012	2015	3	-7
0.0	0	22	2013	2015	2	22
0.0	1	22	2013	2015	2	21
0.0	2	22	2013	2015	2	20
0.0	3	22	2013	2015	2	19
0.06060606060606061	4	22	2013	2015	2	18
0.0	5	22	2013	2015	2	17
0.0	6	22	2013	2015	2	16
0.2727272727272727	7	22	2013	2015	2	15
0.3939393939393939	8	22	2013	2015	2	14
0.06060606060606061	9	22	2013	2015	2	13
0.09090909090909091	10	22	2013	2015	2	12
0.06060606060606061	11	22	2013	2015	2	11
0.0	12	22	2013	2015	2	10
0.0	13	22	2013	2015	2	9
0.06060606060606061	14	22	2013	2015	2	8
0.0	15	22	2013	2015	2	7
0.0	16	22	2013	2015	2	6
0.0	17	22	2013	2015	2	5
0.0	18	22	2013	2015	2	4
0.0	19	22	2013	2015	2	3
0.0	20	22	2013	2015	2	2
0.0	21	22	2013	2015	2	1
0.0	22	22	2013	2015	2	0
0.0	23	22	2013	2015	2	-1
0.0	24	22	2013	2015	2	-2
0.0	25	22	2013	2015	2	-3
0.0	26	22	2013	2015	2	-4
0.0	27	22	2013	2015	2	-5
0.0	28	22	2013	2015	2	-6
0.0	29	22	2013	2015	2	-7
0.0	0	22	2014	2015	1	22
0.007142857142857143	1	22	2014	2015	1	21
0.0	2	22	2014	2015	1	20
0.014285714285714285	3	22	2014	2015	1	19
0.05714285714285714	4	22	2014	2015	1	18
0.02142857142857143	5	22	2014	2015	1	17
0.0	6	22	2014	2015	1	16
0.1357142857142857	7	22	2014	2015	1	15
0.35	8	22	2014	2015	1	14
0.1	9	22	2014	2015	1	13
0.14285714285714285	10	22	2014	2015	1	12
0.05	11	22	2014	2015	1	11
0.007142857142857143	12	22	2014	2015	1	10
0.0	13	22	2014	2015	1	9
0.07142857142857142	14	22	2014	2015	1	8
0.03571428571428571	15	22	2014	2015	1	7
0.007142857142857143	16	22	2014	2015	1	6
0.0	17	22	2014	2015	1	5
0.0	18	22	2014	2015	1	4
0.0	19	22	2014	2015	1	3
0.0	20	22	2014	2015	1	2
0.0	21	22	2014	2015	1	1
0.0	22	22	2014	2015	1	0
0.0	23	22	2014	2015	1	-1
0.0	24	22	2014	2015	1	-2
0.0	25	22	2014	2015	1	-3
0.0	26	22	2014	2015	1	-4
0.0	27	22	2014	2015	1	-5
0.0	28	22	2014	2015	1	-6
0.0	29	22	2014	2015	1	-7
0.0	0	22	2015	2015	0	22
0.0	1	22	2015	2015	0	21
0.0	2	22	2015	2015	0	20
0.0	3	22	2015	2015	0	19
0.0	4	22	2015	2015	0	18
0.0	5	22	2015	2015	0	17
0.0	6	22	2015	2015	0	16
0.2222222222222222	7	22	2015	2015	0	15
0.2222222222222222	8	22	2015	2015	0	14
0.0	9	22	2015	2015	0	13
0.2222222222222222	10	22	2015	2015	0	12
0.0	11	22	2015	2015	0	11
0.0	12	22	2015	2015	0	10
0.0	13	22	2015	2015	0	9
0.2222222222222222	14	22	2015	2015	0	8
0.1111111111111111	15	22	2015	2015	0	7
0.0	16	22	2015	2015	0	6
0.0	17	22	2015	2015	0	5
0.0	18	22	2015	2015	0	4
0.0	19	22	2015	2015	0	3
0.0	20	22	2015	2015	0	2
0.0	21	22	2015	2015	0	1
0.0	22	22	2015	2015	0	0
0.0	23	22	2015	2015	0	-1
0.0	24	22	2015	2015	0	-2
0.0	25	22	2015	2015	0	-3
0.0	26	22	2015	2015	0	-4
0.0	27	22	2015	2015	0	-5
0.0	28	22	2015	2015	0	-6
0.0	29	22	2015	2015	0	-7
0.0	0	22	2016	2015	-1	22
0.0	1	22	2016	2015	-1	21
0.0	2	22	2016	2015	-1	20
0.0	3	22	2016	2015	-1	19
0.0	4	22	2016	2015	-1	18
0.0	5	22	2016	2015	-1	17
0.0	6	22	2016	2015	-1	16
0.125	7	22	2016	2015	-1	15
0.0	8	22	2016	2015	-1	14
0.0	9	22	2016	2015	-1	13
0.125	10	22	2016	2015	-1	12
0.0	11	22	2016	2015	-1	11
0.0	12	22	2016	2015	-1	10
0.0	13	22	2016	2015	-1	9
0.25	14	22	2016	2015	-1	8
0.375	15	22	2016	2015	-1	7
0.125	16	22	2016	2015	-1	6
0.0	17	22	2016	2015	-1	5
0.0	18	22	2016	2015	-1	4
0.0	19	22	2016	2015	-1	3
0.0	20	22	2016	2015	-1	2
0.0	21	22	2016	2015	-1	1
0.0	22	22	2016	2015	-1	0
0.0	23	22	2016	2015	-1	-1
0.0	24	22	2016	2015	-1	-2
0.0	25	22	2016	2015	-1	-3
0.0	26	22	2016	2015	-1	-4
0.0	27	22	2016	2015	-1	-5
0.0	28	22	2016	2015	-1	-6
0.0	29	22	2016	2015	-1	-7
0.0	0	22	2017	2015	-2	22
0.0	1	22	2017	2015	-2	21
0.0	2	22	2017	2015	-2	20
0.0	3	22	2017	2015	-2	19
0.0	4	22	2017	2015	-2	18
0.0	5	22	2017	2015	-2	17
0.0	6	22	2017	2015	-2	16
0.0	7	22	2017	2015	-2	15
0.0	8	22	2017	2015	-2	14
0.4166666666666667	9	22	2017	2015	-2	13
0.0	10	22	2017	2015	-2	12
0.08333333333333333	11	22	2017	2015	-2	11
0.0	12	22	2017	2015	-2	10
0.0	13	22	2017	2015	-2	9
0.16666666666666666	14	22	2017	2015	-2	8
0.25	15	22	2017	2015	-2	7
0.08333333333333333	16	22	2017	2015	-2	6
0.0	17	22	2017	2015	-2	5
0.0	18	22	2017	2015	-2	4
0.0	19	22	2017	2015	-2	3
0.0	20	22	2017	2015	-2	2
0.0	21	22	2017	2015	-2	1
0.0	22	22	2017	2015	-2	0
0.0	23	22	2017	2015	-2	-1
0.0	24	22	2017	2015	-2	-2
0.0	25	22	2017	2015	-2	-3
0.0	26	22	2017	2015	-2	-4
0.0	27	22	2017	2015	-2	-5
0.0	28	22	2017	2015	-2	-6
0.0	29	22	2017	2015	-2	-7
0.015384615384615385	0	22	2018	2015	-3	22
0.0	1	22	2018	2015	-3	21
0.0	2	22	2018	2015	-3	20
0.005128205128205128	3	22	2018	2015	-3	19
0.010256410256410256	4	22	2018	2015	-3	18
0.005128205128205128	5	22	2018	2015	-3	17
0.0	6	22	2018	2015	-3	16
0.020512820512820513	7	22	2018	2015	-3	15
0.041025641025641026	8	22	2018	2015	-3	14
0.1641025641025641	9	22	2018	2015	-3	13
0.06666666666666667	10	22	2018	2015	-3	12
0.11282051282051282	11	22	2018	2015	-3	11
0.005128205128205128	12	22	2018	2015	-3	10
0.0	13	22	2018	2015	-3	9
0.15897435897435896	14	22	2018	2015	-3	8
0.2512820512820513	15	22	2018	2015	-3	7
0.11282051282051282	16	22	2018	2015	-3	6
0.005128205128205128	17	22	2018	2015	-3	5
0.0	18	22	2018	2015	-3	4
0.020512820512820513	19	22	2018	2015	-3	3
0.0	20	22	2018	2015	-3	2
0.005128205128205128	21	22	2018	2015	-3	1
0.0	22	22	2018	2015	-3	0
0.0	23	22	2018	2015	-3	-1
0.0	24	22	2018	2015	-3	-2
0.0	25	22	2018	2015	-3	-3
0.0	26	22	2018	2015	-3	-4
0.0	27	22	2018	2015	-3	-5
0.0	28	22	2018	2015	-3	-6
0.0	29	22	2018	2015	-3	-7
0.0	0	22	2019	2015	-4	22
0.0	1	22	2019	2015	-4	21
0.0	2	22	2019	2015	-4	20
0.0	3	22	2019	2015	-4	19
0.0	4	22	2019	2015	-4	18
0.012345679012345678	5	22	2019	2015	-4	17
0.0	6	22	2019	2015	-4	16
0.024691358024691357	7	22	2019	2015	-4	15
0.012345679012345678	8	22	2019	2015	-4	14
0.13580246913580246	9	22	2019	2015	-4	13
0.0	10	22	2019	2015	-4	12
0.037037037037037035	11	22	2019	2015	-4	11
0.0	12	22	2019	2015	-4	10
0.037037037037037035	13	22	2019	2015	-4	9
0.1728395061728395	14	22	2019	2015	-4	8
0.13580246913580246	15	22	2019	2015	-4	7
0.25925925925925924	16	22	2019	2015	-4	6
0.04938271604938271	17	22	2019	2015	-4	5
0.012345679012345678	18	22	2019	2015	-4	4
0.037037037037037035	19	22	2019	2015	-4	3
0.0	20	22	2019	2015	-4	2
0.04938271604938271	21	22	2019	2015	-4	1
0.012345679012345678	22	22	2019	2015	-4	0
0.012345679012345678	23	22	2019	2015	-4	-1
0.0	24	22	2019	2015	-4	-2
0.0	25	22	2019	2015	-4	-3
0.0	26	22	2019	2015	-4	-4
0.0	27	22	2019	2015	-4	-5
0.0	28	22	2019	2015	-4	-6
0.0	29	22	2019	2015	-4	-7
0.0034602076124567475	0	22	2020	2015	-5	22
0.0	1	22	2020	2015	-5	21
0.0	2	22	2020	2015	-5	20
0.0	3	22	2020	2015	-5	19
0.0034602076124567475	4	22	2020	2015	-5	18
0.010380622837370242	5	22	2020	2015	-5	17
0.0	6	22	2020	2015	-5	16
0.10034602076124567	7	22	2020	2015	-5	15
0.020761245674740483	8	22	2020	2015	-5	14
0.05536332179930796	9	22	2020	2015	-5	13
0.02422145328719723	10	22	2020	2015	-5	12
0.010380622837370242	11	22	2020	2015	-5	11
0.010380622837370242	12	22	2020	2015	-5	10
0.0	13	22	2020	2015	-5	9
0.2179930795847751	14	22	2020	2015	-5	8
0.23529411764705882	15	22	2020	2015	-5	7
0.20761245674740483	16	22	2020	2015	-5	6
0.04152249134948097	17	22	2020	2015	-5	5
0.006920415224913495	18	22	2020	2015	-5	4
0.01384083044982699	19	22	2020	2015	-5	3
0.0	20	22	2020	2015	-5	2
0.02768166089965398	21	22	2020	2015	-5	1
0.0	22	22	2020	2015	-5	0
0.0034602076124567475	23	22	2020	2015	-5	-1
0.006920415224913495	24	22	2020	2015	-5	-2
0.0	25	22	2020	2015	-5	-3
0.0	26	22	2020	2015	-5	-4
0.0	27	22	2020	2015	-5	-5
0.0	28	22	2020	2015	-5	-6
0.0	29	22	2020	2015	-5	-7
0.0	0	22	2021	2015	-6	22
0.0	1	22	2021	2015	-6	21
0.0	2	22	2021	2015	-6	20
0.0	3	22	2021	2015	-6	19
0.0	4	22	2021	2015	-6	18
0.0	5	22	2021	2015	-6	17
0.0	6	22	2021	2015	-6	16
0.0	7	22	2021	2015	-6	15
0.0	8	22	2021	2015	-6	14
0.0	9	22	2021	2015	-6	13
0.0	10	22	2021	2015	-6	12
0.0	11	22	2021	2015	-6	11
0.0	12	22	2021	2015	-6	10
0.0	13	22	2021	2015	-6	9
0.5	14	22	2021	2015	-6	8
0.0	15	22	2021	2015	-6	7
0.3333333333333333	16	22	2021	2015	-6	6
0.16666666666666666	17	22	2021	2015	-6	5
0.0	18	22	2021	2015	-6	4
0.0	19	22	2021	2015	-6	3
0.0	20	22	2021	2015	-6	2
0.0	21	22	2021	2015	-6	1
0.0	22	22	2021	2015	-6	0
0.0	23	22	2021	2015	-6	-1
0.0	24	22	2021	2015	-6	-2
0.0	25	22	2021	2015	-6	-3
0.0	26	22	2021	2015	-6	-4
0.0	27	22	2021	2015	-6	-5
0.0	28	22	2021	2015	-6	-6
0.0	29	22	2021	2015	-6	-7
0.009345794392523364	0	23	2010	2015	5	23
0.018691588785046728	1	23	2010	2015	5	22
0.028037383177570093	2	23	2010	2015	5	21
0.5607476635514018	3	23	2010	2015	5	20
0.19626168224299065	4	23	2010	2015	5	19
0.06542056074766354	5	23	2010	2015	5	18
0.018691588785046728	6	23	2010	2015	5	17
0.08411214953271028	7	23	2010	2015	5	16
0.009345794392523364	8	23	2010	2015	5	15
0.0	9	23	2010	2015	5	14
0.0	10	23	2010	2015	5	13
0.0	11	23	2010	2015	5	12
0.0	12	23	2010	2015	5	11
0.0	13	23	2010	2015	5	10
0.0	14	23	2010	2015	5	9
0.0	15	23	2010	2015	5	8
0.0	16	23	2010	2015	5	7
0.0	17	23	2010	2015	5	6
0.0	18	23	2010	2015	5	5
0.0	19	23	2010	2015	5	4
0.0	20	23	2010	2015	5	3
0.0	21	23	2010	2015	5	2
0.0	22	23	2010	2015	5	1
0.0	23	23	2010	2015	5	0
0.009345794392523364	24	23	2010	2015	5	-1
0.0	25	23	2010	2015	5	-2
0.0	26	23	2010	2015	5	-3
0.0	27	23	2010	2015	5	-4
0.0	28	23	2010	2015	5	-5
0.0	29	23	2010	2015	5	-6
0.015552099533437015	0	23	2011	2015	4	23
0.00933125972006221	1	23	2011	2015	4	22
0.012441679626749611	2	23	2011	2015	4	21
0.2115085536547434	3	23	2011	2015	4	20
0.28615863141524106	4	23	2011	2015	4	19
0.041990668740279936	5	23	2011	2015	4	18
0.01088646967340591	6	23	2011	2015	4	17
0.28771384136858474	7	23	2011	2015	4	16
0.1057542768273717	8	23	2011	2015	4	15
0.004665629860031105	9	23	2011	2015	4	14
0.007776049766718507	10	23	2011	2015	4	13
0.0015552099533437014	11	23	2011	2015	4	12
0.0015552099533437014	12	23	2011	2015	4	11
0.0	13	23	2011	2015	4	10
0.003110419906687403	14	23	2011	2015	4	9
0.0	15	23	2011	2015	4	8
0.0	16	23	2011	2015	4	7
0.0	17	23	2011	2015	4	6
0.0	18	23	2011	2015	4	5
0.0	19	23	2011	2015	4	4
0.0	20	23	2011	2015	4	3
0.0	21	23	2011	2015	4	2
0.0	22	23	2011	2015	4	1
0.0	23	23	2011	2015	4	0
0.0	24	23	2011	2015	4	-1
0.0	25	23	2011	2015	4	-2
0.0	26	23	2011	2015	4	-3
0.0	27	23	2011	2015	4	-4
0.0	28	23	2011	2015	4	-5
0.0	29	23	2011	2015	4	-6
0.0	0	23	2012	2015	3	23
0.0	1	23	2012	2015	3	22
0.0	2	23	2012	2015	3	21
0.09803921568627451	3	23	2012	2015	3	20
0.13725490196078433	4	23	2012	2015	3	19
0.09803921568627451	5	23	2012	2015	3	18
0.0	6	23	2012	2015	3	17
0.27450980392156865	7	23	2012	2015	3	16
0.35294117647058826	8	23	2012	2015	3	15
0.0	9	23	2012	2015	3	14
0.0	10	23	2012	2015	3	13
0.0196078431372549	11	23	2012	2015	3	12
0.0	12	23	2012	2015	3	11
0.0	13	23	2012	2015	3	10
0.0196078431372549	14	23	2012	2015	3	9
0.0	15	23	2012	2015	3	8
0.0	16	23	2012	2015	3	7
0.0	17	23	2012	2015	3	6
0.0	18	23	2012	2015	3	5
0.0	19	23	2012	2015	3	4
0.0	20	23	2012	2015	3	3
0.0	21	23	2012	2015	3	2
0.0	22	23	2012	2015	3	1
0.0	23	23	2012	2015	3	0
0.0	24	23	2012	2015	3	-1
0.0	25	23	2012	2015	3	-2
0.0	26	23	2012	2015	3	-3
0.0	27	23	2012	2015	3	-4
0.0	28	23	2012	2015	3	-5
0.0	29	23	2012	2015	3	-6
0.0	0	23	2013	2015	2	23
0.0	1	23	2013	2015	2	22
0.0	2	23	2013	2015	2	21
0.0	3	23	2013	2015	2	20
0.06060606060606061	4	23	2013	2015	2	19
0.0	5	23	2013	2015	2	18
0.0	6	23	2013	2015	2	17
0.2727272727272727	7	23	2013	2015	2	16
0.3939393939393939	8	23	2013	2015	2	15
0.06060606060606061	9	23	2013	2015	2	14
0.09090909090909091	10	23	2013	2015	2	13
0.06060606060606061	11	23	2013	2015	2	12
0.0	12	23	2013	2015	2	11
0.0	13	23	2013	2015	2	10
0.06060606060606061	14	23	2013	2015	2	9
0.0	15	23	2013	2015	2	8
0.0	16	23	2013	2015	2	7
0.0	17	23	2013	2015	2	6
0.0	18	23	2013	2015	2	5
0.0	19	23	2013	2015	2	4
0.0	20	23	2013	2015	2	3
0.0	21	23	2013	2015	2	2
0.0	22	23	2013	2015	2	1
0.0	23	23	2013	2015	2	0
0.0	24	23	2013	2015	2	-1
0.0	25	23	2013	2015	2	-2
0.0	26	23	2013	2015	2	-3
0.0	27	23	2013	2015	2	-4
0.0	28	23	2013	2015	2	-5
0.0	29	23	2013	2015	2	-6
0.0	0	23	2014	2015	1	23
0.007142857142857143	1	23	2014	2015	1	22
0.0	2	23	2014	2015	1	21
0.014285714285714285	3	23	2014	2015	1	20
0.05714285714285714	4	23	2014	2015	1	19
0.02142857142857143	5	23	2014	2015	1	18
0.0	6	23	2014	2015	1	17
0.1357142857142857	7	23	2014	2015	1	16
0.35	8	23	2014	2015	1	15
0.1	9	23	2014	2015	1	14
0.14285714285714285	10	23	2014	2015	1	13
0.05	11	23	2014	2015	1	12
0.007142857142857143	12	23	2014	2015	1	11
0.0	13	23	2014	2015	1	10
0.07142857142857142	14	23	2014	2015	1	9
0.03571428571428571	15	23	2014	2015	1	8
0.007142857142857143	16	23	2014	2015	1	7
0.0	17	23	2014	2015	1	6
0.0	18	23	2014	2015	1	5
0.0	19	23	2014	2015	1	4
0.0	20	23	2014	2015	1	3
0.0	21	23	2014	2015	1	2
0.0	22	23	2014	2015	1	1
0.0	23	23	2014	2015	1	0
0.0	24	23	2014	2015	1	-1
0.0	25	23	2014	2015	1	-2
0.0	26	23	2014	2015	1	-3
0.0	27	23	2014	2015	1	-4
0.0	28	23	2014	2015	1	-5
0.0	29	23	2014	2015	1	-6
0.0	0	23	2015	2015	0	23
0.0	1	23	2015	2015	0	22
0.0	2	23	2015	2015	0	21
0.0	3	23	2015	2015	0	20
0.0	4	23	2015	2015	0	19
0.0	5	23	2015	2015	0	18
0.0	6	23	2015	2015	0	17
0.2222222222222222	7	23	2015	2015	0	16
0.2222222222222222	8	23	2015	2015	0	15
0.0	9	23	2015	2015	0	14
0.2222222222222222	10	23	2015	2015	0	13
0.0	11	23	2015	2015	0	12
0.0	12	23	2015	2015	0	11
0.0	13	23	2015	2015	0	10
0.2222222222222222	14	23	2015	2015	0	9
0.1111111111111111	15	23	2015	2015	0	8
0.0	16	23	2015	2015	0	7
0.0	17	23	2015	2015	0	6
0.0	18	23	2015	2015	0	5
0.0	19	23	2015	2015	0	4
0.0	20	23	2015	2015	0	3
0.0	21	23	2015	2015	0	2
0.0	22	23	2015	2015	0	1
0.0	23	23	2015	2015	0	0
0.0	24	23	2015	2015	0	-1
0.0	25	23	2015	2015	0	-2
0.0	26	23	2015	2015	0	-3
0.0	27	23	2015	2015	0	-4
0.0	28	23	2015	2015	0	-5
0.0	29	23	2015	2015	0	-6
0.0	0	23	2016	2015	-1	23
0.0	1	23	2016	2015	-1	22
0.0	2	23	2016	2015	-1	21
0.0	3	23	2016	2015	-1	20
0.0	4	23	2016	2015	-1	19
0.0	5	23	2016	2015	-1	18
0.0	6	23	2016	2015	-1	17
0.125	7	23	2016	2015	-1	16
0.0	8	23	2016	2015	-1	15
0.0	9	23	2016	2015	-1	14
0.125	10	23	2016	2015	-1	13
0.0	11	23	2016	2015	-1	12
0.0	12	23	2016	2015	-1	11
0.0	13	23	2016	2015	-1	10
0.25	14	23	2016	2015	-1	9
0.375	15	23	2016	2015	-1	8
0.125	16	23	2016	2015	-1	7
0.0	17	23	2016	2015	-1	6
0.0	18	23	2016	2015	-1	5
0.0	19	23	2016	2015	-1	4
0.0	20	23	2016	2015	-1	3
0.0	21	23	2016	2015	-1	2
0.0	22	23	2016	2015	-1	1
0.0	23	23	2016	2015	-1	0
0.0	24	23	2016	2015	-1	-1
0.0	25	23	2016	2015	-1	-2
0.0	26	23	2016	2015	-1	-3
0.0	27	23	2016	2015	-1	-4
0.0	28	23	2016	2015	-1	-5
0.0	29	23	2016	2015	-1	-6
0.0	0	23	2017	2015	-2	23
0.0	1	23	2017	2015	-2	22
0.0	2	23	2017	2015	-2	21
0.0	3	23	2017	2015	-2	20
0.0	4	23	2017	2015	-2	19
0.0	5	23	2017	2015	-2	18
0.0	6	23	2017	2015	-2	17
0.0	7	23	2017	2015	-2	16
0.0	8	23	2017	2015	-2	15
0.4166666666666667	9	23	2017	2015	-2	14
0.0	10	23	2017	2015	-2	13
0.08333333333333333	11	23	2017	2015	-2	12
0.0	12	23	2017	2015	-2	11
0.0	13	23	2017	2015	-2	10
0.16666666666666666	14	23	2017	2015	-2	9
0.25	15	23	2017	2015	-2	8
0.08333333333333333	16	23	2017	2015	-2	7
0.0	17	23	2017	2015	-2	6
0.0	18	23	2017	2015	-2	5
0.0	19	23	2017	2015	-2	4
0.0	20	23	2017	2015	-2	3
0.0	21	23	2017	2015	-2	2
0.0	22	23	2017	2015	-2	1
0.0	23	23	2017	2015	-2	0
0.0	24	23	2017	2015	-2	-1
0.0	25	23	2017	2015	-2	-2
0.0	26	23	2017	2015	-2	-3
0.0	27	23	2017	2015	-2	-4
0.0	28	23	2017	2015	-2	-5
0.0	29	23	2017	2015	-2	-6
0.015384615384615385	0	23	2018	2015	-3	23
0.0	1	23	2018	2015	-3	22
0.0	2	23	2018	2015	-3	21
0.005128205128205128	3	23	2018	2015	-3	20
0.010256410256410256	4	23	2018	2015	-3	19
0.005128205128205128	5	23	2018	2015	-3	18
0.0	6	23	2018	2015	-3	17
0.020512820512820513	7	23	2018	2015	-3	16
0.041025641025641026	8	23	2018	2015	-3	15
0.1641025641025641	9	23	2018	2015	-3	14
0.06666666666666667	10	23	2018	2015	-3	13
0.11282051282051282	11	23	2018	2015	-3	12
0.005128205128205128	12	23	2018	2015	-3	11
0.0	13	23	2018	2015	-3	10
0.15897435897435896	14	23	2018	2015	-3	9
0.2512820512820513	15	23	2018	2015	-3	8
0.11282051282051282	16	23	2018	2015	-3	7
0.005128205128205128	17	23	2018	2015	-3	6
0.0	18	23	2018	2015	-3	5
0.020512820512820513	19	23	2018	2015	-3	4
0.0	20	23	2018	2015	-3	3
0.005128205128205128	21	23	2018	2015	-3	2
0.0	22	23	2018	2015	-3	1
0.0	23	23	2018	2015	-3	0
0.0	24	23	2018	2015	-3	-1
0.0	25	23	2018	2015	-3	-2
0.0	26	23	2018	2015	-3	-3
0.0	27	23	2018	2015	-3	-4
0.0	28	23	2018	2015	-3	-5
0.0	29	23	2018	2015	-3	-6
0.0	0	23	2019	2015	-4	23
0.0	1	23	2019	2015	-4	22
0.0	2	23	2019	2015	-4	21
0.0	3	23	2019	2015	-4	20
0.0	4	23	2019	2015	-4	19
0.012345679012345678	5	23	2019	2015	-4	18
0.0	6	23	2019	2015	-4	17
0.024691358024691357	7	23	2019	2015	-4	16
0.012345679012345678	8	23	2019	2015	-4	15
0.13580246913580246	9	23	2019	2015	-4	14
0.0	10	23	2019	2015	-4	13
0.037037037037037035	11	23	2019	2015	-4	12
0.0	12	23	2019	2015	-4	11
0.037037037037037035	13	23	2019	2015	-4	10
0.1728395061728395	14	23	2019	2015	-4	9
0.13580246913580246	15	23	2019	2015	-4	8
0.25925925925925924	16	23	2019	2015	-4	7
0.04938271604938271	17	23	2019	2015	-4	6
0.012345679012345678	18	23	2019	2015	-4	5
0.037037037037037035	19	23	2019	2015	-4	4
0.0	20	23	2019	2015	-4	3
0.04938271604938271	21	23	2019	2015	-4	2
0.012345679012345678	22	23	2019	2015	-4	1
0.012345679012345678	23	23	2019	2015	-4	0
0.0	24	23	2019	2015	-4	-1
0.0	25	23	2019	2015	-4	-2
0.0	26	23	2019	2015	-4	-3
0.0	27	23	2019	2015	-4	-4
0.0	28	23	2019	2015	-4	-5
0.0	29	23	2019	2015	-4	-6
0.0034602076124567475	0	23	2020	2015	-5	23
0.0	1	23	2020	2015	-5	22
0.0	2	23	2020	2015	-5	21
0.0	3	23	2020	2015	-5	20
0.0034602076124567475	4	23	2020	2015	-5	19
0.010380622837370242	5	23	2020	2015	-5	18
0.0	6	23	2020	2015	-5	17
0.10034602076124567	7	23	2020	2015	-5	16
0.020761245674740483	8	23	2020	2015	-5	15
0.05536332179930796	9	23	2020	2015	-5	14
0.02422145328719723	10	23	2020	2015	-5	13
0.010380622837370242	11	23	2020	2015	-5	12
0.010380622837370242	12	23	2020	2015	-5	11
0.0	13	23	2020	2015	-5	10
0.2179930795847751	14	23	2020	2015	-5	9
0.23529411764705882	15	23	2020	2015	-5	8
0.20761245674740483	16	23	2020	2015	-5	7
0.04152249134948097	17	23	2020	2015	-5	6
0.006920415224913495	18	23	2020	2015	-5	5
0.01384083044982699	19	23	2020	2015	-5	4
0.0	20	23	2020	2015	-5	3
0.02768166089965398	21	23	2020	2015	-5	2
0.0	22	23	2020	2015	-5	1
0.0034602076124567475	23	23	2020	2015	-5	0
0.006920415224913495	24	23	2020	2015	-5	-1
0.0	25	23	2020	2015	-5	-2
0.0	26	23	2020	2015	-5	-3
0.0	27	23	2020	2015	-5	-4
0.0	28	23	2020	2015	-5	-5
0.0	29	23	2020	2015	-5	-6
0.0	0	23	2021	2015	-6	23
0.0	1	23	2021	2015	-6	22
0.0	2	23	2021	2015	-6	21
0.0	3	23	2021	2015	-6	20
0.0	4	23	2021	2015	-6	19
0.0	5	23	2021	2015	-6	18
0.0	6	23	2021	2015	-6	17
0.0	7	23	2021	2015	-6	16
0.0	8	23	2021	2015	-6	15
0.0	9	23	2021	2015	-6	14
0.0	10	23	2021	2015	-6	13
0.0	11	23	2021	2015	-6	12
0.0	12	23	2021	2015	-6	11
0.0	13	23	2021	2015	-6	10
0.5	14	23	2021	2015	-6	9
0.0	15	23	2021	2015	-6	8
0.3333333333333333	16	23	2021	2015	-6	7
0.16666666666666666	17	23	2021	2015	-6	6
0.0	18	23	2021	2015	-6	5
0.0	19	23	2021	2015	-6	4
0.0	20	23	2021	2015	-6	3
0.0	21	23	2021	2015	-6	2
0.0	22	23	2021	2015	-6	1
0.0	23	23	2021	2015	-6	0
0.0	24	23	2021	2015	-6	-1
0.0	25	23	2021	2015	-6	-2
0.0	26	23	2021	2015	-6	-3
0.0	27	23	2021	2015	-6	-4
0.0	28	23	2021	2015	-6	-5
0.0	29	23	2021	2015	-6	-6
0.009345794392523364	0	24	2010	2016	6	24
0.018691588785046728	1	24	2010	2016	6	23
0.028037383177570093	2	24	2010	2016	6	22
0.5607476635514018	3	24	2010	2016	6	21
0.19626168224299065	4	24	2010	2016	6	20
0.06542056074766354	5	24	2010	2016	6	19
0.018691588785046728	6	24	2010	2016	6	18
0.08411214953271028	7	24	2010	2016	6	17
0.009345794392523364	8	24	2010	2016	6	16
0.0	9	24	2010	2016	6	15
0.0	10	24	2010	2016	6	14
0.0	11	24	2010	2016	6	13
0.0	12	24	2010	2016	6	12
0.0	13	24	2010	2016	6	11
0.0	14	24	2010	2016	6	10
0.0	15	24	2010	2016	6	9
0.0	16	24	2010	2016	6	8
0.0	17	24	2010	2016	6	7
0.0	18	24	2010	2016	6	6
0.0	19	24	2010	2016	6	5
0.0	20	24	2010	2016	6	4
0.0	21	24	2010	2016	6	3
0.0	22	24	2010	2016	6	2
0.0	23	24	2010	2016	6	1
0.009345794392523364	24	24	2010	2016	6	0
0.0	25	24	2010	2016	6	-1
0.0	26	24	2010	2016	6	-2
0.0	27	24	2010	2016	6	-3
0.0	28	24	2010	2016	6	-4
0.0	29	24	2010	2016	6	-5
0.015552099533437015	0	24	2011	2016	5	24
0.00933125972006221	1	24	2011	2016	5	23
0.012441679626749611	2	24	2011	2016	5	22
0.2115085536547434	3	24	2011	2016	5	21
0.28615863141524106	4	24	2011	2016	5	20
0.041990668740279936	5	24	2011	2016	5	19
0.01088646967340591	6	24	2011	2016	5	18
0.28771384136858474	7	24	2011	2016	5	17
0.1057542768273717	8	24	2011	2016	5	16
0.004665629860031105	9	24	2011	2016	5	15
0.007776049766718507	10	24	2011	2016	5	14
0.0015552099533437014	11	24	2011	2016	5	13
0.0015552099533437014	12	24	2011	2016	5	12
0.0	13	24	2011	2016	5	11
0.003110419906687403	14	24	2011	2016	5	10
0.0	15	24	2011	2016	5	9
0.0	16	24	2011	2016	5	8
0.0	17	24	2011	2016	5	7
0.0	18	24	2011	2016	5	6
0.0	19	24	2011	2016	5	5
0.0	20	24	2011	2016	5	4
0.0	21	24	2011	2016	5	3
0.0	22	24	2011	2016	5	2
0.0	23	24	2011	2016	5	1
0.0	24	24	2011	2016	5	0
0.0	25	24	2011	2016	5	-1
0.0	26	24	2011	2016	5	-2
0.0	27	24	2011	2016	5	-3
0.0	28	24	2011	2016	5	-4
0.0	29	24	2011	2016	5	-5
0.0	0	24	2012	2016	4	24
0.0	1	24	2012	2016	4	23
0.0	2	24	2012	2016	4	22
0.09803921568627451	3	24	2012	2016	4	21
0.13725490196078433	4	24	2012	2016	4	20
0.09803921568627451	5	24	2012	2016	4	19
0.0	6	24	2012	2016	4	18
0.27450980392156865	7	24	2012	2016	4	17
0.35294117647058826	8	24	2012	2016	4	16
0.0	9	24	2012	2016	4	15
0.0	10	24	2012	2016	4	14
0.0196078431372549	11	24	2012	2016	4	13
0.0	12	24	2012	2016	4	12
0.0	13	24	2012	2016	4	11
0.0196078431372549	14	24	2012	2016	4	10
0.0	15	24	2012	2016	4	9
0.0	16	24	2012	2016	4	8
0.0	17	24	2012	2016	4	7
0.0	18	24	2012	2016	4	6
0.0	19	24	2012	2016	4	5
0.0	20	24	2012	2016	4	4
0.0	21	24	2012	2016	4	3
0.0	22	24	2012	2016	4	2
0.0	23	24	2012	2016	4	1
0.0	24	24	2012	2016	4	0
0.0	25	24	2012	2016	4	-1
0.0	26	24	2012	2016	4	-2
0.0	27	24	2012	2016	4	-3
0.0	28	24	2012	2016	4	-4
0.0	29	24	2012	2016	4	-5
0.0	0	24	2013	2016	3	24
0.0	1	24	2013	2016	3	23
0.0	2	24	2013	2016	3	22
0.0	3	24	2013	2016	3	21
0.06060606060606061	4	24	2013	2016	3	20
0.0	5	24	2013	2016	3	19
0.0	6	24	2013	2016	3	18
0.2727272727272727	7	24	2013	2016	3	17
0.3939393939393939	8	24	2013	2016	3	16
0.06060606060606061	9	24	2013	2016	3	15
0.09090909090909091	10	24	2013	2016	3	14
0.06060606060606061	11	24	2013	2016	3	13
0.0	12	24	2013	2016	3	12
0.0	13	24	2013	2016	3	11
0.06060606060606061	14	24	2013	2016	3	10
0.0	15	24	2013	2016	3	9
0.0	16	24	2013	2016	3	8
0.0	17	24	2013	2016	3	7
0.0	18	24	2013	2016	3	6
0.0	19	24	2013	2016	3	5
0.0	20	24	2013	2016	3	4
0.0	21	24	2013	2016	3	3
0.0	22	24	2013	2016	3	2
0.0	23	24	2013	2016	3	1
0.0	24	24	2013	2016	3	0
0.0	25	24	2013	2016	3	-1
0.0	26	24	2013	2016	3	-2
0.0	27	24	2013	2016	3	-3
0.0	28	24	2013	2016	3	-4
0.0	29	24	2013	2016	3	-5
0.0	0	24	2014	2016	2	24
0.007142857142857143	1	24	2014	2016	2	23
0.0	2	24	2014	2016	2	22
0.014285714285714285	3	24	2014	2016	2	21
0.05714285714285714	4	24	2014	2016	2	20
0.02142857142857143	5	24	2014	2016	2	19
0.0	6	24	2014	2016	2	18
0.1357142857142857	7	24	2014	2016	2	17
0.35	8	24	2014	2016	2	16
0.1	9	24	2014	2016	2	15
0.14285714285714285	10	24	2014	2016	2	14
0.05	11	24	2014	2016	2	13
0.007142857142857143	12	24	2014	2016	2	12
0.0	13	24	2014	2016	2	11
0.07142857142857142	14	24	2014	2016	2	10
0.03571428571428571	15	24	2014	2016	2	9
0.007142857142857143	16	24	2014	2016	2	8
0.0	17	24	2014	2016	2	7
0.0	18	24	2014	2016	2	6
0.0	19	24	2014	2016	2	5
0.0	20	24	2014	2016	2	4
0.0	21	24	2014	2016	2	3
0.0	22	24	2014	2016	2	2
0.0	23	24	2014	2016	2	1
0.0	24	24	2014	2016	2	0
0.0	25	24	2014	2016	2	-1
0.0	26	24	2014	2016	2	-2
0.0	27	24	2014	2016	2	-3
0.0	28	24	2014	2016	2	-4
0.0	29	24	2014	2016	2	-5
0.0	0	24	2015	2016	1	24
0.0	1	24	2015	2016	1	23
0.0	2	24	2015	2016	1	22
0.0	3	24	2015	2016	1	21
0.0	4	24	2015	2016	1	20
0.0	5	24	2015	2016	1	19
0.0	6	24	2015	2016	1	18
0.2222222222222222	7	24	2015	2016	1	17
0.2222222222222222	8	24	2015	2016	1	16
0.0	9	24	2015	2016	1	15
0.2222222222222222	10	24	2015	2016	1	14
0.0	11	24	2015	2016	1	13
0.0	12	24	2015	2016	1	12
0.0	13	24	2015	2016	1	11
0.2222222222222222	14	24	2015	2016	1	10
0.1111111111111111	15	24	2015	2016	1	9
0.0	16	24	2015	2016	1	8
0.0	17	24	2015	2016	1	7
0.0	18	24	2015	2016	1	6
0.0	19	24	2015	2016	1	5
0.0	20	24	2015	2016	1	4
0.0	21	24	2015	2016	1	3
0.0	22	24	2015	2016	1	2
0.0	23	24	2015	2016	1	1
0.0	24	24	2015	2016	1	0
0.0	25	24	2015	2016	1	-1
0.0	26	24	2015	2016	1	-2
0.0	27	24	2015	2016	1	-3
0.0	28	24	2015	2016	1	-4
0.0	29	24	2015	2016	1	-5
0.0	0	24	2016	2016	0	24
0.0	1	24	2016	2016	0	23
0.0	2	24	2016	2016	0	22
0.0	3	24	2016	2016	0	21
0.0	4	24	2016	2016	0	20
0.0	5	24	2016	2016	0	19
0.0	6	24	2016	2016	0	18
0.125	7	24	2016	2016	0	17
0.0	8	24	2016	2016	0	16
0.0	9	24	2016	2016	0	15
0.125	10	24	2016	2016	0	14
0.0	11	24	2016	2016	0	13
0.0	12	24	2016	2016	0	12
0.0	13	24	2016	2016	0	11
0.25	14	24	2016	2016	0	10
0.375	15	24	2016	2016	0	9
0.125	16	24	2016	2016	0	8
0.0	17	24	2016	2016	0	7
0.0	18	24	2016	2016	0	6
0.0	19	24	2016	2016	0	5
0.0	20	24	2016	2016	0	4
0.0	21	24	2016	2016	0	3
0.0	22	24	2016	2016	0	2
0.0	23	24	2016	2016	0	1
0.0	24	24	2016	2016	0	0
0.0	25	24	2016	2016	0	-1
0.0	26	24	2016	2016	0	-2
0.0	27	24	2016	2016	0	-3
0.0	28	24	2016	2016	0	-4
0.0	29	24	2016	2016	0	-5
0.0	0	24	2017	2016	-1	24
0.0	1	24	2017	2016	-1	23
0.0	2	24	2017	2016	-1	22
0.0	3	24	2017	2016	-1	21
0.0	4	24	2017	2016	-1	20
0.0	5	24	2017	2016	-1	19
0.0	6	24	2017	2016	-1	18
0.0	7	24	2017	2016	-1	17
0.0	8	24	2017	2016	-1	16
0.4166666666666667	9	24	2017	2016	-1	15
0.0	10	24	2017	2016	-1	14
0.08333333333333333	11	24	2017	2016	-1	13
0.0	12	24	2017	2016	-1	12
0.0	13	24	2017	2016	-1	11
0.16666666666666666	14	24	2017	2016	-1	10
0.25	15	24	2017	2016	-1	9
0.08333333333333333	16	24	2017	2016	-1	8
0.0	17	24	2017	2016	-1	7
0.0	18	24	2017	2016	-1	6
0.0	19	24	2017	2016	-1	5
0.0	20	24	2017	2016	-1	4
0.0	21	24	2017	2016	-1	3
0.0	22	24	2017	2016	-1	2
0.0	23	24	2017	2016	-1	1
0.0	24	24	2017	2016	-1	0
0.0	25	24	2017	2016	-1	-1
0.0	26	24	2017	2016	-1	-2
0.0	27	24	2017	2016	-1	-3
0.0	28	24	2017	2016	-1	-4
0.0	29	24	2017	2016	-1	-5
0.015384615384615385	0	24	2018	2016	-2	24
0.0	1	24	2018	2016	-2	23
0.0	2	24	2018	2016	-2	22
0.005128205128205128	3	24	2018	2016	-2	21
0.010256410256410256	4	24	2018	2016	-2	20
0.005128205128205128	5	24	2018	2016	-2	19
0.0	6	24	2018	2016	-2	18
0.020512820512820513	7	24	2018	2016	-2	17
0.041025641025641026	8	24	2018	2016	-2	16
0.1641025641025641	9	24	2018	2016	-2	15
0.06666666666666667	10	24	2018	2016	-2	14
0.11282051282051282	11	24	2018	2016	-2	13
0.005128205128205128	12	24	2018	2016	-2	12
0.0	13	24	2018	2016	-2	11
0.15897435897435896	14	24	2018	2016	-2	10
0.2512820512820513	15	24	2018	2016	-2	9
0.11282051282051282	16	24	2018	2016	-2	8
0.005128205128205128	17	24	2018	2016	-2	7
0.0	18	24	2018	2016	-2	6
0.020512820512820513	19	24	2018	2016	-2	5
0.0	20	24	2018	2016	-2	4
0.005128205128205128	21	24	2018	2016	-2	3
0.0	22	24	2018	2016	-2	2
0.0	23	24	2018	2016	-2	1
0.0	24	24	2018	2016	-2	0
0.0	25	24	2018	2016	-2	-1
0.0	26	24	2018	2016	-2	-2
0.0	27	24	2018	2016	-2	-3
0.0	28	24	2018	2016	-2	-4
0.0	29	24	2018	2016	-2	-5
0.0	0	24	2019	2016	-3	24
0.0	1	24	2019	2016	-3	23
0.0	2	24	2019	2016	-3	22
0.0	3	24	2019	2016	-3	21
0.0	4	24	2019	2016	-3	20
0.012345679012345678	5	24	2019	2016	-3	19
0.0	6	24	2019	2016	-3	18
0.024691358024691357	7	24	2019	2016	-3	17
0.012345679012345678	8	24	2019	2016	-3	16
0.13580246913580246	9	24	2019	2016	-3	15
0.0	10	24	2019	2016	-3	14
0.037037037037037035	11	24	2019	2016	-3	13
0.0	12	24	2019	2016	-3	12
0.037037037037037035	13	24	2019	2016	-3	11
0.1728395061728395	14	24	2019	2016	-3	10
0.13580246913580246	15	24	2019	2016	-3	9
0.25925925925925924	16	24	2019	2016	-3	8
0.04938271604938271	17	24	2019	2016	-3	7
0.012345679012345678	18	24	2019	2016	-3	6
0.037037037037037035	19	24	2019	2016	-3	5
0.0	20	24	2019	2016	-3	4
0.04938271604938271	21	24	2019	2016	-3	3
0.012345679012345678	22	24	2019	2016	-3	2
0.012345679012345678	23	24	2019	2016	-3	1
0.0	24	24	2019	2016	-3	0
0.0	25	24	2019	2016	-3	-1
0.0	26	24	2019	2016	-3	-2
0.0	27	24	2019	2016	-3	-3
0.0	28	24	2019	2016	-3	-4
0.0	29	24	2019	2016	-3	-5
0.0034602076124567475	0	24	2020	2016	-4	24
0.0	1	24	2020	2016	-4	23
0.0	2	24	2020	2016	-4	22
0.0	3	24	2020	2016	-4	21
0.0034602076124567475	4	24	2020	2016	-4	20
0.010380622837370242	5	24	2020	2016	-4	19
0.0	6	24	2020	2016	-4	18
0.10034602076124567	7	24	2020	2016	-4	17
0.020761245674740483	8	24	2020	2016	-4	16
0.05536332179930796	9	24	2020	2016	-4	15
0.02422145328719723	10	24	2020	2016	-4	14
0.010380622837370242	11	24	2020	2016	-4	13
0.010380622837370242	12	24	2020	2016	-4	12
0.0	13	24	2020	2016	-4	11
0.2179930795847751	14	24	2020	2016	-4	10
0.23529411764705882	15	24	2020	2016	-4	9
0.20761245674740483	16	24	2020	2016	-4	8
0.04152249134948097	17	24	2020	2016	-4	7
0.006920415224913495	18	24	2020	2016	-4	6
0.01384083044982699	19	24	2020	2016	-4	5
0.0	20	24	2020	2016	-4	4
0.02768166089965398	21	24	2020	2016	-4	3
0.0	22	24	2020	2016	-4	2
0.0034602076124567475	23	24	2020	2016	-4	1
0.006920415224913495	24	24	2020	2016	-4	0
0.0	25	24	2020	2016	-4	-1
0.0	26	24	2020	2016	-4	-2
0.0	27	24	2020	2016	-4	-3
0.0	28	24	2020	2016	-4	-4
0.0	29	24	2020	2016	-4	-5
0.0	0	24	2021	2016	-5	24
0.0	1	24	2021	2016	-5	23
0.0	2	24	2021	2016	-5	22
0.0	3	24	2021	2016	-5	21
0.0	4	24	2021	2016	-5	20
0.0	5	24	2021	2016	-5	19
0.0	6	24	2021	2016	-5	18
0.0	7	24	2021	2016	-5	17
0.0	8	24	2021	2016	-5	16
0.0	9	24	2021	2016	-5	15
0.0	10	24	2021	2016	-5	14
0.0	11	24	2021	2016	-5	13
0.0	12	24	2021	2016	-5	12
0.0	13	24	2021	2016	-5	11
0.5	14	24	2021	2016	-5	10
0.0	15	24	2021	2016	-5	9
0.3333333333333333	16	24	2021	2016	-5	8
0.16666666666666666	17	24	2021	2016	-5	7
0.0	18	24	2021	2016	-5	6
0.0	19	24	2021	2016	-5	5
0.0	20	24	2021	2016	-5	4
0.0	21	24	2021	2016	-5	3
0.0	22	24	2021	2016	-5	2
0.0	23	24	2021	2016	-5	1
0.0	24	24	2021	2016	-5	0
0.0	25	24	2021	2016	-5	-1
0.0	26	24	2021	2016	-5	-2
0.0	27	24	2021	2016	-5	-3
0.0	28	24	2021	2016	-5	-4
0.0	29	24	2021	2016	-5	-5
0.009345794392523364	0	25	2010	2016	6	25
0.018691588785046728	1	25	2010	2016	6	24
0.028037383177570093	2	25	2010	2016	6	23
0.5607476635514018	3	25	2010	2016	6	22
0.19626168224299065	4	25	2010	2016	6	21
0.06542056074766354	5	25	2010	2016	6	20
0.018691588785046728	6	25	2010	2016	6	19
0.08411214953271028	7	25	2010	2016	6	18
0.009345794392523364	8	25	2010	2016	6	17
0.0	9	25	2010	2016	6	16
0.0	10	25	2010	2016	6	15
0.0	11	25	2010	2016	6	14
0.0	12	25	2010	2016	6	13
0.0	13	25	2010	2016	6	12
0.0	14	25	2010	2016	6	11
0.0	15	25	2010	2016	6	10
0.0	16	25	2010	2016	6	9
0.0	17	25	2010	2016	6	8
0.0	18	25	2010	2016	6	7
0.0	19	25	2010	2016	6	6
0.0	20	25	2010	2016	6	5
0.0	21	25	2010	2016	6	4
0.0	22	25	2010	2016	6	3
0.0	23	25	2010	2016	6	2
0.009345794392523364	24	25	2010	2016	6	1
0.0	25	25	2010	2016	6	0
0.0	26	25	2010	2016	6	-1
0.0	27	25	2010	2016	6	-2
0.0	28	25	2010	2016	6	-3
0.0	29	25	2010	2016	6	-4
0.015552099533437015	0	25	2011	2016	5	25
0.00933125972006221	1	25	2011	2016	5	24
0.012441679626749611	2	25	2011	2016	5	23
0.2115085536547434	3	25	2011	2016	5	22
0.28615863141524106	4	25	2011	2016	5	21
0.041990668740279936	5	25	2011	2016	5	20
0.01088646967340591	6	25	2011	2016	5	19
0.28771384136858474	7	25	2011	2016	5	18
0.1057542768273717	8	25	2011	2016	5	17
0.004665629860031105	9	25	2011	2016	5	16
0.007776049766718507	10	25	2011	2016	5	15
0.0015552099533437014	11	25	2011	2016	5	14
0.0015552099533437014	12	25	2011	2016	5	13
0.0	13	25	2011	2016	5	12
0.003110419906687403	14	25	2011	2016	5	11
0.0	15	25	2011	2016	5	10
0.0	16	25	2011	2016	5	9
0.0	17	25	2011	2016	5	8
0.0	18	25	2011	2016	5	7
0.0	19	25	2011	2016	5	6
0.0	20	25	2011	2016	5	5
0.0	21	25	2011	2016	5	4
0.0	22	25	2011	2016	5	3
0.0	23	25	2011	2016	5	2
0.0	24	25	2011	2016	5	1
0.0	25	25	2011	2016	5	0
0.0	26	25	2011	2016	5	-1
0.0	27	25	2011	2016	5	-2
0.0	28	25	2011	2016	5	-3
0.0	29	25	2011	2016	5	-4
0.0	0	25	2012	2016	4	25
0.0	1	25	2012	2016	4	24
0.0	2	25	2012	2016	4	23
0.09803921568627451	3	25	2012	2016	4	22
0.13725490196078433	4	25	2012	2016	4	21
0.09803921568627451	5	25	2012	2016	4	20
0.0	6	25	2012	2016	4	19
0.27450980392156865	7	25	2012	2016	4	18
0.35294117647058826	8	25	2012	2016	4	17
0.0	9	25	2012	2016	4	16
0.0	10	25	2012	2016	4	15
0.0196078431372549	11	25	2012	2016	4	14
0.0	12	25	2012	2016	4	13
0.0	13	25	2012	2016	4	12
0.0196078431372549	14	25	2012	2016	4	11
0.0	15	25	2012	2016	4	10
0.0	16	25	2012	2016	4	9
0.0	17	25	2012	2016	4	8
0.0	18	25	2012	2016	4	7
0.0	19	25	2012	2016	4	6
0.0	20	25	2012	2016	4	5
0.0	21	25	2012	2016	4	4
0.0	22	25	2012	2016	4	3
0.0	23	25	2012	2016	4	2
0.0	24	25	2012	2016	4	1
0.0	25	25	2012	2016	4	0
0.0	26	25	2012	2016	4	-1
0.0	27	25	2012	2016	4	-2
0.0	28	25	2012	2016	4	-3
0.0	29	25	2012	2016	4	-4
0.0	0	25	2013	2016	3	25
0.0	1	25	2013	2016	3	24
0.0	2	25	2013	2016	3	23
0.0	3	25	2013	2016	3	22
0.06060606060606061	4	25	2013	2016	3	21
0.0	5	25	2013	2016	3	20
0.0	6	25	2013	2016	3	19
0.2727272727272727	7	25	2013	2016	3	18
0.3939393939393939	8	25	2013	2016	3	17
0.06060606060606061	9	25	2013	2016	3	16
0.09090909090909091	10	25	2013	2016	3	15
0.06060606060606061	11	25	2013	2016	3	14
0.0	12	25	2013	2016	3	13
0.0	13	25	2013	2016	3	12
0.06060606060606061	14	25	2013	2016	3	11
0.0	15	25	2013	2016	3	10
0.0	16	25	2013	2016	3	9
0.0	17	25	2013	2016	3	8
0.0	18	25	2013	2016	3	7
0.0	19	25	2013	2016	3	6
0.0	20	25	2013	2016	3	5
0.0	21	25	2013	2016	3	4
0.0	22	25	2013	2016	3	3
0.0	23	25	2013	2016	3	2
0.0	24	25	2013	2016	3	1
0.0	25	25	2013	2016	3	0
0.0	26	25	2013	2016	3	-1
0.0	27	25	2013	2016	3	-2
0.0	28	25	2013	2016	3	-3
0.0	29	25	2013	2016	3	-4
0.0	0	25	2014	2016	2	25
0.007142857142857143	1	25	2014	2016	2	24
0.0	2	25	2014	2016	2	23
0.014285714285714285	3	25	2014	2016	2	22
0.05714285714285714	4	25	2014	2016	2	21
0.02142857142857143	5	25	2014	2016	2	20
0.0	6	25	2014	2016	2	19
0.1357142857142857	7	25	2014	2016	2	18
0.35	8	25	2014	2016	2	17
0.1	9	25	2014	2016	2	16
0.14285714285714285	10	25	2014	2016	2	15
0.05	11	25	2014	2016	2	14
0.007142857142857143	12	25	2014	2016	2	13
0.0	13	25	2014	2016	2	12
0.07142857142857142	14	25	2014	2016	2	11
0.03571428571428571	15	25	2014	2016	2	10
0.007142857142857143	16	25	2014	2016	2	9
0.0	17	25	2014	2016	2	8
0.0	18	25	2014	2016	2	7
0.0	19	25	2014	2016	2	6
0.0	20	25	2014	2016	2	5
0.0	21	25	2014	2016	2	4
0.0	22	25	2014	2016	2	3
0.0	23	25	2014	2016	2	2
0.0	24	25	2014	2016	2	1
0.0	25	25	2014	2016	2	0
0.0	26	25	2014	2016	2	-1
0.0	27	25	2014	2016	2	-2
0.0	28	25	2014	2016	2	-3
0.0	29	25	2014	2016	2	-4
0.0	0	25	2015	2016	1	25
0.0	1	25	2015	2016	1	24
0.0	2	25	2015	2016	1	23
0.0	3	25	2015	2016	1	22
0.0	4	25	2015	2016	1	21
0.0	5	25	2015	2016	1	20
0.0	6	25	2015	2016	1	19
0.2222222222222222	7	25	2015	2016	1	18
0.2222222222222222	8	25	2015	2016	1	17
0.0	9	25	2015	2016	1	16
0.2222222222222222	10	25	2015	2016	1	15
0.0	11	25	2015	2016	1	14
0.0	12	25	2015	2016	1	13
0.0	13	25	2015	2016	1	12
0.2222222222222222	14	25	2015	2016	1	11
0.1111111111111111	15	25	2015	2016	1	10
0.0	16	25	2015	2016	1	9
0.0	17	25	2015	2016	1	8
0.0	18	25	2015	2016	1	7
0.0	19	25	2015	2016	1	6
0.0	20	25	2015	2016	1	5
0.0	21	25	2015	2016	1	4
0.0	22	25	2015	2016	1	3
0.0	23	25	2015	2016	1	2
0.0	24	25	2015	2016	1	1
0.0	25	25	2015	2016	1	0
0.0	26	25	2015	2016	1	-1
0.0	27	25	2015	2016	1	-2
0.0	28	25	2015	2016	1	-3
0.0	29	25	2015	2016	1	-4
0.0	0	25	2016	2016	0	25
0.0	1	25	2016	2016	0	24
0.0	2	25	2016	2016	0	23
0.0	3	25	2016	2016	0	22
0.0	4	25	2016	2016	0	21
0.0	5	25	2016	2016	0	20
0.0	6	25	2016	2016	0	19
0.125	7	25	2016	2016	0	18
0.0	8	25	2016	2016	0	17
0.0	9	25	2016	2016	0	16
0.125	10	25	2016	2016	0	15
0.0	11	25	2016	2016	0	14
0.0	12	25	2016	2016	0	13
0.0	13	25	2016	2016	0	12
0.25	14	25	2016	2016	0	11
0.375	15	25	2016	2016	0	10
0.125	16	25	2016	2016	0	9
0.0	17	25	2016	2016	0	8
0.0	18	25	2016	2016	0	7
0.0	19	25	2016	2016	0	6
0.0	20	25	2016	2016	0	5
0.0	21	25	2016	2016	0	4
0.0	22	25	2016	2016	0	3
0.0	23	25	2016	2016	0	2
0.0	24	25	2016	2016	0	1
0.0	25	25	2016	2016	0	0
0.0	26	25	2016	2016	0	-1
0.0	27	25	2016	2016	0	-2
0.0	28	25	2016	2016	0	-3
0.0	29	25	2016	2016	0	-4
0.0	0	25	2017	2016	-1	25
0.0	1	25	2017	2016	-1	24
0.0	2	25	2017	2016	-1	23
0.0	3	25	2017	2016	-1	22
0.0	4	25	2017	2016	-1	21
0.0	5	25	2017	2016	-1	20
0.0	6	25	2017	2016	-1	19
0.0	7	25	2017	2016	-1	18
0.0	8	25	2017	2016	-1	17
0.4166666666666667	9	25	2017	2016	-1	16
0.0	10	25	2017	2016	-1	15
0.08333333333333333	11	25	2017	2016	-1	14
0.0	12	25	2017	2016	-1	13
0.0	13	25	2017	2016	-1	12
0.16666666666666666	14	25	2017	2016	-1	11
0.25	15	25	2017	2016	-1	10
0.08333333333333333	16	25	2017	2016	-1	9
0.0	17	25	2017	2016	-1	8
0.0	18	25	2017	2016	-1	7
0.0	19	25	2017	2016	-1	6
0.0	20	25	2017	2016	-1	5
0.0	21	25	2017	2016	-1	4
0.0	22	25	2017	2016	-1	3
0.0	23	25	2017	2016	-1	2
0.0	24	25	2017	2016	-1	1
0.0	25	25	2017	2016	-1	0
0.0	26	25	2017	2016	-1	-1
0.0	27	25	2017	2016	-1	-2
0.0	28	25	2017	2016	-1	-3
0.0	29	25	2017	2016	-1	-4
0.015384615384615385	0	25	2018	2016	-2	25
0.0	1	25	2018	2016	-2	24
0.0	2	25	2018	2016	-2	23
0.005128205128205128	3	25	2018	2016	-2	22
0.010256410256410256	4	25	2018	2016	-2	21
0.005128205128205128	5	25	2018	2016	-2	20
0.0	6	25	2018	2016	-2	19
0.020512820512820513	7	25	2018	2016	-2	18
0.041025641025641026	8	25	2018	2016	-2	17
0.1641025641025641	9	25	2018	2016	-2	16
0.06666666666666667	10	25	2018	2016	-2	15
0.11282051282051282	11	25	2018	2016	-2	14
0.005128205128205128	12	25	2018	2016	-2	13
0.0	13	25	2018	2016	-2	12
0.15897435897435896	14	25	2018	2016	-2	11
0.2512820512820513	15	25	2018	2016	-2	10
0.11282051282051282	16	25	2018	2016	-2	9
0.005128205128205128	17	25	2018	2016	-2	8
0.0	18	25	2018	2016	-2	7
0.020512820512820513	19	25	2018	2016	-2	6
0.0	20	25	2018	2016	-2	5
0.005128205128205128	21	25	2018	2016	-2	4
0.0	22	25	2018	2016	-2	3
0.0	23	25	2018	2016	-2	2
0.0	24	25	2018	2016	-2	1
0.0	25	25	2018	2016	-2	0
0.0	26	25	2018	2016	-2	-1
0.0	27	25	2018	2016	-2	-2
0.0	28	25	2018	2016	-2	-3
0.0	29	25	2018	2016	-2	-4
0.0	0	25	2019	2016	-3	25
0.0	1	25	2019	2016	-3	24
0.0	2	25	2019	2016	-3	23
0.0	3	25	2019	2016	-3	22
0.0	4	25	2019	2016	-3	21
0.012345679012345678	5	25	2019	2016	-3	20
0.0	6	25	2019	2016	-3	19
0.024691358024691357	7	25	2019	2016	-3	18
0.012345679012345678	8	25	2019	2016	-3	17
0.13580246913580246	9	25	2019	2016	-3	16
0.0	10	25	2019	2016	-3	15
0.037037037037037035	11	25	2019	2016	-3	14
0.0	12	25	2019	2016	-3	13
0.037037037037037035	13	25	2019	2016	-3	12
0.1728395061728395	14	25	2019	2016	-3	11
0.13580246913580246	15	25	2019	2016	-3	10
0.25925925925925924	16	25	2019	2016	-3	9
0.04938271604938271	17	25	2019	2016	-3	8
0.012345679012345678	18	25	2019	2016	-3	7
0.037037037037037035	19	25	2019	2016	-3	6
0.0	20	25	2019	2016	-3	5
0.04938271604938271	21	25	2019	2016	-3	4
0.012345679012345678	22	25	2019	2016	-3	3
0.012345679012345678	23	25	2019	2016	-3	2
0.0	24	25	2019	2016	-3	1
0.0	25	25	2019	2016	-3	0
0.0	26	25	2019	2016	-3	-1
0.0	27	25	2019	2016	-3	-2
0.0	28	25	2019	2016	-3	-3
0.0	29	25	2019	2016	-3	-4
0.0034602076124567475	0	25	2020	2016	-4	25
0.0	1	25	2020	2016	-4	24
0.0	2	25	2020	2016	-4	23
0.0	3	25	2020	2016	-4	22
0.0034602076124567475	4	25	2020	2016	-4	21
0.010380622837370242	5	25	2020	2016	-4	20
0.0	6	25	2020	2016	-4	19
0.10034602076124567	7	25	2020	2016	-4	18
0.020761245674740483	8	25	2020	2016	-4	17
0.05536332179930796	9	25	2020	2016	-4	16
0.02422145328719723	10	25	2020	2016	-4	15
0.010380622837370242	11	25	2020	2016	-4	14
0.010380622837370242	12	25	2020	2016	-4	13
0.0	13	25	2020	2016	-4	12
0.2179930795847751	14	25	2020	2016	-4	11
0.23529411764705882	15	25	2020	2016	-4	10
0.20761245674740483	16	25	2020	2016	-4	9
0.04152249134948097	17	25	2020	2016	-4	8
0.006920415224913495	18	25	2020	2016	-4	7
0.01384083044982699	19	25	2020	2016	-4	6
0.0	20	25	2020	2016	-4	5
0.02768166089965398	21	25	2020	2016	-4	4
0.0	22	25	2020	2016	-4	3
0.0034602076124567475	23	25	2020	2016	-4	2
0.006920415224913495	24	25	2020	2016	-4	1
0.0	25	25	2020	2016	-4	0
0.0	26	25	2020	2016	-4	-1
0.0	27	25	2020	2016	-4	-2
0.0	28	25	2020	2016	-4	-3
0.0	29	25	2020	2016	-4	-4
0.0	0	25	2021	2016	-5	25
0.0	1	25	2021	2016	-5	24
0.0	2	25	2021	2016	-5	23
0.0	3	25	2021	2016	-5	22
0.0	4	25	2021	2016	-5	21
0.0	5	25	2021	2016	-5	20
0.0	6	25	2021	2016	-5	19
0.0	7	25	2021	2016	-5	18
0.0	8	25	2021	2016	-5	17
0.0	9	25	2021	2016	-5	16
0.0	10	25	2021	2016	-5	15
0.0	11	25	2021	2016	-5	14
0.0	12	25	2021	2016	-5	13
0.0	13	25	2021	2016	-5	12
0.5	14	25	2021	2016	-5	11
0.0	15	25	2021	2016	-5	10
0.3333333333333333	16	25	2021	2016	-5	9
0.16666666666666666	17	25	2021	2016	-5	8
0.0	18	25	2021	2016	-5	7
0.0	19	25	2021	2016	-5	6
0.0	20	25	2021	2016	-5	5
0.0	21	25	2021	2016	-5	4
0.0	22	25	2021	2016	-5	3
0.0	23	25	2021	2016	-5	2
0.0	24	25	2021	2016	-5	1
0.0	25	25	2021	2016	-5	0
0.0	26	25	2021	2016	-5	-1
0.0	27	25	2021	2016	-5	-2
0.0	28	25	2021	2016	-5	-3
0.0	29	25	2021	2016	-5	-4
0.009345794392523364	0	26	2010	2017	7	26
0.018691588785046728	1	26	2010	2017	7	25
0.028037383177570093	2	26	2010	2017	7	24
0.5607476635514018	3	26	2010	2017	7	23
0.19626168224299065	4	26	2010	2017	7	22
0.06542056074766354	5	26	2010	2017	7	21
0.018691588785046728	6	26	2010	2017	7	20
0.08411214953271028	7	26	2010	2017	7	19
0.009345794392523364	8	26	2010	2017	7	18
0.0	9	26	2010	2017	7	17
0.0	10	26	2010	2017	7	16
0.0	11	26	2010	2017	7	15
0.0	12	26	2010	2017	7	14
0.0	13	26	2010	2017	7	13
0.0	14	26	2010	2017	7	12
0.0	15	26	2010	2017	7	11
0.0	16	26	2010	2017	7	10
0.0	17	26	2010	2017	7	9
0.0	18	26	2010	2017	7	8
0.0	19	26	2010	2017	7	7
0.0	20	26	2010	2017	7	6
0.0	21	26	2010	2017	7	5
0.0	22	26	2010	2017	7	4
0.0	23	26	2010	2017	7	3
0.009345794392523364	24	26	2010	2017	7	2
0.0	25	26	2010	2017	7	1
0.0	26	26	2010	2017	7	0
0.0	27	26	2010	2017	7	-1
0.0	28	26	2010	2017	7	-2
0.0	29	26	2010	2017	7	-3
0.015552099533437015	0	26	2011	2017	6	26
0.00933125972006221	1	26	2011	2017	6	25
0.012441679626749611	2	26	2011	2017	6	24
0.2115085536547434	3	26	2011	2017	6	23
0.28615863141524106	4	26	2011	2017	6	22
0.041990668740279936	5	26	2011	2017	6	21
0.01088646967340591	6	26	2011	2017	6	20
0.28771384136858474	7	26	2011	2017	6	19
0.1057542768273717	8	26	2011	2017	6	18
0.004665629860031105	9	26	2011	2017	6	17
0.007776049766718507	10	26	2011	2017	6	16
0.0015552099533437014	11	26	2011	2017	6	15
0.0015552099533437014	12	26	2011	2017	6	14
0.0	13	26	2011	2017	6	13
0.003110419906687403	14	26	2011	2017	6	12
0.0	15	26	2011	2017	6	11
0.0	16	26	2011	2017	6	10
0.0	17	26	2011	2017	6	9
0.0	18	26	2011	2017	6	8
0.0	19	26	2011	2017	6	7
0.0	20	26	2011	2017	6	6
0.0	21	26	2011	2017	6	5
0.0	22	26	2011	2017	6	4
0.0	23	26	2011	2017	6	3
0.0	24	26	2011	2017	6	2
0.0	25	26	2011	2017	6	1
0.0	26	26	2011	2017	6	0
0.0	27	26	2011	2017	6	-1
0.0	28	26	2011	2017	6	-2
0.0	29	26	2011	2017	6	-3
0.0	0	26	2012	2017	5	26
0.0	1	26	2012	2017	5	25
0.0	2	26	2012	2017	5	24
0.09803921568627451	3	26	2012	2017	5	23
0.13725490196078433	4	26	2012	2017	5	22
0.09803921568627451	5	26	2012	2017	5	21
0.0	6	26	2012	2017	5	20
0.27450980392156865	7	26	2012	2017	5	19
0.35294117647058826	8	26	2012	2017	5	18
0.0	9	26	2012	2017	5	17
0.0	10	26	2012	2017	5	16
0.0196078431372549	11	26	2012	2017	5	15
0.0	12	26	2012	2017	5	14
0.0	13	26	2012	2017	5	13
0.0196078431372549	14	26	2012	2017	5	12
0.0	15	26	2012	2017	5	11
0.0	16	26	2012	2017	5	10
0.0	17	26	2012	2017	5	9
0.0	18	26	2012	2017	5	8
0.0	19	26	2012	2017	5	7
0.0	20	26	2012	2017	5	6
0.0	21	26	2012	2017	5	5
0.0	22	26	2012	2017	5	4
0.0	23	26	2012	2017	5	3
0.0	24	26	2012	2017	5	2
0.0	25	26	2012	2017	5	1
0.0	26	26	2012	2017	5	0
0.0	27	26	2012	2017	5	-1
0.0	28	26	2012	2017	5	-2
0.0	29	26	2012	2017	5	-3
0.0	0	26	2013	2017	4	26
0.0	1	26	2013	2017	4	25
0.0	2	26	2013	2017	4	24
0.0	3	26	2013	2017	4	23
0.06060606060606061	4	26	2013	2017	4	22
0.0	5	26	2013	2017	4	21
0.0	6	26	2013	2017	4	20
0.2727272727272727	7	26	2013	2017	4	19
0.3939393939393939	8	26	2013	2017	4	18
0.06060606060606061	9	26	2013	2017	4	17
0.09090909090909091	10	26	2013	2017	4	16
0.06060606060606061	11	26	2013	2017	4	15
0.0	12	26	2013	2017	4	14
0.0	13	26	2013	2017	4	13
0.06060606060606061	14	26	2013	2017	4	12
0.0	15	26	2013	2017	4	11
0.0	16	26	2013	2017	4	10
0.0	17	26	2013	2017	4	9
0.0	18	26	2013	2017	4	8
0.0	19	26	2013	2017	4	7
0.0	20	26	2013	2017	4	6
0.0	21	26	2013	2017	4	5
0.0	22	26	2013	2017	4	4
0.0	23	26	2013	2017	4	3
0.0	24	26	2013	2017	4	2
0.0	25	26	2013	2017	4	1
0.0	26	26	2013	2017	4	0
0.0	27	26	2013	2017	4	-1
0.0	28	26	2013	2017	4	-2
0.0	29	26	2013	2017	4	-3
0.0	0	26	2014	2017	3	26
0.007142857142857143	1	26	2014	2017	3	25
0.0	2	26	2014	2017	3	24
0.014285714285714285	3	26	2014	2017	3	23
0.05714285714285714	4	26	2014	2017	3	22
0.02142857142857143	5	26	2014	2017	3	21
0.0	6	26	2014	2017	3	20
0.1357142857142857	7	26	2014	2017	3	19
0.35	8	26	2014	2017	3	18
0.1	9	26	2014	2017	3	17
0.14285714285714285	10	26	2014	2017	3	16
0.05	11	26	2014	2017	3	15
0.007142857142857143	12	26	2014	2017	3	14
0.0	13	26	2014	2017	3	13
0.07142857142857142	14	26	2014	2017	3	12
0.03571428571428571	15	26	2014	2017	3	11
0.007142857142857143	16	26	2014	2017	3	10
0.0	17	26	2014	2017	3	9
0.0	18	26	2014	2017	3	8
0.0	19	26	2014	2017	3	7
0.0	20	26	2014	2017	3	6
0.0	21	26	2014	2017	3	5
0.0	22	26	2014	2017	3	4
0.0	23	26	2014	2017	3	3
0.0	24	26	2014	2017	3	2
0.0	25	26	2014	2017	3	1
0.0	26	26	2014	2017	3	0
0.0	27	26	2014	2017	3	-1
0.0	28	26	2014	2017	3	-2
0.0	29	26	2014	2017	3	-3
0.0	0	26	2015	2017	2	26
0.0	1	26	2015	2017	2	25
0.0	2	26	2015	2017	2	24
0.0	3	26	2015	2017	2	23
0.0	4	26	2015	2017	2	22
0.0	5	26	2015	2017	2	21
0.0	6	26	2015	2017	2	20
0.2222222222222222	7	26	2015	2017	2	19
0.2222222222222222	8	26	2015	2017	2	18
0.0	9	26	2015	2017	2	17
0.2222222222222222	10	26	2015	2017	2	16
0.0	11	26	2015	2017	2	15
0.0	12	26	2015	2017	2	14
0.0	13	26	2015	2017	2	13
0.2222222222222222	14	26	2015	2017	2	12
0.1111111111111111	15	26	2015	2017	2	11
0.0	16	26	2015	2017	2	10
0.0	17	26	2015	2017	2	9
0.0	18	26	2015	2017	2	8
0.0	19	26	2015	2017	2	7
0.0	20	26	2015	2017	2	6
0.0	21	26	2015	2017	2	5
0.0	22	26	2015	2017	2	4
0.0	23	26	2015	2017	2	3
0.0	24	26	2015	2017	2	2
0.0	25	26	2015	2017	2	1
0.0	26	26	2015	2017	2	0
0.0	27	26	2015	2017	2	-1
0.0	28	26	2015	2017	2	-2
0.0	29	26	2015	2017	2	-3
0.0	0	26	2016	2017	1	26
0.0	1	26	2016	2017	1	25
0.0	2	26	2016	2017	1	24
0.0	3	26	2016	2017	1	23
0.0	4	26	2016	2017	1	22
0.0	5	26	2016	2017	1	21
0.0	6	26	2016	2017	1	20
0.125	7	26	2016	2017	1	19
0.0	8	26	2016	2017	1	18
0.0	9	26	2016	2017	1	17
0.125	10	26	2016	2017	1	16
0.0	11	26	2016	2017	1	15
0.0	12	26	2016	2017	1	14
0.0	13	26	2016	2017	1	13
0.25	14	26	2016	2017	1	12
0.375	15	26	2016	2017	1	11
0.125	16	26	2016	2017	1	10
0.0	17	26	2016	2017	1	9
0.0	18	26	2016	2017	1	8
0.0	19	26	2016	2017	1	7
0.0	20	26	2016	2017	1	6
0.0	21	26	2016	2017	1	5
0.0	22	26	2016	2017	1	4
0.0	23	26	2016	2017	1	3
0.0	24	26	2016	2017	1	2
0.0	25	26	2016	2017	1	1
0.0	26	26	2016	2017	1	0
0.0	27	26	2016	2017	1	-1
0.0	28	26	2016	2017	1	-2
0.0	29	26	2016	2017	1	-3
0.0	0	26	2017	2017	0	26
0.0	1	26	2017	2017	0	25
0.0	2	26	2017	2017	0	24
0.0	3	26	2017	2017	0	23
0.0	4	26	2017	2017	0	22
0.0	5	26	2017	2017	0	21
0.0	6	26	2017	2017	0	20
0.0	7	26	2017	2017	0	19
0.0	8	26	2017	2017	0	18
0.4166666666666667	9	26	2017	2017	0	17
0.0	10	26	2017	2017	0	16
0.08333333333333333	11	26	2017	2017	0	15
0.0	12	26	2017	2017	0	14
0.0	13	26	2017	2017	0	13
0.16666666666666666	14	26	2017	2017	0	12
0.25	15	26	2017	2017	0	11
0.08333333333333333	16	26	2017	2017	0	10
0.0	17	26	2017	2017	0	9
0.0	18	26	2017	2017	0	8
0.0	19	26	2017	2017	0	7
0.0	20	26	2017	2017	0	6
0.0	21	26	2017	2017	0	5
0.0	22	26	2017	2017	0	4
0.0	23	26	2017	2017	0	3
0.0	24	26	2017	2017	0	2
0.0	25	26	2017	2017	0	1
0.0	26	26	2017	2017	0	0
0.0	27	26	2017	2017	0	-1
0.0	28	26	2017	2017	0	-2
0.0	29	26	2017	2017	0	-3
0.015384615384615385	0	26	2018	2017	-1	26
0.0	1	26	2018	2017	-1	25
0.0	2	26	2018	2017	-1	24
0.005128205128205128	3	26	2018	2017	-1	23
0.010256410256410256	4	26	2018	2017	-1	22
0.005128205128205128	5	26	2018	2017	-1	21
0.0	6	26	2018	2017	-1	20
0.020512820512820513	7	26	2018	2017	-1	19
0.041025641025641026	8	26	2018	2017	-1	18
0.1641025641025641	9	26	2018	2017	-1	17
0.06666666666666667	10	26	2018	2017	-1	16
0.11282051282051282	11	26	2018	2017	-1	15
0.005128205128205128	12	26	2018	2017	-1	14
0.0	13	26	2018	2017	-1	13
0.15897435897435896	14	26	2018	2017	-1	12
0.2512820512820513	15	26	2018	2017	-1	11
0.11282051282051282	16	26	2018	2017	-1	10
0.005128205128205128	17	26	2018	2017	-1	9
0.0	18	26	2018	2017	-1	8
0.020512820512820513	19	26	2018	2017	-1	7
0.0	20	26	2018	2017	-1	6
0.005128205128205128	21	26	2018	2017	-1	5
0.0	22	26	2018	2017	-1	4
0.0	23	26	2018	2017	-1	3
0.0	24	26	2018	2017	-1	2
0.0	25	26	2018	2017	-1	1
0.0	26	26	2018	2017	-1	0
0.0	27	26	2018	2017	-1	-1
0.0	28	26	2018	2017	-1	-2
0.0	29	26	2018	2017	-1	-3
0.0	0	26	2019	2017	-2	26
0.0	1	26	2019	2017	-2	25
0.0	2	26	2019	2017	-2	24
0.0	3	26	2019	2017	-2	23
0.0	4	26	2019	2017	-2	22
0.012345679012345678	5	26	2019	2017	-2	21
0.0	6	26	2019	2017	-2	20
0.024691358024691357	7	26	2019	2017	-2	19
0.012345679012345678	8	26	2019	2017	-2	18
0.13580246913580246	9	26	2019	2017	-2	17
0.0	10	26	2019	2017	-2	16
0.037037037037037035	11	26	2019	2017	-2	15
0.0	12	26	2019	2017	-2	14
0.037037037037037035	13	26	2019	2017	-2	13
0.1728395061728395	14	26	2019	2017	-2	12
0.13580246913580246	15	26	2019	2017	-2	11
0.25925925925925924	16	26	2019	2017	-2	10
0.04938271604938271	17	26	2019	2017	-2	9
0.012345679012345678	18	26	2019	2017	-2	8
0.037037037037037035	19	26	2019	2017	-2	7
0.0	20	26	2019	2017	-2	6
0.04938271604938271	21	26	2019	2017	-2	5
0.012345679012345678	22	26	2019	2017	-2	4
0.012345679012345678	23	26	2019	2017	-2	3
0.0	24	26	2019	2017	-2	2
0.0	25	26	2019	2017	-2	1
0.0	26	26	2019	2017	-2	0
0.0	27	26	2019	2017	-2	-1
0.0	28	26	2019	2017	-2	-2
0.0	29	26	2019	2017	-2	-3
0.0034602076124567475	0	26	2020	2017	-3	26
0.0	1	26	2020	2017	-3	25
0.0	2	26	2020	2017	-3	24
0.0	3	26	2020	2017	-3	23
0.0034602076124567475	4	26	2020	2017	-3	22
0.010380622837370242	5	26	2020	2017	-3	21
0.0	6	26	2020	2017	-3	20
0.10034602076124567	7	26	2020	2017	-3	19
0.020761245674740483	8	26	2020	2017	-3	18
0.05536332179930796	9	26	2020	2017	-3	17
0.02422145328719723	10	26	2020	2017	-3	16
0.010380622837370242	11	26	2020	2017	-3	15
0.010380622837370242	12	26	2020	2017	-3	14
0.0	13	26	2020	2017	-3	13
0.2179930795847751	14	26	2020	2017	-3	12
0.23529411764705882	15	26	2020	2017	-3	11
0.20761245674740483	16	26	2020	2017	-3	10
0.04152249134948097	17	26	2020	2017	-3	9
0.006920415224913495	18	26	2020	2017	-3	8
0.01384083044982699	19	26	2020	2017	-3	7
0.0	20	26	2020	2017	-3	6
0.02768166089965398	21	26	2020	2017	-3	5
0.0	22	26	2020	2017	-3	4
0.0034602076124567475	23	26	2020	2017	-3	3
0.006920415224913495	24	26	2020	2017	-3	2
0.0	25	26	2020	2017	-3	1
0.0	26	26	2020	2017	-3	0
0.0	27	26	2020	2017	-3	-1
0.0	28	26	2020	2017	-3	-2
0.0	29	26	2020	2017	-3	-3
0.0	0	26	2021	2017	-4	26
0.0	1	26	2021	2017	-4	25
0.0	2	26	2021	2017	-4	24
0.0	3	26	2021	2017	-4	23
0.0	4	26	2021	2017	-4	22
0.0	5	26	2021	2017	-4	21
0.0	6	26	2021	2017	-4	20
0.0	7	26	2021	2017	-4	19
0.0	8	26	2021	2017	-4	18
0.0	9	26	2021	2017	-4	17
0.0	10	26	2021	2017	-4	16
0.0	11	26	2021	2017	-4	15
0.0	12	26	2021	2017	-4	14
0.0	13	26	2021	2017	-4	13
0.5	14	26	2021	2017	-4	12
0.0	15	26	2021	2017	-4	11
0.3333333333333333	16	26	2021	2017	-4	10
0.16666666666666666	17	26	2021	2017	-4	9
0.0	18	26	2021	2017	-4	8
0.0	19	26	2021	2017	-4	7
0.0	20	26	2021	2017	-4	6
0.0	21	26	2021	2017	-4	5
0.0	22	26	2021	2017	-4	4
0.0	23	26	2021	2017	-4	3
0.0	24	26	2021	2017	-4	2
0.0	25	26	2021	2017	-4	1
0.0	26	26	2021	2017	-4	0
0.0	27	26	2021	2017	-4	-1
0.0	28	26	2021	2017	-4	-2
0.0	29	26	2021	2017	-4	-3
0.009345794392523364	0	27	2010	2017	7	27
0.018691588785046728	1	27	2010	2017	7	26
0.028037383177570093	2	27	2010	2017	7	25
0.5607476635514018	3	27	2010	2017	7	24
0.19626168224299065	4	27	2010	2017	7	23
0.06542056074766354	5	27	2010	2017	7	22
0.018691588785046728	6	27	2010	2017	7	21
0.08411214953271028	7	27	2010	2017	7	20
0.009345794392523364	8	27	2010	2017	7	19
0.0	9	27	2010	2017	7	18
0.0	10	27	2010	2017	7	17
0.0	11	27	2010	2017	7	16
0.0	12	27	2010	2017	7	15
0.0	13	27	2010	2017	7	14
0.0	14	27	2010	2017	7	13
0.0	15	27	2010	2017	7	12
0.0	16	27	2010	2017	7	11
0.0	17	27	2010	2017	7	10
0.0	18	27	2010	2017	7	9
0.0	19	27	2010	2017	7	8
0.0	20	27	2010	2017	7	7
0.0	21	27	2010	2017	7	6
0.0	22	27	2010	2017	7	5
0.0	23	27	2010	2017	7	4
0.009345794392523364	24	27	2010	2017	7	3
0.0	25	27	2010	2017	7	2
0.0	26	27	2010	2017	7	1
0.0	27	27	2010	2017	7	0
0.0	28	27	2010	2017	7	-1
0.0	29	27	2010	2017	7	-2
0.015552099533437015	0	27	2011	2017	6	27
0.00933125972006221	1	27	2011	2017	6	26
0.012441679626749611	2	27	2011	2017	6	25
0.2115085536547434	3	27	2011	2017	6	24
0.28615863141524106	4	27	2011	2017	6	23
0.041990668740279936	5	27	2011	2017	6	22
0.01088646967340591	6	27	2011	2017	6	21
0.28771384136858474	7	27	2011	2017	6	20
0.1057542768273717	8	27	2011	2017	6	19
0.004665629860031105	9	27	2011	2017	6	18
0.007776049766718507	10	27	2011	2017	6	17
0.0015552099533437014	11	27	2011	2017	6	16
0.0015552099533437014	12	27	2011	2017	6	15
0.0	13	27	2011	2017	6	14
0.003110419906687403	14	27	2011	2017	6	13
0.0	15	27	2011	2017	6	12
0.0	16	27	2011	2017	6	11
0.0	17	27	2011	2017	6	10
0.0	18	27	2011	2017	6	9
0.0	19	27	2011	2017	6	8
0.0	20	27	2011	2017	6	7
0.0	21	27	2011	2017	6	6
0.0	22	27	2011	2017	6	5
0.0	23	27	2011	2017	6	4
0.0	24	27	2011	2017	6	3
0.0	25	27	2011	2017	6	2
0.0	26	27	2011	2017	6	1
0.0	27	27	2011	2017	6	0
0.0	28	27	2011	2017	6	-1
0.0	29	27	2011	2017	6	-2
0.0	0	27	2012	2017	5	27
0.0	1	27	2012	2017	5	26
0.0	2	27	2012	2017	5	25
0.09803921568627451	3	27	2012	2017	5	24
0.13725490196078433	4	27	2012	2017	5	23
0.09803921568627451	5	27	2012	2017	5	22
0.0	6	27	2012	2017	5	21
0.27450980392156865	7	27	2012	2017	5	20
0.35294117647058826	8	27	2012	2017	5	19
0.0	9	27	2012	2017	5	18
0.0	10	27	2012	2017	5	17
0.0196078431372549	11	27	2012	2017	5	16
0.0	12	27	2012	2017	5	15
0.0	13	27	2012	2017	5	14
0.0196078431372549	14	27	2012	2017	5	13
0.0	15	27	2012	2017	5	12
0.0	16	27	2012	2017	5	11
0.0	17	27	2012	2017	5	10
0.0	18	27	2012	2017	5	9
0.0	19	27	2012	2017	5	8
0.0	20	27	2012	2017	5	7
0.0	21	27	2012	2017	5	6
0.0	22	27	2012	2017	5	5
0.0	23	27	2012	2017	5	4
0.0	24	27	2012	2017	5	3
0.0	25	27	2012	2017	5	2
0.0	26	27	2012	2017	5	1
0.0	27	27	2012	2017	5	0
0.0	28	27	2012	2017	5	-1
0.0	29	27	2012	2017	5	-2
0.0	0	27	2013	2017	4	27
0.0	1	27	2013	2017	4	26
0.0	2	27	2013	2017	4	25
0.0	3	27	2013	2017	4	24
0.06060606060606061	4	27	2013	2017	4	23
0.0	5	27	2013	2017	4	22
0.0	6	27	2013	2017	4	21
0.2727272727272727	7	27	2013	2017	4	20
0.3939393939393939	8	27	2013	2017	4	19
0.06060606060606061	9	27	2013	2017	4	18
0.09090909090909091	10	27	2013	2017	4	17
0.06060606060606061	11	27	2013	2017	4	16
0.0	12	27	2013	2017	4	15
0.0	13	27	2013	2017	4	14
0.06060606060606061	14	27	2013	2017	4	13
0.0	15	27	2013	2017	4	12
0.0	16	27	2013	2017	4	11
0.0	17	27	2013	2017	4	10
0.0	18	27	2013	2017	4	9
0.0	19	27	2013	2017	4	8
0.0	20	27	2013	2017	4	7
0.0	21	27	2013	2017	4	6
0.0	22	27	2013	2017	4	5
0.0	23	27	2013	2017	4	4
0.0	24	27	2013	2017	4	3
0.0	25	27	2013	2017	4	2
0.0	26	27	2013	2017	4	1
0.0	27	27	2013	2017	4	0
0.0	28	27	2013	2017	4	-1
0.0	29	27	2013	2017	4	-2
0.0	0	27	2014	2017	3	27
0.007142857142857143	1	27	2014	2017	3	26
0.0	2	27	2014	2017	3	25
0.014285714285714285	3	27	2014	2017	3	24
0.05714285714285714	4	27	2014	2017	3	23
0.02142857142857143	5	27	2014	2017	3	22
0.0	6	27	2014	2017	3	21
0.1357142857142857	7	27	2014	2017	3	20
0.35	8	27	2014	2017	3	19
0.1	9	27	2014	2017	3	18
0.14285714285714285	10	27	2014	2017	3	17
0.05	11	27	2014	2017	3	16
0.007142857142857143	12	27	2014	2017	3	15
0.0	13	27	2014	2017	3	14
0.07142857142857142	14	27	2014	2017	3	13
0.03571428571428571	15	27	2014	2017	3	12
0.007142857142857143	16	27	2014	2017	3	11
0.0	17	27	2014	2017	3	10
0.0	18	27	2014	2017	3	9
0.0	19	27	2014	2017	3	8
0.0	20	27	2014	2017	3	7
0.0	21	27	2014	2017	3	6
0.0	22	27	2014	2017	3	5
0.0	23	27	2014	2017	3	4
0.0	24	27	2014	2017	3	3
0.0	25	27	2014	2017	3	2
0.0	26	27	2014	2017	3	1
0.0	27	27	2014	2017	3	0
0.0	28	27	2014	2017	3	-1
0.0	29	27	2014	2017	3	-2
0.0	0	27	2015	2017	2	27
0.0	1	27	2015	2017	2	26
0.0	2	27	2015	2017	2	25
0.0	3	27	2015	2017	2	24
0.0	4	27	2015	2017	2	23
0.0	5	27	2015	2017	2	22
0.0	6	27	2015	2017	2	21
0.2222222222222222	7	27	2015	2017	2	20
0.2222222222222222	8	27	2015	2017	2	19
0.0	9	27	2015	2017	2	18
0.2222222222222222	10	27	2015	2017	2	17
0.0	11	27	2015	2017	2	16
0.0	12	27	2015	2017	2	15
0.0	13	27	2015	2017	2	14
0.2222222222222222	14	27	2015	2017	2	13
0.1111111111111111	15	27	2015	2017	2	12
0.0	16	27	2015	2017	2	11
0.0	17	27	2015	2017	2	10
0.0	18	27	2015	2017	2	9
0.0	19	27	2015	2017	2	8
0.0	20	27	2015	2017	2	7
0.0	21	27	2015	2017	2	6
0.0	22	27	2015	2017	2	5
0.0	23	27	2015	2017	2	4
0.0	24	27	2015	2017	2	3
0.0	25	27	2015	2017	2	2
0.0	26	27	2015	2017	2	1
0.0	27	27	2015	2017	2	0
0.0	28	27	2015	2017	2	-1
0.0	29	27	2015	2017	2	-2
0.0	0	27	2016	2017	1	27
0.0	1	27	2016	2017	1	26
0.0	2	27	2016	2017	1	25
0.0	3	27	2016	2017	1	24
0.0	4	27	2016	2017	1	23
0.0	5	27	2016	2017	1	22
0.0	6	27	2016	2017	1	21
0.125	7	27	2016	2017	1	20
0.0	8	27	2016	2017	1	19
0.0	9	27	2016	2017	1	18
0.125	10	27	2016	2017	1	17
0.0	11	27	2016	2017	1	16
0.0	12	27	2016	2017	1	15
0.0	13	27	2016	2017	1	14
0.25	14	27	2016	2017	1	13
0.375	15	27	2016	2017	1	12
0.125	16	27	2016	2017	1	11
0.0	17	27	2016	2017	1	10
0.0	18	27	2016	2017	1	9
0.0	19	27	2016	2017	1	8
0.0	20	27	2016	2017	1	7
0.0	21	27	2016	2017	1	6
0.0	22	27	2016	2017	1	5
0.0	23	27	2016	2017	1	4
0.0	24	27	2016	2017	1	3
0.0	25	27	2016	2017	1	2
0.0	26	27	2016	2017	1	1
0.0	27	27	2016	2017	1	0
0.0	28	27	2016	2017	1	-1
0.0	29	27	2016	2017	1	-2
0.0	0	27	2017	2017	0	27
0.0	1	27	2017	2017	0	26
0.0	2	27	2017	2017	0	25
0.0	3	27	2017	2017	0	24
0.0	4	27	2017	2017	0	23
0.0	5	27	2017	2017	0	22
0.0	6	27	2017	2017	0	21
0.0	7	27	2017	2017	0	20
0.0	8	27	2017	2017	0	19
0.4166666666666667	9	27	2017	2017	0	18
0.0	10	27	2017	2017	0	17
0.08333333333333333	11	27	2017	2017	0	16
0.0	12	27	2017	2017	0	15
0.0	13	27	2017	2017	0	14
0.16666666666666666	14	27	2017	2017	0	13
0.25	15	27	2017	2017	0	12
0.08333333333333333	16	27	2017	2017	0	11
0.0	17	27	2017	2017	0	10
0.0	18	27	2017	2017	0	9
0.0	19	27	2017	2017	0	8
0.0	20	27	2017	2017	0	7
0.0	21	27	2017	2017	0	6
0.0	22	27	2017	2017	0	5
0.0	23	27	2017	2017	0	4
0.0	24	27	2017	2017	0	3
0.0	25	27	2017	2017	0	2
0.0	26	27	2017	2017	0	1
0.0	27	27	2017	2017	0	0
0.0	28	27	2017	2017	0	-1
0.0	29	27	2017	2017	0	-2
0.015384615384615385	0	27	2018	2017	-1	27
0.0	1	27	2018	2017	-1	26
0.0	2	27	2018	2017	-1	25
0.005128205128205128	3	27	2018	2017	-1	24
0.010256410256410256	4	27	2018	2017	-1	23
0.005128205128205128	5	27	2018	2017	-1	22
0.0	6	27	2018	2017	-1	21
0.020512820512820513	7	27	2018	2017	-1	20
0.041025641025641026	8	27	2018	2017	-1	19
0.1641025641025641	9	27	2018	2017	-1	18
0.06666666666666667	10	27	2018	2017	-1	17
0.11282051282051282	11	27	2018	2017	-1	16
0.005128205128205128	12	27	2018	2017	-1	15
0.0	13	27	2018	2017	-1	14
0.15897435897435896	14	27	2018	2017	-1	13
0.2512820512820513	15	27	2018	2017	-1	12
0.11282051282051282	16	27	2018	2017	-1	11
0.005128205128205128	17	27	2018	2017	-1	10
0.0	18	27	2018	2017	-1	9
0.020512820512820513	19	27	2018	2017	-1	8
0.0	20	27	2018	2017	-1	7
0.005128205128205128	21	27	2018	2017	-1	6
0.0	22	27	2018	2017	-1	5
0.0	23	27	2018	2017	-1	4
0.0	24	27	2018	2017	-1	3
0.0	25	27	2018	2017	-1	2
0.0	26	27	2018	2017	-1	1
0.0	27	27	2018	2017	-1	0
0.0	28	27	2018	2017	-1	-1
0.0	29	27	2018	2017	-1	-2
0.0	0	27	2019	2017	-2	27
0.0	1	27	2019	2017	-2	26
0.0	2	27	2019	2017	-2	25
0.0	3	27	2019	2017	-2	24
0.0	4	27	2019	2017	-2	23
0.012345679012345678	5	27	2019	2017	-2	22
0.0	6	27	2019	2017	-2	21
0.024691358024691357	7	27	2019	2017	-2	20
0.012345679012345678	8	27	2019	2017	-2	19
0.13580246913580246	9	27	2019	2017	-2	18
0.0	10	27	2019	2017	-2	17
0.037037037037037035	11	27	2019	2017	-2	16
0.0	12	27	2019	2017	-2	15
0.037037037037037035	13	27	2019	2017	-2	14
0.1728395061728395	14	27	2019	2017	-2	13
0.13580246913580246	15	27	2019	2017	-2	12
0.25925925925925924	16	27	2019	2017	-2	11
0.04938271604938271	17	27	2019	2017	-2	10
0.012345679012345678	18	27	2019	2017	-2	9
0.037037037037037035	19	27	2019	2017	-2	8
0.0	20	27	2019	2017	-2	7
0.04938271604938271	21	27	2019	2017	-2	6
0.012345679012345678	22	27	2019	2017	-2	5
0.012345679012345678	23	27	2019	2017	-2	4
0.0	24	27	2019	2017	-2	3
0.0	25	27	2019	2017	-2	2
0.0	26	27	2019	2017	-2	1
0.0	27	27	2019	2017	-2	0
0.0	28	27	2019	2017	-2	-1
0.0	29	27	2019	2017	-2	-2
0.0034602076124567475	0	27	2020	2017	-3	27
0.0	1	27	2020	2017	-3	26
0.0	2	27	2020	2017	-3	25
0.0	3	27	2020	2017	-3	24
0.0034602076124567475	4	27	2020	2017	-3	23
0.010380622837370242	5	27	2020	2017	-3	22
0.0	6	27	2020	2017	-3	21
0.10034602076124567	7	27	2020	2017	-3	20
0.020761245674740483	8	27	2020	2017	-3	19
0.05536332179930796	9	27	2020	2017	-3	18
0.02422145328719723	10	27	2020	2017	-3	17
0.010380622837370242	11	27	2020	2017	-3	16
0.010380622837370242	12	27	2020	2017	-3	15
0.0	13	27	2020	2017	-3	14
0.2179930795847751	14	27	2020	2017	-3	13
0.23529411764705882	15	27	2020	2017	-3	12
0.20761245674740483	16	27	2020	2017	-3	11
0.04152249134948097	17	27	2020	2017	-3	10
0.006920415224913495	18	27	2020	2017	-3	9
0.01384083044982699	19	27	2020	2017	-3	8
0.0	20	27	2020	2017	-3	7
0.02768166089965398	21	27	2020	2017	-3	6
0.0	22	27	2020	2017	-3	5
0.0034602076124567475	23	27	2020	2017	-3	4
0.006920415224913495	24	27	2020	2017	-3	3
0.0	25	27	2020	2017	-3	2
0.0	26	27	2020	2017	-3	1
0.0	27	27	2020	2017	-3	0
0.0	28	27	2020	2017	-3	-1
0.0	29	27	2020	2017	-3	-2
0.0	0	27	2021	2017	-4	27
0.0	1	27	2021	2017	-4	26
0.0	2	27	2021	2017	-4	25
0.0	3	27	2021	2017	-4	24
0.0	4	27	2021	2017	-4	23
0.0	5	27	2021	2017	-4	22
0.0	6	27	2021	2017	-4	21
0.0	7	27	2021	2017	-4	20
0.0	8	27	2021	2017	-4	19
0.0	9	27	2021	2017	-4	18
0.0	10	27	2021	2017	-4	17
0.0	11	27	2021	2017	-4	16
0.0	12	27	2021	2017	-4	15
0.0	13	27	2021	2017	-4	14
0.5	14	27	2021	2017	-4	13
0.0	15	27	2021	2017	-4	12
0.3333333333333333	16	27	2021	2017	-4	11
0.16666666666666666	17	27	2021	2017	-4	10
0.0	18	27	2021	2017	-4	9
0.0	19	27	2021	2017	-4	8
0.0	20	27	2021	2017	-4	7
0.0	21	27	2021	2017	-4	6
0.0	22	27	2021	2017	-4	5
0.0	23	27	2021	2017	-4	4
0.0	24	27	2021	2017	-4	3
0.0	25	27	2021	2017	-4	2
0.0	26	27	2021	2017	-4	1
0.0	27	27	2021	2017	-4	0
0.0	28	27	2021	2017	-4	-1
0.0	29	27	2021	2017	-4	-2
0.009345794392523364	0	28	2010	2018	8	28
0.018691588785046728	1	28	2010	2018	8	27
0.028037383177570093	2	28	2010	2018	8	26
0.5607476635514018	3	28	2010	2018	8	25
0.19626168224299065	4	28	2010	2018	8	24
0.06542056074766354	5	28	2010	2018	8	23
0.018691588785046728	6	28	2010	2018	8	22
0.08411214953271028	7	28	2010	2018	8	21
0.009345794392523364	8	28	2010	2018	8	20
0.0	9	28	2010	2018	8	19
0.0	10	28	2010	2018	8	18
0.0	11	28	2010	2018	8	17
0.0	12	28	2010	2018	8	16
0.0	13	28	2010	2018	8	15
0.0	14	28	2010	2018	8	14
0.0	15	28	2010	2018	8	13
0.0	16	28	2010	2018	8	12
0.0	17	28	2010	2018	8	11
0.0	18	28	2010	2018	8	10
0.0	19	28	2010	2018	8	9
0.0	20	28	2010	2018	8	8
0.0	21	28	2010	2018	8	7
0.0	22	28	2010	2018	8	6
0.0	23	28	2010	2018	8	5
0.009345794392523364	24	28	2010	2018	8	4
0.0	25	28	2010	2018	8	3
0.0	26	28	2010	2018	8	2
0.0	27	28	2010	2018	8	1
0.0	28	28	2010	2018	8	0
0.0	29	28	2010	2018	8	-1
0.015552099533437015	0	28	2011	2018	7	28
0.00933125972006221	1	28	2011	2018	7	27
0.012441679626749611	2	28	2011	2018	7	26
0.2115085536547434	3	28	2011	2018	7	25
0.28615863141524106	4	28	2011	2018	7	24
0.041990668740279936	5	28	2011	2018	7	23
0.01088646967340591	6	28	2011	2018	7	22
0.28771384136858474	7	28	2011	2018	7	21
0.1057542768273717	8	28	2011	2018	7	20
0.004665629860031105	9	28	2011	2018	7	19
0.007776049766718507	10	28	2011	2018	7	18
0.0015552099533437014	11	28	2011	2018	7	17
0.0015552099533437014	12	28	2011	2018	7	16
0.0	13	28	2011	2018	7	15
0.003110419906687403	14	28	2011	2018	7	14
0.0	15	28	2011	2018	7	13
0.0	16	28	2011	2018	7	12
0.0	17	28	2011	2018	7	11
0.0	18	28	2011	2018	7	10
0.0	19	28	2011	2018	7	9
0.0	20	28	2011	2018	7	8
0.0	21	28	2011	2018	7	7
0.0	22	28	2011	2018	7	6
0.0	23	28	2011	2018	7	5
0.0	24	28	2011	2018	7	4
0.0	25	28	2011	2018	7	3
0.0	26	28	2011	2018	7	2
0.0	27	28	2011	2018	7	1
0.0	28	28	2011	2018	7	0
0.0	29	28	2011	2018	7	-1
0.0	0	28	2012	2018	6	28
0.0	1	28	2012	2018	6	27
0.0	2	28	2012	2018	6	26
0.09803921568627451	3	28	2012	2018	6	25
0.13725490196078433	4	28	2012	2018	6	24
0.09803921568627451	5	28	2012	2018	6	23
0.0	6	28	2012	2018	6	22
0.27450980392156865	7	28	2012	2018	6	21
0.35294117647058826	8	28	2012	2018	6	20
0.0	9	28	2012	2018	6	19
0.0	10	28	2012	2018	6	18
0.0196078431372549	11	28	2012	2018	6	17
0.0	12	28	2012	2018	6	16
0.0	13	28	2012	2018	6	15
0.0196078431372549	14	28	2012	2018	6	14
0.0	15	28	2012	2018	6	13
0.0	16	28	2012	2018	6	12
0.0	17	28	2012	2018	6	11
0.0	18	28	2012	2018	6	10
0.0	19	28	2012	2018	6	9
0.0	20	28	2012	2018	6	8
0.0	21	28	2012	2018	6	7
0.0	22	28	2012	2018	6	6
0.0	23	28	2012	2018	6	5
0.0	24	28	2012	2018	6	4
0.0	25	28	2012	2018	6	3
0.0	26	28	2012	2018	6	2
0.0	27	28	2012	2018	6	1
0.0	28	28	2012	2018	6	0
0.0	29	28	2012	2018	6	-1
0.0	0	28	2013	2018	5	28
0.0	1	28	2013	2018	5	27
0.0	2	28	2013	2018	5	26
0.0	3	28	2013	2018	5	25
0.06060606060606061	4	28	2013	2018	5	24
0.0	5	28	2013	2018	5	23
0.0	6	28	2013	2018	5	22
0.2727272727272727	7	28	2013	2018	5	21
0.3939393939393939	8	28	2013	2018	5	20
0.06060606060606061	9	28	2013	2018	5	19
0.09090909090909091	10	28	2013	2018	5	18
0.06060606060606061	11	28	2013	2018	5	17
0.0	12	28	2013	2018	5	16
0.0	13	28	2013	2018	5	15
0.06060606060606061	14	28	2013	2018	5	14
0.0	15	28	2013	2018	5	13
0.0	16	28	2013	2018	5	12
0.0	17	28	2013	2018	5	11
0.0	18	28	2013	2018	5	10
0.0	19	28	2013	2018	5	9
0.0	20	28	2013	2018	5	8
0.0	21	28	2013	2018	5	7
0.0	22	28	2013	2018	5	6
0.0	23	28	2013	2018	5	5
0.0	24	28	2013	2018	5	4
0.0	25	28	2013	2018	5	3
0.0	26	28	2013	2018	5	2
0.0	27	28	2013	2018	5	1
0.0	28	28	2013	2018	5	0
0.0	29	28	2013	2018	5	-1
0.0	0	28	2014	2018	4	28
0.007142857142857143	1	28	2014	2018	4	27
0.0	2	28	2014	2018	4	26
0.014285714285714285	3	28	2014	2018	4	25
0.05714285714285714	4	28	2014	2018	4	24
0.02142857142857143	5	28	2014	2018	4	23
0.0	6	28	2014	2018	4	22
0.1357142857142857	7	28	2014	2018	4	21
0.35	8	28	2014	2018	4	20
0.1	9	28	2014	2018	4	19
0.14285714285714285	10	28	2014	2018	4	18
0.05	11	28	2014	2018	4	17
0.007142857142857143	12	28	2014	2018	4	16
0.0	13	28	2014	2018	4	15
0.07142857142857142	14	28	2014	2018	4	14
0.03571428571428571	15	28	2014	2018	4	13
0.007142857142857143	16	28	2014	2018	4	12
0.0	17	28	2014	2018	4	11
0.0	18	28	2014	2018	4	10
0.0	19	28	2014	2018	4	9
0.0	20	28	2014	2018	4	8
0.0	21	28	2014	2018	4	7
0.0	22	28	2014	2018	4	6
0.0	23	28	2014	2018	4	5
0.0	24	28	2014	2018	4	4
0.0	25	28	2014	2018	4	3
0.0	26	28	2014	2018	4	2
0.0	27	28	2014	2018	4	1
0.0	28	28	2014	2018	4	0
0.0	29	28	2014	2018	4	-1
0.0	0	28	2015	2018	3	28
0.0	1	28	2015	2018	3	27
0.0	2	28	2015	2018	3	26
0.0	3	28	2015	2018	3	25
0.0	4	28	2015	2018	3	24
0.0	5	28	2015	2018	3	23
0.0	6	28	2015	2018	3	22
0.2222222222222222	7	28	2015	2018	3	21
0.2222222222222222	8	28	2015	2018	3	20
0.0	9	28	2015	2018	3	19
0.2222222222222222	10	28	2015	2018	3	18
0.0	11	28	2015	2018	3	17
0.0	12	28	2015	2018	3	16
0.0	13	28	2015	2018	3	15
0.2222222222222222	14	28	2015	2018	3	14
0.1111111111111111	15	28	2015	2018	3	13
0.0	16	28	2015	2018	3	12
0.0	17	28	2015	2018	3	11
0.0	18	28	2015	2018	3	10
0.0	19	28	2015	2018	3	9
0.0	20	28	2015	2018	3	8
0.0	21	28	2015	2018	3	7
0.0	22	28	2015	2018	3	6
0.0	23	28	2015	2018	3	5
0.0	24	28	2015	2018	3	4
0.0	25	28	2015	2018	3	3
0.0	26	28	2015	2018	3	2
0.0	27	28	2015	2018	3	1
0.0	28	28	2015	2018	3	0
0.0	29	28	2015	2018	3	-1
0.0	0	28	2016	2018	2	28
0.0	1	28	2016	2018	2	27
0.0	2	28	2016	2018	2	26
0.0	3	28	2016	2018	2	25
0.0	4	28	2016	2018	2	24
0.0	5	28	2016	2018	2	23
0.0	6	28	2016	2018	2	22
0.125	7	28	2016	2018	2	21
0.0	8	28	2016	2018	2	20
0.0	9	28	2016	2018	2	19
0.125	10	28	2016	2018	2	18
0.0	11	28	2016	2018	2	17
0.0	12	28	2016	2018	2	16
0.0	13	28	2016	2018	2	15
0.25	14	28	2016	2018	2	14
0.375	15	28	2016	2018	2	13
0.125	16	28	2016	2018	2	12
0.0	17	28	2016	2018	2	11
0.0	18	28	2016	2018	2	10
0.0	19	28	2016	2018	2	9
0.0	20	28	2016	2018	2	8
0.0	21	28	2016	2018	2	7
0.0	22	28	2016	2018	2	6
0.0	23	28	2016	2018	2	5
0.0	24	28	2016	2018	2	4
0.0	25	28	2016	2018	2	3
0.0	26	28	2016	2018	2	2
0.0	27	28	2016	2018	2	1
0.0	28	28	2016	2018	2	0
0.0	29	28	2016	2018	2	-1
0.0	0	28	2017	2018	1	28
0.0	1	28	2017	2018	1	27
0.0	2	28	2017	2018	1	26
0.0	3	28	2017	2018	1	25
0.0	4	28	2017	2018	1	24
0.0	5	28	2017	2018	1	23
0.0	6	28	2017	2018	1	22
0.0	7	28	2017	2018	1	21
0.0	8	28	2017	2018	1	20
0.4166666666666667	9	28	2017	2018	1	19
0.0	10	28	2017	2018	1	18
0.08333333333333333	11	28	2017	2018	1	17
0.0	12	28	2017	2018	1	16
0.0	13	28	2017	2018	1	15
0.16666666666666666	14	28	2017	2018	1	14
0.25	15	28	2017	2018	1	13
0.08333333333333333	16	28	2017	2018	1	12
0.0	17	28	2017	2018	1	11
0.0	18	28	2017	2018	1	10
0.0	19	28	2017	2018	1	9
0.0	20	28	2017	2018	1	8
0.0	21	28	2017	2018	1	7
0.0	22	28	2017	2018	1	6
0.0	23	28	2017	2018	1	5
0.0	24	28	2017	2018	1	4
0.0	25	28	2017	2018	1	3
0.0	26	28	2017	2018	1	2
0.0	27	28	2017	2018	1	1
0.0	28	28	2017	2018	1	0
0.0	29	28	2017	2018	1	-1
0.015384615384615385	0	28	2018	2018	0	28
0.0	1	28	2018	2018	0	27
0.0	2	28	2018	2018	0	26
0.005128205128205128	3	28	2018	2018	0	25
0.010256410256410256	4	28	2018	2018	0	24
0.005128205128205128	5	28	2018	2018	0	23
0.0	6	28	2018	2018	0	22
0.020512820512820513	7	28	2018	2018	0	21
0.041025641025641026	8	28	2018	2018	0	20
0.1641025641025641	9	28	2018	2018	0	19
0.06666666666666667	10	28	2018	2018	0	18
0.11282051282051282	11	28	2018	2018	0	17
0.005128205128205128	12	28	2018	2018	0	16
0.0	13	28	2018	2018	0	15
0.15897435897435896	14	28	2018	2018	0	14
0.2512820512820513	15	28	2018	2018	0	13
0.11282051282051282	16	28	2018	2018	0	12
0.005128205128205128	17	28	2018	2018	0	11
0.0	18	28	2018	2018	0	10
0.020512820512820513	19	28	2018	2018	0	9
0.0	20	28	2018	2018	0	8
0.005128205128205128	21	28	2018	2018	0	7
0.0	22	28	2018	2018	0	6
0.0	23	28	2018	2018	0	5
0.0	24	28	2018	2018	0	4
0.0	25	28	2018	2018	0	3
0.0	26	28	2018	2018	0	2
0.0	27	28	2018	2018	0	1
0.0	28	28	2018	2018	0	0
0.0	29	28	2018	2018	0	-1
0.0	0	28	2019	2018	-1	28
0.0	1	28	2019	2018	-1	27
0.0	2	28	2019	2018	-1	26
0.0	3	28	2019	2018	-1	25
0.0	4	28	2019	2018	-1	24
0.012345679012345678	5	28	2019	2018	-1	23
0.0	6	28	2019	2018	-1	22
0.024691358024691357	7	28	2019	2018	-1	21
0.012345679012345678	8	28	2019	2018	-1	20
0.13580246913580246	9	28	2019	2018	-1	19
0.0	10	28	2019	2018	-1	18
0.037037037037037035	11	28	2019	2018	-1	17
0.0	12	28	2019	2018	-1	16
0.037037037037037035	13	28	2019	2018	-1	15
0.1728395061728395	14	28	2019	2018	-1	14
0.13580246913580246	15	28	2019	2018	-1	13
0.25925925925925924	16	28	2019	2018	-1	12
0.04938271604938271	17	28	2019	2018	-1	11
0.012345679012345678	18	28	2019	2018	-1	10
0.037037037037037035	19	28	2019	2018	-1	9
0.0	20	28	2019	2018	-1	8
0.04938271604938271	21	28	2019	2018	-1	7
0.012345679012345678	22	28	2019	2018	-1	6
0.012345679012345678	23	28	2019	2018	-1	5
0.0	24	28	2019	2018	-1	4
0.0	25	28	2019	2018	-1	3
0.0	26	28	2019	2018	-1	2
0.0	27	28	2019	2018	-1	1
0.0	28	28	2019	2018	-1	0
0.0	29	28	2019	2018	-1	-1
0.0034602076124567475	0	28	2020	2018	-2	28
0.0	1	28	2020	2018	-2	27
0.0	2	28	2020	2018	-2	26
0.0	3	28	2020	2018	-2	25
0.0034602076124567475	4	28	2020	2018	-2	24
0.010380622837370242	5	28	2020	2018	-2	23
0.0	6	28	2020	2018	-2	22
0.10034602076124567	7	28	2020	2018	-2	21
0.020761245674740483	8	28	2020	2018	-2	20
0.05536332179930796	9	28	2020	2018	-2	19
0.02422145328719723	10	28	2020	2018	-2	18
0.010380622837370242	11	28	2020	2018	-2	17
0.010380622837370242	12	28	2020	2018	-2	16
0.0	13	28	2020	2018	-2	15
0.2179930795847751	14	28	2020	2018	-2	14
0.23529411764705882	15	28	2020	2018	-2	13
0.20761245674740483	16	28	2020	2018	-2	12
0.04152249134948097	17	28	2020	2018	-2	11
0.006920415224913495	18	28	2020	2018	-2	10
0.01384083044982699	19	28	2020	2018	-2	9
0.0	20	28	2020	2018	-2	8
0.02768166089965398	21	28	2020	2018	-2	7
0.0	22	28	2020	2018	-2	6
0.0034602076124567475	23	28	2020	2018	-2	5
0.006920415224913495	24	28	2020	2018	-2	4
0.0	25	28	2020	2018	-2	3
0.0	26	28	2020	2018	-2	2
0.0	27	28	2020	2018	-2	1
0.0	28	28	2020	2018	-2	0
0.0	29	28	2020	2018	-2	-1
0.0	0	28	2021	2018	-3	28
0.0	1	28	2021	2018	-3	27
0.0	2	28	2021	2018	-3	26
0.0	3	28	2021	2018	-3	25
0.0	4	28	2021	2018	-3	24
0.0	5	28	2021	2018	-3	23
0.0	6	28	2021	2018	-3	22
0.0	7	28	2021	2018	-3	21
0.0	8	28	2021	2018	-3	20
0.0	9	28	2021	2018	-3	19
0.0	10	28	2021	2018	-3	18
0.0	11	28	2021	2018	-3	17
0.0	12	28	2021	2018	-3	16
0.0	13	28	2021	2018	-3	15
0.5	14	28	2021	2018	-3	14
0.0	15	28	2021	2018	-3	13
0.3333333333333333	16	28	2021	2018	-3	12
0.16666666666666666	17	28	2021	2018	-3	11
0.0	18	28	2021	2018	-3	10
0.0	19	28	2021	2018	-3	9
0.0	20	28	2021	2018	-3	8
0.0	21	28	2021	2018	-3	7
0.0	22	28	2021	2018	-3	6
0.0	23	28	2021	2018	-3	5
0.0	24	28	2021	2018	-3	4
0.0	25	28	2021	2018	-3	3
0.0	26	28	2021	2018	-3	2
0.0	27	28	2021	2018	-3	1
0.0	28	28	2021	2018	-3	0
0.0	29	28	2021	2018	-3	-1
0.009345794392523364	0	29	2010	2019	9	29
0.018691588785046728	1	29	2010	2019	9	28
0.028037383177570093	2	29	2010	2019	9	27
0.5607476635514018	3	29	2010	2019	9	26
0.19626168224299065	4	29	2010	2019	9	25
0.06542056074766354	5	29	2010	2019	9	24
0.018691588785046728	6	29	2010	2019	9	23
0.08411214953271028	7	29	2010	2019	9	22
0.009345794392523364	8	29	2010	2019	9	21
0.0	9	29	2010	2019	9	20
0.0	10	29	2010	2019	9	19
0.0	11	29	2010	2019	9	18
0.0	12	29	2010	2019	9	17
0.0	13	29	2010	2019	9	16
0.0	14	29	2010	2019	9	15
0.0	15	29	2010	2019	9	14
0.0	16	29	2010	2019	9	13
0.0	17	29	2010	2019	9	12
0.0	18	29	2010	2019	9	11
0.0	19	29	2010	2019	9	10
0.0	20	29	2010	2019	9	9
0.0	21	29	2010	2019	9	8
0.0	22	29	2010	2019	9	7
0.0	23	29	2010	2019	9	6
0.009345794392523364	24	29	2010	2019	9	5
0.0	25	29	2010	2019	9	4
0.0	26	29	2010	2019	9	3
0.0	27	29	2010	2019	9	2
0.0	28	29	2010	2019	9	1
0.0	29	29	2010	2019	9	0
0.015552099533437015	0	29	2011	2019	8	29
0.00933125972006221	1	29	2011	2019	8	28
0.012441679626749611	2	29	2011	2019	8	27
0.2115085536547434	3	29	2011	2019	8	26
0.28615863141524106	4	29	2011	2019	8	25
0.041990668740279936	5	29	2011	2019	8	24
0.01088646967340591	6	29	2011	2019	8	23
0.28771384136858474	7	29	2011	2019	8	22
0.1057542768273717	8	29	2011	2019	8	21
0.004665629860031105	9	29	2011	2019	8	20
0.007776049766718507	10	29	2011	2019	8	19
0.0015552099533437014	11	29	2011	2019	8	18
0.0015552099533437014	12	29	2011	2019	8	17
0.0	13	29	2011	2019	8	16
0.003110419906687403	14	29	2011	2019	8	15
0.0	15	29	2011	2019	8	14
0.0	16	29	2011	2019	8	13
0.0	17	29	2011	2019	8	12
0.0	18	29	2011	2019	8	11
0.0	19	29	2011	2019	8	10
0.0	20	29	2011	2019	8	9
0.0	21	29	2011	2019	8	8
0.0	22	29	2011	2019	8	7
0.0	23	29	2011	2019	8	6
0.0	24	29	2011	2019	8	5
0.0	25	29	2011	2019	8	4
0.0	26	29	2011	2019	8	3
0.0	27	29	2011	2019	8	2
0.0	28	29	2011	2019	8	1
0.0	29	29	2011	2019	8	0
0.0	0	29	2012	2019	7	29
0.0	1	29	2012	2019	7	28
0.0	2	29	2012	2019	7	27
0.09803921568627451	3	29	2012	2019	7	26
0.13725490196078433	4	29	2012	2019	7	25
0.09803921568627451	5	29	2012	2019	7	24
0.0	6	29	2012	2019	7	23
0.27450980392156865	7	29	2012	2019	7	22
0.35294117647058826	8	29	2012	2019	7	21
0.0	9	29	2012	2019	7	20
0.0	10	29	2012	2019	7	19
0.0196078431372549	11	29	2012	2019	7	18
0.0	12	29	2012	2019	7	17
0.0	13	29	2012	2019	7	16
0.0196078431372549	14	29	2012	2019	7	15
0.0	15	29	2012	2019	7	14
0.0	16	29	2012	2019	7	13
0.0	17	29	2012	2019	7	12
0.0	18	29	2012	2019	7	11
0.0	19	29	2012	2019	7	10
0.0	20	29	2012	2019	7	9
0.0	21	29	2012	2019	7	8
0.0	22	29	2012	2019	7	7
0.0	23	29	2012	2019	7	6
0.0	24	29	2012	2019	7	5
0.0	25	29	2012	2019	7	4
0.0	26	29	2012	2019	7	3
0.0	27	29	2012	2019	7	2
0.0	28	29	2012	2019	7	1
0.0	29	29	2012	2019	7	0
0.0	0	29	2013	2019	6	29
0.0	1	29	2013	2019	6	28
0.0	2	29	2013	2019	6	27
0.0	3	29	2013	2019	6	26
0.06060606060606061	4	29	2013	2019	6	25
0.0	5	29	2013	2019	6	24
0.0	6	29	2013	2019	6	23
0.2727272727272727	7	29	2013	2019	6	22
0.3939393939393939	8	29	2013	2019	6	21
0.06060606060606061	9	29	2013	2019	6	20
0.09090909090909091	10	29	2013	2019	6	19
0.06060606060606061	11	29	2013	2019	6	18
0.0	12	29	2013	2019	6	17
0.0	13	29	2013	2019	6	16
0.06060606060606061	14	29	2013	2019	6	15
0.0	15	29	2013	2019	6	14
0.0	16	29	2013	2019	6	13
0.0	17	29	2013	2019	6	12
0.0	18	29	2013	2019	6	11
0.0	19	29	2013	2019	6	10
0.0	20	29	2013	2019	6	9
0.0	21	29	2013	2019	6	8
0.0	22	29	2013	2019	6	7
0.0	23	29	2013	2019	6	6
0.0	24	29	2013	2019	6	5
0.0	25	29	2013	2019	6	4
0.0	26	29	2013	2019	6	3
0.0	27	29	2013	2019	6	2
0.0	28	29	2013	2019	6	1
0.0	29	29	2013	2019	6	0
0.0	0	29	2014	2019	5	29
0.007142857142857143	1	29	2014	2019	5	28
0.0	2	29	2014	2019	5	27
0.014285714285714285	3	29	2014	2019	5	26
0.05714285714285714	4	29	2014	2019	5	25
0.02142857142857143	5	29	2014	2019	5	24
0.0	6	29	2014	2019	5	23
0.1357142857142857	7	29	2014	2019	5	22
0.35	8	29	2014	2019	5	21
0.1	9	29	2014	2019	5	20
0.14285714285714285	10	29	2014	2019	5	19
0.05	11	29	2014	2019	5	18
0.007142857142857143	12	29	2014	2019	5	17
0.0	13	29	2014	2019	5	16
0.07142857142857142	14	29	2014	2019	5	15
0.03571428571428571	15	29	2014	2019	5	14
0.007142857142857143	16	29	2014	2019	5	13
0.0	17	29	2014	2019	5	12
0.0	18	29	2014	2019	5	11
0.0	19	29	2014	2019	5	10
0.0	20	29	2014	2019	5	9
0.0	21	29	2014	2019	5	8
0.0	22	29	2014	2019	5	7
0.0	23	29	2014	2019	5	6
0.0	24	29	2014	2019	5	5
0.0	25	29	2014	2019	5	4
0.0	26	29	2014	2019	5	3
0.0	27	29	2014	2019	5	2
0.0	28	29	2014	2019	5	1
0.0	29	29	2014	2019	5	0
0.0	0	29	2015	2019	4	29
0.0	1	29	2015	2019	4	28
0.0	2	29	2015	2019	4	27
0.0	3	29	2015	2019	4	26
0.0	4	29	2015	2019	4	25
0.0	5	29	2015	2019	4	24
0.0	6	29	2015	2019	4	23
0.2222222222222222	7	29	2015	2019	4	22
0.2222222222222222	8	29	2015	2019	4	21
0.0	9	29	2015	2019	4	20
0.2222222222222222	10	29	2015	2019	4	19
0.0	11	29	2015	2019	4	18
0.0	12	29	2015	2019	4	17
0.0	13	29	2015	2019	4	16
0.2222222222222222	14	29	2015	2019	4	15
0.1111111111111111	15	29	2015	2019	4	14
0.0	16	29	2015	2019	4	13
0.0	17	29	2015	2019	4	12
0.0	18	29	2015	2019	4	11
0.0	19	29	2015	2019	4	10
0.0	20	29	2015	2019	4	9
0.0	21	29	2015	2019	4	8
0.0	22	29	2015	2019	4	7
0.0	23	29	2015	2019	4	6
0.0	24	29	2015	2019	4	5
0.0	25	29	2015	2019	4	4
0.0	26	29	2015	2019	4	3
0.0	27	29	2015	2019	4	2
0.0	28	29	2015	2019	4	1
0.0	29	29	2015	2019	4	0
0.0	0	29	2016	2019	3	29
0.0	1	29	2016	2019	3	28
0.0	2	29	2016	2019	3	27
0.0	3	29	2016	2019	3	26
0.0	4	29	2016	2019	3	25
0.0	5	29	2016	2019	3	24
0.0	6	29	2016	2019	3	23
0.125	7	29	2016	2019	3	22
0.0	8	29	2016	2019	3	21
0.0	9	29	2016	2019	3	20
0.125	10	29	2016	2019	3	19
0.0	11	29	2016	2019	3	18
0.0	12	29	2016	2019	3	17
0.0	13	29	2016	2019	3	16
0.25	14	29	2016	2019	3	15
0.375	15	29	2016	2019	3	14
0.125	16	29	2016	2019	3	13
0.0	17	29	2016	2019	3	12
0.0	18	29	2016	2019	3	11
0.0	19	29	2016	2019	3	10
0.0	20	29	2016	2019	3	9
0.0	21	29	2016	2019	3	8
0.0	22	29	2016	2019	3	7
0.0	23	29	2016	2019	3	6
0.0	24	29	2016	2019	3	5
0.0	25	29	2016	2019	3	4
0.0	26	29	2016	2019	3	3
0.0	27	29	2016	2019	3	2
0.0	28	29	2016	2019	3	1
0.0	29	29	2016	2019	3	0
0.0	0	29	2017	2019	2	29
0.0	1	29	2017	2019	2	28
0.0	2	29	2017	2019	2	27
0.0	3	29	2017	2019	2	26
0.0	4	29	2017	2019	2	25
0.0	5	29	2017	2019	2	24
0.0	6	29	2017	2019	2	23
0.0	7	29	2017	2019	2	22
0.0	8	29	2017	2019	2	21
0.4166666666666667	9	29	2017	2019	2	20
0.0	10	29	2017	2019	2	19
0.08333333333333333	11	29	2017	2019	2	18
0.0	12	29	2017	2019	2	17
0.0	13	29	2017	2019	2	16
0.16666666666666666	14	29	2017	2019	2	15
0.25	15	29	2017	2019	2	14
0.08333333333333333	16	29	2017	2019	2	13
0.0	17	29	2017	2019	2	12
0.0	18	29	2017	2019	2	11
0.0	19	29	2017	2019	2	10
0.0	20	29	2017	2019	2	9
0.0	21	29	2017	2019	2	8
0.0	22	29	2017	2019	2	7
0.0	23	29	2017	2019	2	6
0.0	24	29	2017	2019	2	5
0.0	25	29	2017	2019	2	4
0.0	26	29	2017	2019	2	3
0.0	27	29	2017	2019	2	2
0.0	28	29	2017	2019	2	1
0.0	29	29	2017	2019	2	0
0.015384615384615385	0	29	2018	2019	1	29
0.0	1	29	2018	2019	1	28
0.0	2	29	2018	2019	1	27
0.005128205128205128	3	29	2018	2019	1	26
0.010256410256410256	4	29	2018	2019	1	25
0.005128205128205128	5	29	2018	2019	1	24
0.0	6	29	2018	2019	1	23
0.020512820512820513	7	29	2018	2019	1	22
0.041025641025641026	8	29	2018	2019	1	21
0.1641025641025641	9	29	2018	2019	1	20
0.06666666666666667	10	29	2018	2019	1	19
0.11282051282051282	11	29	2018	2019	1	18
0.005128205128205128	12	29	2018	2019	1	17
0.0	13	29	2018	2019	1	16
0.15897435897435896	14	29	2018	2019	1	15
0.2512820512820513	15	29	2018	2019	1	14
0.11282051282051282	16	29	2018	2019	1	13
0.005128205128205128	17	29	2018	2019	1	12
0.0	18	29	2018	2019	1	11
0.020512820512820513	19	29	2018	2019	1	10
0.0	20	29	2018	2019	1	9
0.005128205128205128	21	29	2018	2019	1	8
0.0	22	29	2018	2019	1	7
0.0	23	29	2018	2019	1	6
0.0	24	29	2018	2019	1	5
0.0	25	29	2018	2019	1	4
0.0	26	29	2018	2019	1	3
0.0	27	29	2018	2019	1	2
0.0	28	29	2018	2019	1	1
0.0	29	29	2018	2019	1	0
0.0	0	29	2019	2019	0	29
0.0	1	29	2019	2019	0	28
0.0	2	29	2019	2019	0	27
0.0	3	29	2019	2019	0	26
0.0	4	29	2019	2019	0	25
0.012345679012345678	5	29	2019	2019	0	24
0.0	6	29	2019	2019	0	23
0.024691358024691357	7	29	2019	2019	0	22
0.012345679012345678	8	29	2019	2019	0	21
0.13580246913580246	9	29	2019	2019	0	20
0.0	10	29	2019	2019	0	19
0.037037037037037035	11	29	2019	2019	0	18
0.0	12	29	2019	2019	0	17
0.037037037037037035	13	29	2019	2019	0	16
0.1728395061728395	14	29	2019	2019	0	15
0.13580246913580246	15	29	2019	2019	0	14
0.25925925925925924	16	29	2019	2019	0	13
0.04938271604938271	17	29	2019	2019	0	12
0.012345679012345678	18	29	2019	2019	0	11
0.037037037037037035	19	29	2019	2019	0	10
0.0	20	29	2019	2019	0	9
0.04938271604938271	21	29	2019	2019	0	8
0.012345679012345678	22	29	2019	2019	0	7
0.012345679012345678	23	29	2019	2019	0	6
0.0	24	29	2019	2019	0	5
0.0	25	29	2019	2019	0	4
0.0	26	29	2019	2019	0	3
0.0	27	29	2019	2019	0	2
0.0	28	29	2019	2019	0	1
0.0	29	29	2019	2019	0	0
0.0034602076124567475	0	29	2020	2019	-1	29
0.0	1	29	2020	2019	-1	28
0.0	2	29	2020	2019	-1	27
0.0	3	29	2020	2019	-1	26
0.0034602076124567475	4	29	2020	2019	-1	25
0.010380622837370242	5	29	2020	2019	-1	24
0.0	6	29	2020	2019	-1	23
0.10034602076124567	7	29	2020	2019	-1	22
0.020761245674740483	8	29	2020	2019	-1	21
0.05536332179930796	9	29	2020	2019	-1	20
0.02422145328719723	10	29	2020	2019	-1	19
0.010380622837370242	11	29	2020	2019	-1	18
0.010380622837370242	12	29	2020	2019	-1	17
0.0	13	29	2020	2019	-1	16
0.2179930795847751	14	29	2020	2019	-1	15
0.23529411764705882	15	29	2020	2019	-1	14
0.20761245674740483	16	29	2020	2019	-1	13
0.04152249134948097	17	29	2020	2019	-1	12
0.006920415224913495	18	29	2020	2019	-1	11
0.01384083044982699	19	29	2020	2019	-1	10
0.0	20	29	2020	2019	-1	9
0.02768166089965398	21	29	2020	2019	-1	8
0.0	22	29	2020	2019	-1	7
0.0034602076124567475	23	29	2020	2019	-1	6
0.006920415224913495	24	29	2020	2019	-1	5
0.0	25	29	2020	2019	-1	4
0.0	26	29	2020	2019	-1	3
0.0	27	29	2020	2019	-1	2
0.0	28	29	2020	2019	-1	1
0.0	29	29	2020	2019	-1	0
0.0	0	29	2021	2019	-2	29
0.0	1	29	2021	2019	-2	28
0.0	2	29	2021	2019	-2	27
0.0	3	29	2021	2019	-2	26
0.0	4	29	2021	2019	-2	25
0.0	5	29	2021	2019	-2	24
0.0	6	29	2021	2019	-2	23
0.0	7	29	2021	2019	-2	22
0.0	8	29	2021	2019	-2	21
0.0	9	29	2021	2019	-2	20
0.0	10	29	2021	2019	-2	19
0.0	11	29	2021	2019	-2	18
0.0	12	29	2021	2019	-2	17
0.0	13	29	2021	2019	-2	16
0.5	14	29	2021	2019	-2	15
0.0	15	29	2021	2019	-2	14
0.3333333333333333	16	29	2021	2019	-2	13
0.16666666666666666	17	29	2021	2019	-2	12
0.0	18	29	2021	2019	-2	11
0.0	19	29	2021	2019	-2	10
0.0	20	29	2021	2019	-2	9
0.0	21	29	2021	2019	-2	8
0.0	22	29	2021	2019	-2	7
0.0	23	29	2021	2019	-2	6
0.0	24	29	2021	2019	-2	5
0.0	25	29	2021	2019	-2	4
0.0	26	29	2021	2019	-2	3
0.0	27	29	2021	2019	-2	2
0.0	28	29	2021	2019	-2	1
0.0	29	29	2021	2019	-2	0
